Part Title,Brand,Manufacturer,Category,Part Type,Condition,Quality Tier,Part Source,Price,Currency,Seller SKU,eBay Item ID,OEM Part Numbers,MPN,Position,Vehicle System,Listing URL,Quantity,Fitment Status,Donor Year,Donor Make,Donor Model,Donor Trim,Donor Engine,Donor Transmission,Condition Grade,Tested Status,Damage Notes,Seller Notes
FEBEST OPEL Mounting Radiator SZSB-SX4U,FEBEST,,Cooling,UNCLASSIFIED,USED,NEW,OEM,86.72,USD,SZSB-SX4U,398121232492,SZSB-SX4U,SZSB-SX4U,,,https://www.ebay.com/itm/398121232492,2,NEEDS_REVIEW,,,,,,,,,,
Albero sterzo intermedio inferiore Nissan Murano FEBEST 2003-2007 ASN-Z50LOW,FEBEST,,General,UNCLASSIFIED,USED,NEW,OEM,86.72,USD,ASN-Z50LOW,398121232526,ASN-Z50LOW,ASN-Z50LOW,,,https://www.ebay.com/itm/398121232526,2,CONFIRMED,,,,,,,,,,
FEBEST 2013-2018 Honda Accord Retainer Clip 88570-121,FEBEST,,General,UNCLASSIFIED,USED,NEW,OEM,34.16,USD,88570-121,398121232546,"",,,,https://www.ebay.com/itm/398121232546,2,CONFIRMED,,,,,,,,,,
Febest 2002-2010 Mercury Mountaineer Front Stabilizer Link 2123-EXPR-KIT,FEBEST,,General,UNCLASSIFIED,USED,NEW,OEM,35.11,USD,SAP-22001,398121232547,2123-EXPR-KIT,2123-EXPR-KIT,,,https://www.ebay.com/itm/398121232547,3,NEEDS_REVIEW,,,,,,,,,,
Tubo pickup pompa olio Mercedes-Benz S500 con schermo A2721800252,Mercedes-Benz,,General,UNCLASSIFIED,USED,NEW,OEM,87.43,USD,SAPOP31-GB-270,398121232563,A2721800252,A2721800252,,,https://www.ebay.com/itm/398121232563,1,NEEDS_REVIEW,,,,,,,,,,
FEBEST NISSAN Steering Tie Rod 0222-F24M18,FEBEST,,General,UNCLASSIFIED,USED,NEW,OEM,42.92,USD,0222-F24M18,398121232567,0222-F24M18,0222-F24M18,,,https://www.ebay.com/itm/398121232567,2,NEEDS_REVIEW,,,,,,,,,,
Altoparlante porta passeggero posteriore destra Lexus LX570 2014 Mark Levinso...,Lexus,,General,UNCLASSIFIED,USED,NEW,OEM,104.99,USD,SAPOP47-GB-527,398121232591,861600WG20,861600WG20,,,https://www.ebay.com/itm/398121232591,1,CONFIRMED,,,,,,,,,,
Coperchio cinghia trasmissione accessori Audi Q5 2012 06H109121G,Audi,,General,UNCLASSIFIED,USED,NEW,OEM,78.68,USD,SAPOP14-AL-05,398121232630,06H109121G,06H109121G,,,https://www.ebay.com/itm/398121232630,1,CONFIRMED,,,,,,,,,,
FEBEST 2000-2006 BMW X5 Braccio di comando inferiore anteriore sinistro 1924-...,FEBEST,,General,UNCLASSIFIED,USED,NEW,OEM,86.72,USD,1924-X5LH,398121232640,1924-X5LH,1924-X5LH,,,https://www.ebay.com/itm/398121232640,2,CONFIRMED,,,,,,,,,,
Pompa iniezione aria secondaria Mercedes-Benz S500 2007 A0001405185,Mercedes-Benz,,General,UNCLASSIFIED,USED,NEW,OEM,214.2,USD,SAPOP31-GB-252,398121232657,A0001405185,A0001405185,,,https://www.ebay.com/itm/398121232657,1,CONFIRMED,,,,,,,,,,
Febest 2017-2020 BMW 230i xDrive Drive Shaft Bearing BMCB-F30,FEBEST,,General,UNCLASSIFIED,USED,NEW,OEM,48.17,USD,BMCB-F30,398121232665,BMCB-F30,BMCB-F30,,,https://www.ebay.com/itm/398121232665,2,CONFIRMED,,,,,,,,,,
"FEBEST 1994-2000 Nissan Maxima Seal Ring, Spark Plug Tube NCP-009",FEBEST,,General,UNCLASSIFIED,USED,NEW,OEM,34.16,USD,NCP-009,398121232666,NCP-009,NCP-009,,,https://www.ebay.com/itm/398121232666,2,CONFIRMED,,,,,,,,,,
2017-2019 Jaguar F-Pace Radio Chassis Upper Bracket T4A3150,Jaguar,,General,UNCLASSIFIED,USED,NEW,OEM,43.72,USD,Jaguar-F-Pace-2307-RCUB,398121232694,T4A3150,T4A3150,,,https://www.ebay.com/itm/398121232694,1,CONFIRMED,,,,,,,,,,
Cache volant BMW 335i 2009 occasion OEM 32306783048,BMW,,General,UNCLASSIFIED,USED,NEW,OEM,52.45,USD,BMW-35i-2687-DB-P,398121232707,32306783048,32306783048,,,https://www.ebay.com/itm/398121232707,1,CONFIRMED,,,,,,,,,,
Modanatura passaruota Volkswagen Tiguan 2014-2022 5N0854732B,Volkswagen,,General,UNCLASSIFIED,USED,NEW,OEM,166.1,USD,SAPOP40-MT-538,398121232725,5N0854732B,5N0854732B,,,https://www.ebay.com/itm/398121232725,1,CONFIRMED,,,,,,,,,,
FEBEST 2000-2009 Volkswagen Passat gomma tampone sospensione VWD-003,FEBEST,,General,UNCLASSIFIED,USED,NEW,OEM,42.92,USD,VWD-003,398121232728,VWD-003,VWD-003,,,https://www.ebay.com/itm/398121232728,2,CONFIRMED,,,,,,,,,,
Audi 2012-2018 A6 Suspension Subframe Crossmember 4G0505235AE,Audi,,Suspension,UNCLASSIFIED,USED,NEW,OEM,873.33,USD,Audi-A6-Quattro-6737-SSCM,398121232758,4G0505235AE,4G0505235AE,,,https://www.ebay.com/itm/398121232758,1,NEEDS_REVIEW,,,,,,,,,,
Mazda 3 Cover 2008 n.4 Regolazione Anteriore BP4K57044C30,Mazda,,General,UNCLASSIFIED,USED,NEW,OEM,52.45,USD,MAZ-MZ3-2088-ST1-BA,398121232767,BP4K57044C30,BP4K57044C30,,,https://www.ebay.com/itm/398121232767,1,CONFIRMED,,,,,,,,,,
FEBEST HONDA Front Wheel Bearing DAC43780044M,FEBEST,,Wheels,UNCLASSIFIED,USED,NEW,OEM,86.72,USD,DAC43780044M,398121232777,DAC43780044M,DAC43780044M,,,https://www.ebay.com/itm/398121232777,2,NEEDS_REVIEW,,,,,,,,,,
Pannello bilanciere rinforzo Lexus LS430 2002 RH 6140150010,Lexus,,General,UNCLASSIFIED,USED,NEW,OEM,236.07,USD,SAPOP42-MT-426,398121232797,6140150010,6140150010,,,https://www.ebay.com/itm/398121232797,1,CONFIRMED,,,,,,,,,,
Audi 2009-2016 Audi A4 A/C Receiver Drier 8K0298403A,Audi,,General,UNCLASSIFIED,USED,NEW,OEM,49.83,USD,ACC-011,398121232809,8K0298403A,8K0298403A,,,https://www.ebay.com/itm/398121232809,1,NEEDS_REVIEW,,,,,,,,,,
Kit giunto CV interno Febest Boot Pvc 2115P-KUGT,FEBEST,,General,UNCLASSIFIED,USED,NEW,OEM,86.72,USD,2115P-KUGT,398121232810,2115P-KUGT,2115P-KUGT,,,https://www.ebay.com/itm/398121232810,2,NEEDS_REVIEW,,,,,,,,,,
Turbocompressore FEBEST CITROEN CHRA 0424-CWRH,FEBEST,,General,UNCLASSIFIED,USED,NEW,OEM,91.97,USD,0424-CWRRH,398121232825,0424-CWRRH; 0424-CWRH,0424-CWRRH,,,https://www.ebay.com/itm/398121232825,2,NEEDS_REVIEW,,,,,,,,,,
FEBEST 2009-2017 Nissan NP300 Suspension Control Arm 0224-D22LH,FEBEST,,Suspension,UNCLASSIFIED,USED,NEW,OEM,86.72,USD,0224-D22LH,398121232832,0224-D22LH,0224-D22LH,,,https://www.ebay.com/itm/398121232832,2,CONFIRMED,,,,,,,,,,
FEBEST 2000-2008 Ford Focus Bumper Hood FDD-CB3,FEBEST,,Body,UNCLASSIFIED,USED,NEW,OEM,34.16,USD,FDD-CB3,398121232837,FDD-CB3,FDD-CB3,,,https://www.ebay.com/itm/398121232837,2,CONFIRMED,,,,,,,,,,
FEBEST 2007-2013 Suzuki SX4 Kit Riparazione Pinza Freno 0775-SX4F,FEBEST,,General,UNCLASSIFIED,USED,NEW,OEM,86.72,USD,0775-SX4F,398121232847,0775-SX4F,0775-SX4F,,,https://www.ebay.com/itm/398121232847,2,CONFIRMED,,,,,,,,,,
Support moteur droit FEBEST DAIHATSU Hydro TM-QNC10RH,FEBEST,,General,UNCLASSIFIED,USED,NEW,OEM,86.72,USD,TM-QNC10RH,398121232848,TM-QNC10RH,TM-QNC10RH,,,https://www.ebay.com/itm/398121232848,2,NEEDS_REVIEW,,,,,,,,,,
2014 Jeep Cherokee Oil Pan 5047566AA,Jeep,,General,UNCLASSIFIED,USED,NEW,OEM,96.16,USD,SAPOP-26-AL-633,398121232850,5047566AA,5047566AA,,,https://www.ebay.com/itm/398121232850,1,CONFIRMED,,,,,,,,,,
Braccio Comando Sospensioni Inferiore Volkswagen Jetta 2011-2018 5C0407151B,Volkswagen,,General,UNCLASSIFIED,USED,NEW,OEM,121.95,USD,SAPOP38-GB-10,398121232852,5C0407151B,5C0407151B,,,https://www.ebay.com/itm/398121232852,1,CONFIRMED,,,,,,,,,,
Febest Honda Steering Tie Rod End 0321-GJ4,FEBEST,,General,UNCLASSIFIED,USED,NEW,OEM,33.88,USD,SAP-22662,398121232864,0321-GJ4,0321-GJ4,,,https://www.ebay.com/itm/398121232864,3,NEEDS_REVIEW,,,,,,,,,,
2002 Lexus LS430 Display Unit Bracket 8611750060,Lexus,,General,UNCLASSIFIED,USED,NEW,OEM,43.8,USD,SAPOP43-MT-591,398121232885,"",,,,https://www.ebay.com/itm/398121232885,1,CONFIRMED,,,,,,,,,,
Montaggio ammortizzatore anteriore FEBEST TOYOTA TSS-001,FEBEST,,General,UNCLASSIFIED,USED,NEW,OEM,86.72,USD,TSS-001,398121232895,TSS-001,TSS-001,,,https://www.ebay.com/itm/398121232895,2,NEEDS_REVIEW,,,,,,,,,,
Supporto piastra terminale guida parafango anteriore Audi Q7 2007 7L0803410,Audi,,General,UNCLASSIFIED,USED,NEW,OEM,65.57,USD,SAPOP16-GB-571,398121232908,7L0803410,7L0803410,,,https://www.ebay.com/itm/398121232908,1,CONFIRMED,,,,,,,,,,
FEBEST 2015 Hyundai ix35 Pad Kit Disc Brake Front Kit 1201-IX35F,FEBEST,,Brakes,UNCLASSIFIED,USED,NEW,OEM,42.92,USD,1201-IX35F,398121232916,1201-IX35F,1201-IX35F,,,https://www.ebay.com/itm/398121232916,2,CONFIRMED,,,,,,,,,,
2012 BMW 740Li Suspension Strut Assembly Occasion OEM 37116796925,BMW,,Suspension,UNCLASSIFIED,USED,NEW,OEM,347.19,USD,BMW-740-C576-SU-R,398121232921,37116796925,37116796925,,,https://www.ebay.com/itm/398121232921,1,CONFIRMED,,,,,,,,,,
Snodo sterzo Audi A6 2012-2018 8R0505432F,Audi,,General,UNCLASSIFIED,USED,NEW,OEM,139.88,USD,SAPOP14-MT-178,398121232925,8R0505432F,8R0505432F,,,https://www.ebay.com/itm/398121232925,1,CONFIRMED,,,,,,,,,,
Serrure de porte Volkswagen CC 2017 occasion OEM 5N1837016N,VolksWagen,,General,UNCLASSIFIED,USED,NEW,OEM,122.38,USD,SAPOP40-MT-517,398121232948,5N1837016N,5N1837016N,,,https://www.ebay.com/itm/398121232948,1,CONFIRMED,,,,,,,,,,
Cavo freno di stazionamento FEBEST HYUNDAI 22100-A2RH,FEBEST,,General,UNCLASSIFIED,USED,NEW,OEM,42.92,USD,22100-A2RH,398121232949,22100-A2RH,22100-A2RH,,,https://www.ebay.com/itm/398121232949,2,NEEDS_REVIEW,,,,,,,,,,
Anello di tenuta asse anteriore FEBEST 91-06 Toyota Corolla 88430-182422X,FEBEST,,General,UNCLASSIFIED,USED,NEW,OEM,34.16,USD,88430-182422X,398121232969,88430-182422X,88430-182422X,,,https://www.ebay.com/itm/398121232969,2,NEEDS_REVIEW,,,,,,,,,,
Condotto aria quadro strumenti Audi Q5 2012 8K1819152B,Audi,,General,UNCLASSIFIED,USED,NEW,OEM,87.42,USD,INC-008,398121232985,8K1819152B,8K1819152B,,,https://www.ebay.com/itm/398121232985,1,CONFIRMED,,,,,,,,,,
FEBEST MAZDA GS1D 32 Steering Tie Rod 0522-GH,FEBEST,,General,UNCLASSIFIED,USED,NEW,OEM,86.72,USD,0522-GH,398121232991,0522-GH,0522-GH,,,https://www.ebay.com/itm/398121232991,2,NEEDS_REVIEW,,,,,,,,,,
2014 Jeep Cherokee Sill Cladding 1YW37RXFAC,Jeep,,General,UNCLASSIFIED,USED,NEW,OEM,148.62,USD,SAPOP26-AL-669,398121233007,1YW37RXFAC,1YW37RXFAC,,,https://www.ebay.com/itm/398121233007,1,CONFIRMED,,,,,,,,,,
Piantone sterzo Audi Q5 2009-2017 8R0419502P,Audi,,General,UNCLASSIFIED,USED,NEW,OEM,148.62,USD,SAPOP14-MT-165,398121233013,8R0419502P,8R0419502P,,,https://www.ebay.com/itm/398121233013,1,CONFIRMED,,,,,,,,,,
FEBEST 2000-2015 Hyundai Accent Retainer Clip 88570-060,FEBEST,,General,UNCLASSIFIED,USED,NEW,OEM,34.16,USD,88570-060,398121233024,88570-060,88570-060,,,https://www.ebay.com/itm/398121233024,2,CONFIRMED,,,,,,,,,,
Audi 2012 Q5 Door Lock Rod Cover 8R1837349B,Audi,,Body,UNCLASSIFIED,USED,NEW,OEM,47.87,USD,DFL- 025,398121233032,8R1837349B,8R1837349B,,,https://www.ebay.com/itm/398121233032,1,NEEDS_REVIEW,,,,,,,,,,
Mini Cooper 2022 Mini Cooper Countryman Seat Frame Trim Panel 52107398337,Mini Cooper,,Body,UNCLASSIFIED,USED,NEW,OEM,87.42,USD,SAPOP33-GB-117,398121233033,"",,,,https://www.ebay.com/itm/398121233033,1,CONFIRMED,,,,,,,,,,
2009 BMW 335i Bracket Underfloor Panelling Center USED OEM 51757125441,BMW,,Body,UNCLASSIFIED,USED,NEW,OEM,52.45,USD,BMW-35i-2687-CH-L,398121233038,51757125441,51757125441,,,https://www.ebay.com/itm/398121233038,1,CONFIRMED,,,,,,,,,,
Febest 2015-2020 Ford F-150 Candela 25642-012,FEBEST,,General,UNCLASSIFIED,USED,NEW,OEM,34.16,USD,25642-012,398121233042,25642-012,25642-012,,,https://www.ebay.com/itm/398121233042,2,CONFIRMED,,,,,,,,,,
Tirante sterzo Febest 0122-HIL,FEBEST,,General,UNCLASSIFIED,USED,NEW,OEM,33.74,USD,SAP-22303,398121233050,0122-HIL,0122-HIL,,,https://www.ebay.com/itm/398121233050,3,NEEDS_REVIEW,,,,,,,,,,
Circuit indicateur de changement de vitesse de transmission automatique Audi ...,Audi,,Transmission,UNCLASSIFIED,USED,NEW,OEM,52.33,USD,AUD-Q7-8323-TR-V,398121233053,"",,,,https://www.ebay.com/itm/398121233053,1,NEEDS_REVIEW,,,,,,,,,,
Jaguar 2011 Jaguar XK Door Hazard Lamp C2S13499,Jaguar,,Body,UNCLASSIFIED,USED,NEW,OEM,69.94,USD,SAPOP25-GB-293,398121233063,C2S13499,C2S13499,,,https://www.ebay.com/itm/398121233063,1,NEEDS_REVIEW,,,,,,,,,,
Sensore ossigeno Toyota Corolla 2014-2022 Toyota Camry 8946702090,Toyota Corolla,,Electrical,UNCLASSIFIED,USED,NEW,OEM,43.8,USD,SAPOP52-MT-216,398121233071,8946702090,8946702090,,,https://www.ebay.com/itm/398121233071,1,CONFIRMED,,,,,,,,,,
Audi 2012-2017 Audi A4 Cd Changer 8X0035110A,Audi,,General,UNCLASSIFIED,USED,NEW,OEM,131.14,USD,Audi-A7-Quattro-2772-CC,398121233073,8X0035110A,8X0035110A,,,https://www.ebay.com/itm/398121233073,1,NEEDS_REVIEW,,,,,,,,,,
Quadro strumenti Jeep Cherokee 2014 68093041AA,Jeep,,General,UNCLASSIFIED,USED,NEW,OEM,43.71,USD,SAPOP26-MT-736,398121233118,68093041AA,68093041AA,,,https://www.ebay.com/itm/398121233118,1,CONFIRMED,,,,,,,,,,
Griglia cappuccio Audi Q5 2012 8R1819447C01C,Audi,,General,UNCLASSIFIED,USED,NEW,OEM,96.16,USD,SAPOP14-AL-316,398121233121,8R1819447C01C,8R1819447C01C,,,https://www.ebay.com/itm/398121233121,1,CONFIRMED,,,,,,,,,,
Deflettore inferiore anteriore destro Jaguar F-Pace T4A6253 2017-2020,Jaguar,,General,UNCLASSIFIED,USED,NEW,OEM,43.72,USD,Jaguar-F-Pace-2307-FRLD,398121233126,T4A6253,T4A6253,,,https://www.ebay.com/itm/398121233126,1,CONFIRMED,,,,,,,,,,
2014 Mercedes-Benz CLA 250 Vacuum Line A2700700532,Mercedes,,General,UNCLASSIFIED,USED,NEW,OEM,43.7,USD,SAPOP30-SJ-57,398121233130,A2700700532,A2700700532,,,https://www.ebay.com/itm/398121233130,1,CONFIRMED,,,,,,,,,,
FEBEST 1995-2002 Mazda Millenia Front Rod 0525-X9,FEBEST,,General,UNCLASSIFIED,USED,NEW,OEM,86.72,USD,0525-X9,398121233148,0525-X9,0525-X9,,,https://www.ebay.com/itm/398121233148,2,CONFIRMED,,,,,,,,,,
Rivestimento parafango anteriore Lexus LX570 2014 5387660070,Lexus,,General,UNCLASSIFIED,USED,NEW,OEM,126.99,USD,SAPOP47-MT-775,398121233149,5387660070,5387660070,,,https://www.ebay.com/itm/398121233149,1,CONFIRMED,,,,,,,,,,
Tirante sterzo Lexus IS250 febbraio 2013 0122-ACA30,FEBEST,,General,UNCLASSIFIED,USED,NEW,OEM,34.36,USD,SAP-18550,398121233151,0122-ACA30,0122-ACA30,,,https://www.ebay.com/itm/398121233151,3,CONFIRMED,,,,,,,,,,
"Kit riparazione Honda CR-V febbraio 2007-2010, pinza freno 0375-CUR",FEBEST,,General,UNCLASSIFIED,USED,NEW,OEM,86.72,USD,0375-CUR,398121233164,0375-CUR,0375-CUR,,,https://www.ebay.com/itm/398121233164,2,CONFIRMED,,,,,,,,,,
2017 Jaguar F-Pace Headlight Washer Nozzle T2H3656,Jaguar,,General,UNCLASSIFIED,USED,NEW,OEM,65.57,USD,Jaguar-F-Pace-2307-HLWN,398121233170,T2H3656,T2H3656,,,https://www.ebay.com/itm/398121233170,1,CONFIRMED,,,,,,,,,,
Febest 2014-2017 Nissan X-Trail Pad Kit Freno a Disco Anteriore 0201-J11EF,FEBEST,,General,UNCLASSIFIED,USED,NEW,OEM,41.56,USD,SAP-21217,398121233172,0201-J11EF,0201-J11EF,,,https://www.ebay.com/itm/398121233172,3,CONFIRMED,,,,,,,,,,
FEBEST GEELY Belt Tensioner 3590-4G20TDB,FEBEST,,General,UNCLASSIFIED,USED,NEW,OEM,86.72,USD,3590-4G20TDB,398121233173,3590-4G20TDB,3590-4G20TDB,,,https://www.ebay.com/itm/398121233173,2,NEEDS_REVIEW,,,,,,,,,,
FEBEST NISSAN Asse di montaggio Beam NAB-111,FEBEST,,General,UNCLASSIFIED,USED,NEW,OEM,86.72,USD,NAB-111,398121233183,NAB-111,NAB-111,,,https://www.ebay.com/itm/398121233183,2,NEEDS_REVIEW,,,,,,,,,,
Jeep 2014 Cherokee Headlamp Leveling Module 68226793AA,Jeep,,Electrical,UNCLASSIFIED,USED,NEW,OEM,55.95,USD,SAPOP26-MT-367,398121233214,68226793AA,68226793AA,,,https://www.ebay.com/itm/398121233214,1,NEEDS_REVIEW,,,,,,,,,,
Febest 2003-2009 Lexus GX470 Steering Rack Bushing Kit TAB-459,FEBEST,,General,UNCLASSIFIED,USED,NEW,OEM,32.66,USD,SAP-22138,398121233231,TAB-459,TAB-459,,,https://www.ebay.com/itm/398121233231,3,CONFIRMED,,,,,,,,,,
FEBEST 1993-2005 Nissan Altima Wheel Bearing Kit DAC42763538-KIT,FEBEST,,Wheels,UNCLASSIFIED,USED,NEW,OEM,86.72,USD,DAC42763538-KIT,398121233234,DAC42763538-KIT,DAC42763538-KIT,,,https://www.ebay.com/itm/398121233234,2,CONFIRMED,,,,,,,,,,
Mercedes-Benz C350 Fuel Line A2044700364 2007,Mercedes,,General,UNCLASSIFIED,USED,NEW,OEM,96.17,USD,SAPOP44-GB-82,398121233245,A2044700364,A2044700364,,,https://www.ebay.com/itm/398121233245,1,CONFIRMED,,,,,,,,,,
2016 Mini Cooper Clubman Pull Grip Front Door 51417389111,Mini,,Body,UNCLASSIFIED,USED,NEW,OEM,87.41,USD,SAPOP33-SJ-446,398121233242,"",,,,https://www.ebay.com/itm/398121233242,1,CONFIRMED,,,,,,,,,,
FEBEST 2012 Land Rover Range Rover Evoque Supporto ammortizzatore posteriore ...,FEBEST,,General,UNCLASSIFIED,USED,NEW,OEM,48.17,USD,LRSS-FL2R,398121233252,LRSS-FL2R,LRSS-FL2R,,,https://www.ebay.com/itm/398121233252,2,CONFIRMED,,,,,,,,,,
FEBEST 1991-2001 INFINITI G20 Kit giunto CV esterno stivale 0217-017,FEBEST,,General,UNCLASSIFIED,USED,NEW,OEM,86.72,USD,0217-017,398121233253,0217-017,0217-017,,,https://www.ebay.com/itm/398121233253,2,CONFIRMED,,,,,,,,,,
FEBEST 1994-2004 Mitsubishi Diamante Steering Rack Bushing MAB-007,FEBEST,,General,UNCLASSIFIED,USED,NEW,OEM,86.72,USD,MAB-007,398121233257,MAB-007,MAB-007,,,https://www.ebay.com/itm/398121233257,2,CONFIRMED,,,,,,,,,,
FEBEST BMW 33 55 1 092 Rear Stabilizer Link 1923-532,FEBEST,,General,UNCLASSIFIED,USED,NEW,OEM,86.72,USD,1923-532,398121233314,"",,,,https://www.ebay.com/itm/398121233314,2,NEEDS_REVIEW,,,,,,,,,,
Audi 2009-2017 Q5 Side Member 8R0809378G,Audi,,General,UNCLASSIFIED,USED,NEW,OEM,284.15,USD,SAPOP14-GB-302,398121233318,8R0809378G,8R0809378G,,,https://www.ebay.com/itm/398121233318,1,NEEDS_REVIEW,,,,,,,,,,
Guida cavi Audi 2012 Q5 8K0971824M,Audi,,General,UNCLASSIFIED,USED,NEW,OEM,52.46,USD,SAPOP-14-GB-779,398121233327,8K0971824M,8K0971824M,,,https://www.ebay.com/itm/398121233327,1,NEEDS_REVIEW,,,,,,,,,,
FEBEST 2003-2008 Nissan Murano Stabilizer Bar Bushing NSB-Z50R18,FEBEST,,General,UNCLASSIFIED,USED,NEW,OEM,86.72,USD,NSB-Z50R18,398121233335,NSB-Z50R18,NSB-Z50R18,,,https://www.ebay.com/itm/398121233335,2,CONFIRMED,,,,,,,,,,
FEBEST 1999-2014 Suzuki Grand Vitara cilindro freno ruota sinistra posteriore...,FEBEST,,General,UNCLASSIFIED,USED,NEW,OEM,86.72,USD,0778-GVTRL,398121233338,0778-GVTRL,0778-GVTRL,,,https://www.ebay.com/itm/398121233338,2,NOT_VERIFIED,,,,,,,,,,
FEBEST 2004-2013 Mazda 3 Steering Rack Boot MZRKB-MZ3,FEBEST,,General,UNCLASSIFIED,USED,NEW,OEM,86.72,USD,MZRKB-MZ3,398121233340,MZRKB-MZ3,MZRKB-MZ3,,,https://www.ebay.com/itm/398121233340,2,CONFIRMED,,,,,,,,,,
Febest FORD 1456009 Pitman Arm 0526-BT50,FEBEST,,General,UNCLASSIFIED,USED,NEW,OEM,49.87,USD,SAP-15480,398121233355,0526-BT50,0526-BT50,,,https://www.ebay.com/itm/398121233355,3,NEEDS_REVIEW,,,,,,,,,,
FEBEST 1994-2005 Honda Civic Brake Caliper Piston 0376-FDF,FEBEST,,Engine,UNCLASSIFIED,USED,NEW,OEM,86.72,USD,0376-FDF,398121233371,0376-FDF,0376-FDF,,,https://www.ebay.com/itm/398121233371,2,CONFIRMED,,,,,,,,,,
Interruttore faro Mercedes-Benz C350 AMG 2007 A2049053304,Mercedes,,General,UNCLASSIFIED,USED,NEW,OEM,294.28,USD,SAPOP44-AL-289,398121233374,A2049053304,A2049053304,,,https://www.ebay.com/itm/398121233374,1,CONFIRMED,,,,,,,,,,
Levier de vitesse de transmission automatique Porsche Cayenne S 2008 d'occasi...,Porsche,,Transmission,UNCLASSIFIED,USED,NEW,OEM,96.17,USD,POR-CAY-9697-TR-JJ,398121233375,"",,,,https://www.ebay.com/itm/398121233375,1,CONFIRMED,,,,,,,,,,
Maniglia porta esterna Toyota Corolla 2018-2019 6921202080B1,Toyota Corolla,,General,UNCLASSIFIED,USED,NEW,OEM,74.15,USD,SAPOP52-GB-514,398121233382,6921202080B1,6921202080B1,,,https://www.ebay.com/itm/398121233382,1,CONFIRMED,,,,,,,,,,
2011 Chevrolet Camaro Windshield Washer Nozzle 92233791,Chevrolet,,General,UNCLASSIFIED,USED,NEW,OEM,43.71,USD,SAPOP21-MT-228,398121233388,"",,,,https://www.ebay.com/itm/398121233388,1,CONFIRMED,,,,,,,,,,
2007-2019 Audi Q7 Bumper Cover Spacer Panel 4L0807152,Audi,,Body,UNCLASSIFIED,USED,NEW,OEM,48.09,USD,SAPOP16-GB-605,398121233397,4L0807152,4L0807152,,,https://www.ebay.com/itm/398121233397,1,CONFIRMED,,,,,,,,,,
Ammortizzatore anteriore FEBEST 2003 Lexus RX300 TSHB-ACU20F,FEBEST,,General,UNCLASSIFIED,USED,NEW,OEM,42.92,USD,TSHB-ACU20F,398121233408,TSHB-ACU20F,TSHB-ACU20F,,,https://www.ebay.com/itm/398121233408,2,CONFIRMED,,,,,,,,,,
"FEBEST BMW Seal Ring, Injector MCP-003",FEBEST,,General,UNCLASSIFIED,USED,NEW,OEM,86.72,USD,MCP-003,398121233407,MCP-003,MCP-003,,,https://www.ebay.com/itm/398121233407,2,NEEDS_REVIEW,,,,,,,,,,
Mini 2016-2019 Mini Cooper Holder 11658604704,Mini,,General,UNCLASSIFIED,USED,NEW,OEM,45.44,USD,SAPOP33-SJ-231,398121233419,"",,,,https://www.ebay.com/itm/398121233419,1,NEEDS_REVIEW,,,,,,,,,,
Febest 2016 Toyota Venza Camber Adjusting Eccentric Bolt Kit 0129-026-KIT,FEBEST,,General,UNCLASSIFIED,USED,NEW,OEM,35.79,USD,SAP-21921,398121233428,0129-026-KIT,0129-026-KIT,,,https://www.ebay.com/itm/398121233428,3,CONFIRMED,,,,,,,,,,
Cuscinetto ruota anteriore sportivo Ford Bronco DAC45820042M febbraio 2021,FEBEST,,General,UNCLASSIFIED,USED,NEW,OEM,87.59,USD,DAC45820042M,398121233658,DAC45820042M,DAC45820042M,,,https://www.ebay.com/itm/398121233658,2,CONFIRMED,,,,,,,,,,
Toyota Corolla 2018-2019 Estensione Sotto-Asse Lato Anteriore 5571302130,Toyota Corolla,,General,UNCLASSIFIED,USED,NEW,OEM,56.81,USD,SAPOP52-GB-456,398121233662,5571302130,5571302130,,,https://www.ebay.com/itm/398121233662,1,CONFIRMED,,,,,,,,,,
Douille de bras de suspension FEBEST FORD FDAB-010,FEBEST,,Suspension,UNCLASSIFIED,USED,NEW,OEM,34.16,USD,FDAB-010,398121233675,FDAB-010,FDAB-010,,,https://www.ebay.com/itm/398121233675,2,NEEDS_REVIEW,,,,,,,,,,
Tubo di troppo pieno liquido di raffreddamento Mercedes-Benz CLA250 2014...,Mercedes,,General,UNCLASSIFIED,USED,NEW,OEM,87.42,USD,SAPOP30-SJ-184,398121233676,A2465010325; CLA250,A2465010325,,,https://www.ebay.com/itm/398121233676,1,NEEDS_REVIEW,,,,,,,,,,
Audi 2012 Q5 Spoiler Lower 8R0827933C GRU,Audi,,General,UNCLASSIFIED,USED,NEW,OEM,192.34,USD,SAPOP14-MT-408,398121233679,8R0827933C,8R0827933C,,,https://www.ebay.com/itm/398121233679,1,NEEDS_REVIEW,,,,,,,,,,
Giunto CV interno Febest destro 0311-GDRH,FEBEST,,General,UNCLASSIFIED,USED,NEW,OEM,62.68,USD,SAP-15651,398121233685,0311-GDRH,0311-GDRH,,,https://www.ebay.com/itm/398121233685,3,NEEDS_REVIEW,,,,,,,,,,
Audi 2014-2016 Q5 Body C-Pillar Trim Panel 8R0867767B 4PK,Audi,,Body,UNCLASSIFIED,USED,NEW,OEM,87.43,USD,SAPOP14-GB-599,398121233688,8R0867767B 4 pezzi; 8R0867767B,8R0867767B 4 pezzi,,,https://www.ebay.com/itm/398121233688,1,NEEDS_REVIEW,,,,,,,,,,
Febest 2008-2012 BMW 128i Trailing Arm Bushing BMAB-016,FEBEST,,General,UNCLASSIFIED,USED,NEW,OEM,28.89,USD,SAP-17740,398121233694,BMAB-016,BMAB-016,,,https://www.ebay.com/itm/398121233694,3,CONFIRMED,,,,,,,,,,
2014 Lexus LX570 Bumper Cover Bracket 5214960100,Lexus,,Body,UNCLASSIFIED,USED,NEW,OEM,43.92,USD,SAPOP47-MT-751,398121233695,"",,,,https://www.ebay.com/itm/398121233695,1,CONFIRMED,,,,,,,,,,
Rinforzo montante A carrozzeria Volkswagen Jetta 2011-2018 5C6809204,Volkswagen,,General,UNCLASSIFIED,USED,NEW,OEM,227.29,USD,BAP-001,398121233700,5C6809204,5C6809204,,,https://www.ebay.com/itm/398121233700,1,CONFIRMED,,,,,,,,,,
Pinza freno a disco posteriore sinistra Lexus LS430 2001-2006 4775050150,Lexus,,General,UNCLASSIFIED,USED,NEW,OEM,91.81,USD,SAPOP42-GB-179,398121233702,4775050150,4775050150,,,https://www.ebay.com/itm/398121233702,1,CONFIRMED,,,,,,,,,,
FEBEST 1994-1999 Toyota Tercel Supporto ammortizzatore anteriore TSS-010,FEBEST,,General,UNCLASSIFIED,USED,NEW,OEM,86.72,USD,TSS-010,398121233712,TSS-010,TSS-010,,,https://www.ebay.com/itm/398121233712,2,CONFIRMED,,,,,,,,,,
2014-2015 Audi RS7 Radiator Support Splash Shield 4G8853887C,Audi,,Cooling,UNCLASSIFIED,USED,NEW,OEM,131.14,USD,Audi-A7-Quattro-2772-RADSS,398121233718,4G8853887C,4G8853887C,,,https://www.ebay.com/itm/398121233718,1,CONFIRMED,,,,,,,,,,
Telaio sospensione posteriore Toyota Corolla 2018-2019 4210102340,Toyota Corolla,,General,UNCLASSIFIED,USED,NEW,OEM,788.5,USD,TOY-CRL-5167-RSS-1,398121233728,4210102340,4210102340,,,https://www.ebay.com/itm/398121233728,1,CONFIRMED,,,,,,,,,,
Tubo intercooler turbocompressore Volkswagen Tiguan 2009-2022 1K0145840R,Volkswagen,,General,UNCLASSIFIED,USED,NEW,OEM,104.92,USD,SAPOP40-SJ-567,398121233733,1K0145840R,1K0145840R,,,https://www.ebay.com/itm/398121233733,1,CONFIRMED,,,,,,,,,,
2009 BMW 335i Lock Plate Right USED OEM 51647116706,BMW,,General,UNCLASSIFIED,USED,NEW,OEM,52.45,USD,BMW-35i-2687-CH-D,398121233734,51647116706,51647116706,,,https://www.ebay.com/itm/398121233734,1,CONFIRMED,,,,,,,,,,
Bras de commande avant Febest 1993-1997 Lexus GS300 TAB-349,FEBEST,,General,UNCLASSIFIED,USED,NEW,OEM,86.72,USD,TAB-349,398121233754,TAB-349,TAB-349,,,https://www.ebay.com/itm/398121233754,2,CONFIRMED,,,,,,,,,,
Mini Cooper 2016-2024 Mini Cooper Trailing Arm Bracket 33326896991,Mini Cooper,,General,UNCLASSIFIED,USED,NEW,OEM,96.16,USD,SAPOP33-GB-143,398121233751,"",,,,https://www.ebay.com/itm/398121233751,1,CONFIRMED,,,,,,,,,,
Mini Cooper 2024 Mini Cooper Countryman Blower Motor Assembly 64119297751,Mini Cooper,,Engine,UNCLASSIFIED,USED,NEW,OEM,145.99,USD,SAPOP33-GB-83,398121233756,"",,,,https://www.ebay.com/itm/398121233756,1,CONFIRMED,,,,,,,,,,
Tubo evaporazione carburante Mercedes-Benz C350 2006-2015 A1704761526,Mercedes,,General,UNCLASSIFIED,USED,NEW,OEM,48.09,USD,SAPOP44-GB-92,398121233758,A1704761526,A1704761526,,,https://www.ebay.com/itm/398121233758,1,CONFIRMED,,,,,,,,,,
Adattatore tubo lavatrice portellone Audi Q5 2012 8K9971821,Audi,,General,UNCLASSIFIED,USED,NEW,OEM,43.71,USD,LFG-023,398121233760,8K9971821,8K9971821,,,https://www.ebay.com/itm/398121233760,1,CONFIRMED,,,,,,,,,,
Ligne de retour de liquide de refroidissement du turbocompresseur BMW 335i...,BMW,,General,UNCLASSIFIED,USED,NEW,OEM,52.45,USD,BMW-35i-2687-CL-S,398121233761,"",,,,https://www.ebay.com/itm/398121233761,1,NEEDS_REVIEW,,,,,,,,,,
Tubo candela anello guarnizione Honda Accord FEBEST 2002-2012 HCP-007,FEBEST,,General,UNCLASSIFIED,USED,NEW,OEM,86.72,USD,HCP-007,398121233768,HCP-007,HCP-007,,,https://www.ebay.com/itm/398121233768,2,CONFIRMED,,,,,,,,,,
2004-2013 Mazda 3 Stabilizer Bar Bushing BP4K28156D,Mazda,,General,UNCLASSIFIED,USED,NEW,OEM,52.45,USD,MAZ-MZ3-2088-SU-O,398121233771,BP4K28156D,BP4K28156D,,,https://www.ebay.com/itm/398121233771,2,CONFIRMED,,,,,,,,,,
Coperchio di servizio coperchio serbatoio posteriore Mercedes GL500 2008 usat...,Mercedes-Benz,,General,UNCLASSIFIED,USED,NEW,OEM,61.29,USD,MRC-GL5-9750-CH-EE,398121233785,A2516160089,A2516160089,,,https://www.ebay.com/itm/398121233785,1,CONFIRMED,,,,,,,,,,
Poulie de vilebrequin Mitsubishi Eclipse FEBEST 1990-1994 MDS-4G63,FEBEST,,General,UNCLASSIFIED,USED,NEW,OEM,86.72,USD,MDS-4G63,398121233802,MDS-4G63,MDS-4G63,,,https://www.ebay.com/itm/398121233802,2,CONFIRMED,,,,,,,,,,
Collettore di scarico Jeep Cherokee 2014 68197576AA,Jeep,,General,UNCLASSIFIED,USED,NEW,OEM,612,USD,Jeep-CHK-EMD-1,398121233815,68197576AA,68197576AA,,,https://www.ebay.com/itm/398121233815,1,CONFIRMED,,,,,,,,,,
Isolation de passage de roue Mercedes-Benz C350 2007 A2046820141,Mercedes,,General,UNCLASSIFIED,USED,NEW,OEM,48.09,USD,SAPOP44-GB-67,398121233836,A2046820141,A2046820141,,,https://www.ebay.com/itm/398121233836,1,CONFIRMED,,,,,,,,,,
Kit riparazione braccio sospensione FEBEST DAIHATSU TBJB-XZU308,FEBEST,,General,UNCLASSIFIED,USED,NEW,OEM,34.16,USD,TBJB-XZU308,398121233840,TBJB-XZU308,TBJB-XZU308,,,https://www.ebay.com/itm/398121233840,2,NEEDS_REVIEW,,,,,,,,,,
2008 Porsche Cayenne Door Panel Carrier used OEM 95553372902,Porsche,,Body,UNCLASSIFIED,USED,NEW,OEM,56.92,USD,POR-CAY-9697-DR3-T,398121233849,95553372902,95553372902,,,https://www.ebay.com/itm/398121233849,1,CONFIRMED,,,,,,,,,,
2007 Mercedes-Benz C350 AMG Sound Insulation Of Firewall A2046820560,Mercedes,,General,UNCLASSIFIED,USED,NEW,OEM,139.88,USD,SAPOP44-MT-50,398121233854,A2046820560,A2046820560,,,https://www.ebay.com/itm/398121233854,1,CONFIRMED,,,,,,,,,,
Staffa supporto radiatore Lexus LS430 2002 1650550090,Lexus,,Cooling,UNCLASSIFIED,USED,NEW,OEM,43.71,USD,SAPOP42-AL-65,398121233862,1650550090,1650550090,,,https://www.ebay.com/itm/398121233862,1,CONFIRMED,,,,,,,,,,
2008 MAZDA 3 Heater &amp; AC Air Box Lower Case Occasion OEM JM7BK326081392088,Mazda,,General,UNCLASSIFIED,USED,NEW,OEM,52.45,USD,MAZ-MZ3-2088-AC-J,398121233866,JM7BK326081392088,JM7BK326081392088,,,https://www.ebay.com/itm/398121233866,1,CONFIRMED,,,,,,,,,,
Alloggiamento aspirazione acqua Lexus LX570 2014 1632338020,Lexus,,General,UNCLASSIFIED,USED,NEW,OEM,43.8,USD,SAPOP47-MT-729,398121233877,1632338020,1632338020,,,https://www.ebay.com/itm/398121233877,1,CONFIRMED,,,,,,,,,,
Front seat cushion cover set Ford Fiesta 2016 used OEM F2BZ-5462900-DA,Ford,,Interior,UNCLASSIFIED,USED,NEW,OEM,306,USD,FOR-FIE-0110-ST1-B,398121232440,F2BZ-5462900-DA,F2BZ-5462900-DA,,,https://www.ebay.com/itm/398121232440,1,NOT_VERIFIED,,,,,,,,,,
Tailgate panel Audi TT 2009 used OEM 8J8803751D,Audi,,Body,UNCLASSIFIED,USED,NEW,OEM,210.94,USD,AUD-TT-4018-CH-EEE,398121232442,8J8803751D,8J8803751D,,,https://www.ebay.com/itm/398121232442,1,CONFIRMED,,,,,,,,,,
Windshield header panel MAZDA 3 2008 used OEM JM7BK326081...,Mazda,,Body,UNCLASSIFIED,USED,NEW,OEM,56.82,USD,MAZ-MZ3-2088-RF-O,398121232447,JM7BK326081,JM7BK326081,,,https://www.ebay.com/itm/398121232447,1,CONFIRMED,,,,,,,,,,
FEBEST 2007-2012 Mazda CX-7 CV Joint 0510-ERA44,FEBEST,,General,UNCLASSIFIED,USED,NEW,OEM,65.69,USD,0510-ERA44,398121232451,0510-ERA44,0510-ERA44,,,https://www.ebay.com/itm/398121232451,2,CONFIRMED,,,,,,,,,,
Seat trim panel cap Volkswagen Tiguan 2010 used OEM 5N0881479A,Volkswagen,,Body,UNCLASSIFIED,USED,NEW,OEM,52.55,USD,VOL-TIG-0710-ST2-E,398121232485,5N0881479A,5N0881479A,,,https://www.ebay.com/itm/398121232485,1,NOT_VERIFIED,,,,,,,,,,
Instrument panel wiring connector Chevrolet Camaro 2011 USED 92237563,Chevrolet,,Electrical,UNCLASSIFIED,USED,NEW,OEM,52.57,USD,SAPOP21-AL-40,398121232498,92237563,92237563,,,https://www.ebay.com/itm/398121232498,1,CONFIRMED,,,,,,,,,,
Rear seat cushion Volkswagen Tiguan 2010 USED OEM 5M0885776P,Volkswagen,,Interior,UNCLASSIFIED,USED,NEW,OEM,262.78,USD,VOL-TIG-0710-ST3-G,398121232502,5M0885776P,5M0885776P,,,https://www.ebay.com/itm/398121232502,1,NOT_VERIFIED,,,,,,,,,,
Dashboard trim set Ford Fiesta 2016 used OEM...,Ford,,Interior,UNCLASSIFIED,USED,NEW,OEM,65.56,USD,FOR-FIE-0110-DB-B,398121232508,"",,,,https://www.ebay.com/itm/398121232508,1,CONFIRMED,,,,,,,,,,
Right side rocker panel reinforcement MAZDA 3 2008 used OEM JM7BK326081392088,Mazda,,Body,UNCLASSIFIED,USED,NEW,OEM,69.94,USD,MAZ-MZ3-2088-CH-FFFF,398121232527,JM7BK326081392088,JM7BK326081392088,,,https://www.ebay.com/itm/398121232527,1,CONFIRMED,,,,,,,,,,
2009 Audi steering column ignition lock lower emblem used OEM...,Audi,,General,UNCLASSIFIED,USED,NEW,OEM,43.92,USD,AUD-TT-4018-CH-Y,398121232529,"",,,,https://www.ebay.com/itm/398121232529,1,NEEDS_REVIEW,,,,,,,,,,
Headlight arm support panel BMW 335i 51647019777 OEM used,BMW,,Body,UNCLASSIFIED,USED,NEW,OEM,62.97,USD,BMW-35i-2687-LT1-N,398121232559,USED,USED,,,https://www.ebay.com/itm/398121232559,1,NEEDS_REVIEW,,,,,,,,,,
A/C evaporator Mercedes-Benz GL500 2008 used OEM A1648300158,Mercedes-Benz,,General,UNCLASSIFIED,USED,NEW,OEM,78.83,USD,MRC-GL5-9750-AC-C,398121232566,A1648300158,A1648300158,,,https://www.ebay.com/itm/398121232566,1,CONFIRMED,,,,,,,,,,
Lower front stone deflector Ford Fiesta 2016 used OEM...,Ford,,General,UNCLASSIFIED,USED,NEW,OEM,63.82,USD,FOR-FIE-0110-CH-M,398121232594,"",,,,https://www.ebay.com/itm/398121232594,1,CONFIRMED,,,,,,,,,,
Rear lower control arm Febest 2008-2013 Mazda 6 0525-GHR,FEBEST,,Suspension,UNCLASSIFIED,USED,NEW,OEM,86.72,USD,0525-GHR,398121232628,0525-GHR,0525-GHR,,,https://www.ebay.com/itm/398121232628,2,CONFIRMED,,,,,,,,,,
Rear engine mount FEBEST NISSAN NM-021,FEBEST,,Engine,UNCLASSIFIED,USED,NEW,OEM,86.72,USD,NM-021,398121232629,NM-021,NM-021,,,https://www.ebay.com/itm/398121232629,2,NEEDS_REVIEW,,,,,,,,,,
Shock absorber Mercedes GL500 2008 left and right used OEM A16...,Mercedes-Benz,,Suspension,UNCLASSIFIED,USED,NEW,OEM,52.53,USD,MRC-GL5-9750-CH-J,398121232634,A1646825404,A1646825404,,,https://www.ebay.com/itm/398121232634,1,CONFIRMED,,,,,,,,,,
Mercedes GL500 2008 right side frame member used A164610...,Mercedes-Benz,,General,UNCLASSIFIED,USED,NEW,OEM,525.39,USD,MRC-GL5-9750-CH-BB,398121232638,A1646102410; A164610,A1646102410,,,https://www.ebay.com/itm/398121232638,1,CONFIRMED,,,,,,,,,,
"Bushing Nissan Murano Febest 2003-2007, rear control arm NAB-272",FEBEST,,Suspension,UNCLASSIFIED,USED,NEW,OEM,31.73,USD,SAP-21445,398121232662,NAB-272,NAB-272,,,https://www.ebay.com/itm/398121232662,3,CONFIRMED,,,,,,,,,,
Radiator support panel Lexus IS250 2007 upper left used OEM 532...,Lexus,,Body,UNCLASSIFIED,USED,NEW,OEM,52.33,USD,LEX-IS-1277-DB-III,398121232663,5321453020,5321453020,,,https://www.ebay.com/itm/398121232663,1,CONFIRMED,,,,,,,,,,
Rear spoiler Ford Fiesta 2016 used OEM C1BZ-5844210-AA,Ford,,General,UNCLASSIFIED,USED,NEW,OEM,113.66,USD,FOR-FIE-0110-TK-K,398121232668,C1BZ-5844210-AA,C1BZ-5844210-AA,,,https://www.ebay.com/itm/398121232668,1,CONFIRMED,,,,,,,,,,
Passenger side engine mount bracket Chevrolet Camaro 2011 92249330,Chevrolet,,Engine,UNCLASSIFIED,USED,NEW,OEM,87.4,USD,SAPOP21-AL-507,398121232670,92249330,92249330,,,https://www.ebay.com/itm/398121232670,1,CONFIRMED,,,,,,,,,,
Fender mounting bracket Audi Q7 2007 used OEM 4L0810498D,Audi,,Body,UNCLASSIFIED,USED,NEW,OEM,52.53,USD,AUD-Q7-8323-RF-N,398121232672,4L0810498D,4L0810498D,,,https://www.ebay.com/itm/398121232672,1,CONFIRMED,,,,,,,,,,
Left driver side fog light cover Ford Fiesta 2016 used OEM...,Ford,,General,UNCLASSIFIED,USED,NEW,OEM,43.71,USD,FOR-FIE-0110-LT1-D,398121232691,"",,,,https://www.ebay.com/itm/398121232691,1,CONFIRMED,,,,,,,,,,
BMW X5 2008 fuel tank breather line used OEM 13907548907,BMW,,General,UNCLASSIFIED,USED,NEW,OEM,52.45,USD,BMW-X5-4619-FL-C,398121232702,13907548907,13907548907,,,https://www.ebay.com/itm/398121232702,1,CONFIRMED,,,,,,,,,,
Transmission mount MAZDA 3 2008 used OEM BP4N39080B,Mazda,,Transmission,UNCLASSIFIED,USED,NEW,OEM,52.45,USD,MAZ-MZ3-2088-TR-N,398121232703,BP4N39080B,BP4N39080B,,,https://www.ebay.com/itm/398121232703,1,CONFIRMED,,,,,,,,,,
Cadillac 2011 headliner panel set used OEM 22787343,Cadillac,,Body,UNCLASSIFIED,USED,NEW,OEM,201.08,USD,CAD-CTS-7984-RF-O,398121232705,22787343,22787343,,,https://www.ebay.com/itm/398121232705,1,NEEDS_REVIEW,,,,,,,,,,
Fuel pump module Porsche Cayenne S 2008 right side used OEM...,Porsche,,Electrical,UNCLASSIFIED,USED,NEW,OEM,56.82,USD,POR-CAY-9697-FL-X,398121232729,"",,,,https://www.ebay.com/itm/398121232729,1,CONFIRMED,,,,,,,,,,
Rear fender support Jaguar XF 2017 used OEM T2H4804,Jaguar,,Body,UNCLASSIFIED,USED,NEW,OEM,52.45,USD,JAG-XF-9202-FD3-A,398121232730,T2H4804,T2H4804,,,https://www.ebay.com/itm/398121232730,1,CONFIRMED,,,,,,,,,,
Front disc brake caliper assembly Cadillac CTS 2011 used OEM 15851351,Cadillac,,Brakes,UNCLASSIFIED,USED,NEW,OEM,166.09,USD,CAD-CTS-7984-BR-A,398121232760,15851351,15851351,,,https://www.ebay.com/itm/398121232760,1,CONFIRMED,,,,,,,,,,
Rear bumper support Mercedes-Benz GL500 2008 used OEM A164880...,Mercedes-Benz,,Body,UNCLASSIFIED,USED,NEW,OEM,70.07,USD,MRC-GL5-9750-BP2-M,398121232764,A164880,A164880,,,https://www.ebay.com/itm/398121232764,1,CONFIRMED,,,,,,,,,,
Transmission cable wiring Lexus LS430 2002 used OEM 8212550040,Lexus,,Transmission,UNCLASSIFIED,USED,NEW,OEM,43.69,USD,SAPOP43-SJ-339,398121232765,8212550040,8212550040,,,https://www.ebay.com/itm/398121232765,1,CONFIRMED,,,,,,,,,,
Rear hub oil seal FEBEST 2001-2005 Kia Rio 95GFZ-39500808X,FEBEST,,General,UNCLASSIFIED,USED,NEW,OEM,86.72,USD,95GFZ-39500808X,398121232768,95GFZ-39500808X,95GFZ-39500808X,,,https://www.ebay.com/itm/398121232768,2,CONFIRMED,,,,,,,,,,
Fog light switch Mazda 3 2008 used OEM BP8M66122,Mazda,,General,UNCLASSIFIED,USED,NEW,OEM,52.45,USD,MAZ-MZ3-2088-EL-TT,398121232772,BP8M66122,BP8M66122,,,https://www.ebay.com/itm/398121232772,1,CONFIRMED,,,,,,,,,,
Vacuum pump Volkswagen Tiguan 2017 used OEM 06J145100N,Volkswagen,,General,UNCLASSIFIED,USED,NEW,OEM,96.16,USD,SAPOP40-SJ-562,398121232792,06J145100N,06J145100N,,,https://www.ebay.com/itm/398121232792,1,CONFIRMED,,,,,,,,,,
Front control arm rear bushing Febest Toyota TAB-022,FEBEST,,Suspension,UNCLASSIFIED,USED,NEW,OEM,34.57,USD,SAP-21276,398121232824,TAB-022,TAB-022,,,https://www.ebay.com/itm/398121232824,3,NEEDS_REVIEW,,,,,,,,,,
Steering column cover Jaguar XF 2017 used OEM T2H23876,Jaguar,,General,UNCLASSIFIED,USED,NEW,OEM,393.39,USD,JAG-XF-9202-DB-QQQQ,398121232826,T2H23876,T2H23876,,,https://www.ebay.com/itm/398121232826,1,CONFIRMED,,,,,,,,,,
Front differential mount bushing CRAB-058 Febest 2004-2010 Jeep Grand Cherokee...,FEBEST,,Transmission,UNCLASSIFIED,USED,NEW,OEM,30.32,USD,SAP-21161,398121232827,CRAB-058,CRAB-058,,,https://www.ebay.com/itm/398121232827,3,NOT_VERIFIED,,,,,,,,,,
Windshield molding trim Volkswagen Tiguan 2010 used OEM 5N08...,Volkwagen,,Wheels,UNCLASSIFIED,USED,NEW,OEM,43.92,USD,VOL-TIG-0710-WS1-C,398121232836,5N08,5N08,,,https://www.ebay.com/itm/398121232836,1,CONFIRMED,,,,,,,,,,
Window regulator Lexus LS460 2007 used OEM 69804-50040,Lexus,,General,UNCLASSIFIED,USED,NEW,OEM,95.26,USD,LEX-LS-3145-DR4-P,398121232845,69804-50040,69804-50040,,,https://www.ebay.com/itm/398121232845,1,CONFIRMED,,,,,,,,,,
Rear floor finishing plate Toyota Camry 2018 used OEM 58387-33...,Toyota,,General,UNCLASSIFIED,USED,NEW,OEM,87.4,USD,TOY-CAM-9731-TK-A,398121232855,58387-33140-C0; 58387-33,58387-33140-C0,,,https://www.ebay.com/itm/398121232855,1,CONFIRMED,,,,,,,,,,
Front control arm rear bushing Toyota Camry 1992-2002 Febest TAB-195,FEBEST,,Suspension,UNCLASSIFIED,USED,NEW,OEM,31.78,USD,SAP-22495,398121232857,TAB-195,TAB-195,,,https://www.ebay.com/itm/398121232857,3,CONFIRMED,,,,,,,,,,
Rear engine mount extension Mini Cooper Clubman 2020 41117391029,Mini,,Engine,UNCLASSIFIED,USED,NEW,OEM,153,USD,SAPOP33-SJ-534,398121232863,"",,,,https://www.ebay.com/itm/398121232863,1,CONFIRMED,,,,,,,,,,
Febest 2004-2006 Scion xA left engine mount TM-090,FEBEST,,Engine,UNCLASSIFIED,USED,NEW,OEM,37.25,USD,SAP-17991,398121232870,TM-090,TM-090,,,https://www.ebay.com/itm/398121232870,3,CONFIRMED,,,,,,,,,,
Seat belt height adjuster Porsche Cayenne 2008 used OEM...,Porsche,,Interior,UNCLASSIFIED,USED,NEW,OEM,52.57,USD,POR-CAY-9697-ST1-AA,398121232877,"",,,,https://www.ebay.com/itm/398121232877,1,NOT_VERIFIED,,,,,,,,,,
Front windshield Audi TT 2009 used OEM 8J8845099J,Audi,,General,UNCLASSIFIED,USED,NEW,OEM,437.82,USD,AUD-TT-4018- WS1-A,398121232881,8J8845099J,8J8845099J,,,https://www.ebay.com/itm/398121232881,1,CONFIRMED,,,,,,,,,,
Fender mounting support Jaguar XF 2017 used OEM T2H11302,Jaguar,,Body,UNCLASSIFIED,USED,NEW,OEM,52.54,USD,JAG-XF-9202-FD2-E,398121232898,T2H11302,T2H11302,,,https://www.ebay.com/itm/398121232898,1,CONFIRMED,,,,,,,,,,
Rear control arm Febest 95-02 Mazda Millenia with ball joint 0525-X9UP,FEBEST,,Suspension,UNCLASSIFIED,USED,NEW,OEM,46.15,USD,SAP-22412,398121232906,0525-X9UP,0525-X9UP,,,https://www.ebay.com/itm/398121232906,3,NEEDS_REVIEW,,,,,,,,,,
Left front lower ball joint FEBEST MITSUBISHI 0420-PD8LLH,FEBEST,,General,UNCLASSIFIED,USED,NEW,OEM,86.72,USD,0420-PD8LLH,398121232913,0420-PD8LLH,0420-PD8LLH,,,https://www.ebay.com/itm/398121232913,2,NEEDS_REVIEW,,,,,,,,,,
Rear shock absorber FEBEST 1999-2002 Daewoo Nubira bushing DAB-003,FEBEST,,Suspension,UNCLASSIFIED,USED,NEW,OEM,86.72,USD,DAB-003,398121232927,DAB-003,DAB-003,,,https://www.ebay.com/itm/398121232927,2,NEEDS_REVIEW,,,,,,,,,,
Bumper cover support Porsche Cayenne 2008 used OEM 95550596101,Porsche,,Body,UNCLASSIFIED,USED,NEW,OEM,52.55,USD,POR-CAY-9697-BP-HH,398121232932,95550596101,95550596101,,,https://www.ebay.com/itm/398121232932,1,CONFIRMED,,,,,,,,,,
Lower steering wheel trim Jaguar XF F-Pace 2017 used OEM T4N3652,Jaguar,,Interior,UNCLASSIFIED,USED,NEW,OEM,56.81,USD,JAG-XF-9202-DB-XXX,398121232936,T4N3652,T4N3652,,,https://www.ebay.com/itm/398121232936,1,CONFIRMED,,,,,,,,,,
Leather seat cover BMW 335i 2009 used OEM 52209113053,BMW,,Interior,UNCLASSIFIED,USED,NEW,OEM,87.42,USD,BMW-35i-2687-ST3-F,398121232939,52209113053,52209113053,,,https://www.ebay.com/itm/398121232939,1,NEEDS_REVIEW,,,,,,,,,,
Engine water pump assembly Volkswagen Tiguan 2010 used OEM 06H121026BA,Volkwagen,,Engine,UNCLASSIFIED,USED,NEW,OEM,52.36,USD,VOL-TIG-0710-CL-W,398121232941,06H121026BA,06H121026BA,,,https://www.ebay.com/itm/398121232941,1,CONFIRMED,,,,,,,,,,
Glove box block BMW 740Li 2012 used OEM 51169172497,BMW,,General,UNCLASSIFIED,USED,NEW,OEM,52.45,USD,BMW-740-C576-DB-AAA,398121232943,51169172497,51169172497,,,https://www.ebay.com/itm/398121232943,1,CONFIRMED,,,,,,,,,,
A-Pillar trim Porsche Cayenne 2008 used OEM 95555518203K90,Porsche,,Wheels,UNCLASSIFIED,USED,NEW,OEM,65.61,USD,POR-CAY-9697-CH-H,398121232946,95555518203K90,95555518203K90,,,https://www.ebay.com/itm/398121232946,1,CONFIRMED,,,,,,,,,,
Brake hydraulic hose BMW 740Li 2012 used OEM 34326775261,BMW,,Brakes,UNCLASSIFIED,USED,NEW,OEM,52.45,USD,BMW-740-C576-BR-C,398121232950,34326775261,34326775261,,,https://www.ebay.com/itm/398121232950,1,CONFIRMED,,,,,,,,,,
Engine crankshaft seal FEBEST Chrysler 95IDS-346512X,FEBEST,,Engine,UNCLASSIFIED,USED,NEW,OEM,34.16,USD,95IDS-34651212X,398121232951,95IDS-346512X,95IDS-346512X,,,https://www.ebay.com/itm/398121232951,2,NEEDS_REVIEW,,,,,,,,,,
Brake caliper support BMW 740Li 2012 used OEM 34216790188,BMW,,Brakes,UNCLASSIFIED,USED,NEW,OEM,87.43,USD,BMW-740-C576-BR-T,398121232952,34216790188,34216790188,,,https://www.ebay.com/itm/398121232952,1,CONFIRMED,,,,,,,,,,
Parking aid sensor Jaguar XF 2017 used OEM JDE28658,Jaguar,,Electrical,UNCLASSIFIED,USED,NEW,OEM,52.45,USD,JAG-XF-9202-BP2-P,398121232966,JDE28658,JDE28658,,,https://www.ebay.com/itm/398121232966,1,CONFIRMED,,,,,,,,,,
Rear body reinforcement Jaguar F-Pace 2017-2021 T4A29376,Jaguar,,General,UNCLASSIFIED,USED,NEW,OEM,261.39,USD,Jaguar-F-Pace-2307-RBR,398121232981,T4A29376,T4A29376,,,https://www.ebay.com/itm/398121232981,1,CONFIRMED,,,,,,,,,,
Protection plate Porsche Cayenne 2008 used OEM 95520120602,Porsche,,General,UNCLASSIFIED,USED,NEW,OEM,109.49,USD,POR-CAY-9697-FL-BB,398121232992,95520120602,95520120602,,,https://www.ebay.com/itm/398121232992,1,CONFIRMED,,,,,,,,,,
Volkswagen Tiguan 2010 A/C refrigerant line used OEM 1J0820774,Volkswagen,,General,UNCLASSIFIED,USED,NEW,OEM,43.79,USD,VOL-TIG-0710-AC-V,398121233001,1J0820774,1J0820774,,,https://www.ebay.com/itm/398121233001,1,CONFIRMED,,,,,,,,,,
Rear shock mount Volvo XC90 2003 VLSS-XC90UPR Febest,FEBEST,,Suspension,UNCLASSIFIED,USED,NEW,OEM,35.11,USD,SAP-21752,398121233005,VLSS-XC90UPR,VLSS-XC90UPR,,,https://www.ebay.com/itm/398121233005,3,CONFIRMED,,,,,,,,,,
Rear control arm bushing Febest KAB-032,FEBEST,,Suspension,UNCLASSIFIED,USED,NEW,OEM,86.72,USD,KAB-032,398121233010,KAB-032,KAB-032,,,https://www.ebay.com/itm/398121233010,2,NEEDS_REVIEW,,,,,,,,,,
Crankcase vent tube Volkswagen Tiguan 2010 used OEM 1K0133778AH,Volkswagen,,General,UNCLASSIFIED,USED,NEW,OEM,43.79,USD,VOL-TIG-0710-AI-P,398121233016,1K0133778AH,1K0133778AH,,,https://www.ebay.com/itm/398121233016,1,CONFIRMED,,,,,,,,,,
Left side rocker panel MAZDA 3 2008 used OEM JM7BK326081392088,Mazda,,Body,UNCLASSIFIED,USED,NEW,OEM,262.26,USD,MAZ-MZ3-2088-CH-VV,398121233020,JM7BK326081392088,JM7BK326081392088,,,https://www.ebay.com/itm/398121233020,1,CONFIRMED,,,,,,,,,,
Right outer body panel Ford Fiesta 2016 used OEM G2BZ-5827840-A,Ford,,Body,UNCLASSIFIED,USED,NEW,OEM,511.47,USD,FOR-FIE-0110-CH-DD,398121233021,G2BZ-5827840-A,G2BZ-5827840-A,,,https://www.ebay.com/itm/398121233021,1,CONFIRMED,,,,,,,,,,
Front bumper cover reinforcement Ford Fiesta 2016 used OEM AE8Z17D995CA,Ford,,Body,UNCLASSIFIED,USED,NEW,OEM,48.08,USD,FOR-FIE-0110-BP1-F,398121233022,AE8Z17D995CA,AE8Z17D995CA,,,https://www.ebay.com/itm/398121233022,1,CONFIRMED,,,,,,,,,,
Third row rear seat belt assembly Audi Q7 2007 used OEM...,Audi,,Interior,UNCLASSIFIED,USED,NEW,OEM,65.67,USD,AUD-Q7-8323-ST3-F,398121233040,"",,,,https://www.ebay.com/itm/398121233040,1,NOT_VERIFIED,,,,,,,,,,
Side rail floor reinforcement Mini Cooper Clubman 41007360136,Mini,,General,UNCLASSIFIED,USED,NEW,OEM,157.37,USD,FLR-016,398121233051,"",,,,https://www.ebay.com/itm/398121233051,1,NEEDS_REVIEW,,,,,,,,,,
Left front shock absorber FEBEST HYUNDAI 22110-001FL,FEBEST,,Suspension,UNCLASSIFIED,USED,NEW,OEM,87.59,USD,22110-001FL,398121233058,22110-001FL,22110-001FL,,,https://www.ebay.com/itm/398121233058,2,NEEDS_REVIEW,,,,,,,,,,
Instrument panel air duct Lexus LS460 2007 used OEM 63930-50010,Lexus,,Body,UNCLASSIFIED,USED,NEW,OEM,74.3,USD,LEX-LS-3145-AC-QQ,398121233068,63930-50010,63930-50010,,,https://www.ebay.com/itm/398121233068,1,CONFIRMED,,,,,,,,,,
Left rear inner panel Audi TT 2009 used OEM 8J8809051D,Audi,,Body,UNCLASSIFIED,USED,NEW,OEM,332.86,USD,AUD-TT-4018- FD2-F,398121233084,8J8809051D,8J8809051D,,,https://www.ebay.com/itm/398121233084,1,CONFIRMED,,,,,,,,,,
Engine crankshaft bearing Toyota Rush TCB-J200 February 2009,FEBEST,,Engine,UNCLASSIFIED,USED,NEW,OEM,85.65,USD,SAP-21660,398121233087,TCB-J200,TCB-J200,,,https://www.ebay.com/itm/398121233087,3,CONFIRMED,,,,,,,,,,
Interior door handle Lexus LS460 2007 used OEM 67607-50230-B0,Lexus,,Body,UNCLASSIFIED,USED,NEW,OEM,144.21,USD,LEX-LS-3145-DR3-Q,398121233090,67607-50230-B0,67607-50230-B0,,,https://www.ebay.com/itm/398121233090,1,CONFIRMED,,,,,,,,,,
Right lower front control arm FEBEST 2018-2021 Hyundai Elantra 2224-...,FEBEST,,Suspension,UNCLASSIFIED,USED,NEW,OEM,86.72,USD,2224-F2BJFRH,398121233100,"",,,,https://www.ebay.com/itm/398121233100,2,CONFIRMED,,,,,,,,,,
Rear shock absorber Audi A6 Quattro 2011 used OEM 4G5513035G,Audi,,Suspension,UNCLASSIFIED,USED,NEW,OEM,174.83,USD,AUD-QUA-4094-CH-C,398121233102,4G5513035G,4G5513035G,,,https://www.ebay.com/itm/398121233102,1,CONFIRMED,,,,,,,,,,
Control arm bushing FEBEST CHERY for lateral control arm MAB-022,FEBEST,,Suspension,UNCLASSIFIED,USED,NEW,OEM,86.72,USD,MAB-022,398121233119,MAB-022,MAB-022,,,https://www.ebay.com/itm/398121233119,2,NEEDS_REVIEW,,,,,,,,,,
Engine oil seal tube Porsche Cayenne 2008 used OEM 95510706600,Porsche,,Engine,UNCLASSIFIED,USED,NEW,OEM,52.55,USD,POR-CAY-9697-EN-KK,398121233123,95510706600,95510706600,,,https://www.ebay.com/itm/398121233123,1,CONFIRMED,,,,,,,,,,
FEBEST 06-08 Lexus RX400h outer CV joint kit 0117P-GSX30,FEBEST,,General,UNCLASSIFIED,USED,NEW,OEM,86.72,USD,0117P-GSX30,398121233133,RX400H; 0117P-GSX30,RX400H,,,https://www.ebay.com/itm/398121233133,2,NEEDS_REVIEW,,,,,,,,,,
Timing chain tensioner Volkswagen Jetta 2013 07K109467F,Volkswagen,,General,UNCLASSIFIED,USED,NEW,OEM,43.7,USD,SAPOP38-AL-20,398121233143,07K109467F,07K109467F,,,https://www.ebay.com/itm/398121233143,1,CONFIRMED,,,,,,,,,,
Lower control arm Febest Bushing NAB-369,FEBEST,,Suspension,UNCLASSIFIED,USED,NEW,OEM,32.55,USD,SAP-21229,398121233144,NAB-369,NAB-369,,,https://www.ebay.com/itm/398121233144,3,NEEDS_REVIEW,,,,,,,,,,
FEBEST General Motors Inner CV Joint 1811-A16XERATLH,FEBEST,,Engine,UNCLASSIFIED,USED,NEW,OEM,74.45,USD,1811-A16XERATLH,398121233145,1811-A16XERATLH,1811-A16XERATLH,,,https://www.ebay.com/itm/398121233145,2,NEEDS_REVIEW,,,,,,,,,,
Rear brake hydraulic hose assembly Cadillac CTS 2011 RHD used...,Cadillac,,Brakes,UNCLASSIFIED,USED,NEW,OEM,52.44,USD,CAD-CTS-7984-BR-N,398121233165,25939291,25939291,,,https://www.ebay.com/itm/398121233165,1,CONFIRMED,,,,,,,,,,
Rear seat trim cap Volkswagen Tiguan 2010 USED OEM 5M0885933A,Volkwagen,,Interior,UNCLASSIFIED,USED,NEW,OEM,43.79,USD,VOL-TIG-0710-ST3-F,398121233168,5M0885933A,5M0885933A,,,https://www.ebay.com/itm/398121233168,1,NOT_VERIFIED,,,,,,,,,,
Front engine room wire harness Lexus LS 460 2007 No. 2 used OEM 82112-5...,Lexus,,Engine,UNCLASSIFIED,USED,NEW,OEM,241.67,USD,LEX-LS-3145-EN-F,398121233169,82112-5,82112-5,,,https://www.ebay.com/itm/398121233169,1,CONFIRMED,,,,,,,,,,
Passenger side strut assembly Ford Fiesta 2016 used OEM AE8Z-5424300-A,Ford,,Suspension,UNCLASSIFIED,USED,NEW,OEM,87.42,USD,FOR-FIE-0110-CH-YY,398121233178,AE8Z-5424300-A,AE8Z-5424300-A,,,https://www.ebay.com/itm/398121233178,1,CONFIRMED,,,,,,,,,,
Front seat back frame Dodge Charger 2013 used OEM 68102131AA,Dodge,,Interior,UNCLASSIFIED,USED,NEW,OEM,146.87,USD,DOG-CHG-3627-ST1-F,398121233181,68102131AA,68102131AA,,,https://www.ebay.com/itm/398121233181,1,NOT_VERIFIED,,,,,,,,,,
Front seat track adjustment lever handle left side Audi TT 2009 used...,Audi,,Interior,UNCLASSIFIED,USED,NEW,OEM,52.71,USD,AUD-TT-4018-ST1-L,398121233182,"",,,,https://www.ebay.com/itm/398121233182,1,NOT_VERIFIED,,,,,,,,,,
Brake fluid level switch assembly Ford Fiesta 2016 used OEM...,Ford,,Brakes,UNCLASSIFIED,USED,NEW,OEM,43.71,USD,FOR-FIE-0110-BR-R,398121233186,AE8Z-2C251-A,AE8Z-2C251-A,,,https://www.ebay.com/itm/398121233186,1,CONFIRMED,,,,,,,,,,
BMW X5 2008 lower right D-pillar cover used OEM 51436955028,BMW,,General,UNCLASSIFIED,USED,NEW,OEM,52.54,USD,BMW-X5-4619-TK-FF,398121233190,51436955028,51436955028,,,https://www.ebay.com/itm/398121233190,1,CONFIRMED,,,,,,,,,,
Left rear cross member Mercedes GL500 2008 used OEM A1646100917,Mercedes-Benz,,General,UNCLASSIFIED,USED,NEW,OEM,662.17,USD,MRC-GL5-9750-SU-E,398121233193,A1646100917,A1646100917,,,https://www.ebay.com/itm/398121233193,1,CONFIRMED,,,,,,,,,,
2007 Lexus IS 250 left side floor main member sub-assembly used OEM...,Lexus,,General,UNCLASSIFIED,USED,NEW,OEM,303.24,USD,LEX-IS-1277-DB-AA,398121233203,57402-53020,57402-53020,,,https://www.ebay.com/itm/398121233203,1,CONFIRMED,,,,,,,,,,
Retaining hook Mercedes GL500 2008 used OEM A218800064,Mercedes-Benz,,General,UNCLASSIFIED,USED,NEW,OEM,52.55,USD,MRC-GL5-9750-BN-J,398121233210,A218800064,A218800064,,,https://www.ebay.com/itm/398121233210,1,CONFIRMED,,,,,,,,,,
Front engine oil cooler Ford Fiesta 2016 used OEM 7S7Z-6B856-B,Ford,,Engine,UNCLASSIFIED,USED,NEW,OEM,78.68,USD,FOR-FIE-0110-CL-A,398121233223,7S7Z-6B856-B,7S7Z-6B856-B,,,https://www.ebay.com/itm/398121233223,1,CONFIRMED,,,,,,,,,,
2014 Mercedes-Benz CLA250 left lower reinforcement A2466101725,Mercedes,,General,UNCLASSIFIED,USED,NEW,OEM,91.79,USD,SAPOP30-SJ-300,398121233227,CLA250; A2466101725,CLA250,,,https://www.ebay.com/itm/398121233227,1,NEEDS_REVIEW,,,,,,,,,,
Right front power window regulator assembly Jaguar XF 2017 used OEM...,Jaguar,,General,UNCLASSIFIED,USED,NEW,OEM,157.35,USD,JAG-XF-9202-DR2-HH,398121233243,"",,,,https://www.ebay.com/itm/398121233243,1,CONFIRMED,,,,,,,,,,
Dodge 2013 filler neck right rear filter tube used OEM...,Dodge,,General,UNCLASSIFIED,USED,NEW,OEM,56.82,USD,DOG-CHG-3627-AC-HH,398121233244,4578654AA,4578654AA,,,https://www.ebay.com/itm/398121233244,1,NEEDS_REVIEW,,,,,,,,,,
Front right passenger side steering rack tie rod Ford Fiesta...,Ford,,General,UNCLASSIFIED,USED,NEW,OEM,43.72,USD,FOR-FIE-0110-DB-II,398121233251,"",,,,https://www.ebay.com/itm/398121233251,1,NEEDS_REVIEW,,,,,,,,,,
Alternator Mercedes-Benz GL500 2008 used OEM A0131545602,Mercedes-Benz,,Electrical,UNCLASSIFIED,USED,NEW,OEM,367.83,USD,MRC-GL5-9750-EN-U,398121233254,A0131545602,A0131545602,,,https://www.ebay.com/itm/398121233254,1,CONFIRMED,,,,,,,,,,
Shock absorber bushing Ford Fiesta FEBEST 2008-2013 MZAB-141,FEBEST,,Suspension,UNCLASSIFIED,USED,NEW,OEM,34.16,USD,MZAB-141,398121233255,MZAB-141,MZAB-141,,,https://www.ebay.com/itm/398121233255,2,CONFIRMED,,,,,,,,,,
BMW 740Li 2012 folding box edge panel used OEM 51459160005,BMW,,Body,UNCLASSIFIED,USED,NEW,OEM,139.95,USD,BMW-740-C576-DB-O,398121233256,51459160005,51459160005,,,https://www.ebay.com/itm/398121233256,1,CONFIRMED,,,,,,,,,,
Wheel housing side panel Volkswagen Tiguan 2010 used OEM 5N080...,Volkwagen,,Body,UNCLASSIFIED,USED,NEW,OEM,175.17,USD,VOL-TIG-0710-CH-EE,398121233260,5N080,5N080,,,https://www.ebay.com/itm/398121233260,1,CONFIRMED,,,,,,,,,,
Front shock absorber bearing Nissan X-Trail 2014-2017 Febest NB-T32F,FEBEST,,Suspension,UNCLASSIFIED,USED,NEW,OEM,34.05,USD,SAP-21523,398121233266,NB-T32F,NB-T32F,,,https://www.ebay.com/itm/398121233266,3,CONFIRMED,,,,,,,,,,
Rear speaker Audi TT 2009 used OEM 8J0035411,Audi,,General,UNCLASSIFIED,USED,NEW,OEM,70.28,USD,AUD-TT-4018--DR-EE,398121233273,8J0035411,8J0035411,,,https://www.ebay.com/itm/398121233273,1,CONFIRMED,,,,,,,,,,
Front differential output flange Porsche Cayenne S 2008 used OEM 95534...,Porsche,,Transmission,UNCLASSIFIED,USED,NEW,OEM,179.23,USD,POR-CAY-9697-TR-H,398121233277,95534927220; 95534,95534927220,,,https://www.ebay.com/itm/398121233277,1,CONFIRMED,,,,,,,,,,
Complete roof panel Audi TT 2009 OEM 8J8817111D used,Audi,,Body,UNCLASSIFIED,USED,NEW,OEM,544.77,USD,AUD-TT-4018-CH-A,398121233281,8J8817111D,8J8817111D,,,https://www.ebay.com/itm/398121233281,1,CONFIRMED,,,,,,,,,,
Rear transverse bushing Febest MZAB-052,FEBEST,,General,UNCLASSIFIED,USED,NEW,OEM,32.23,USD,SAP-15586,398121233293,MZAB-052,MZAB-052,,,https://www.ebay.com/itm/398121233293,3,NEEDS_REVIEW,,,,,,,,,,
Front lower grille assembly Cadillac CTS 2011 used OEM 25896041,Cadillac,,Body,UNCLASSIFIED,USED,NEW,OEM,122.39,USD,CAD-CTS-7984-BP1-G,398121233294,25896041,25896041,,,https://www.ebay.com/itm/398121233294,1,CONFIRMED,,,,,,,,,,
Left rear taillight BMW 335i 2009 used OEM 41007179529,BMW,,General,UNCLASSIFIED,USED,NEW,OEM,61.2,USD,BMW-35i-2687-FD3-E,398121233300,41007179529,41007179529,,,https://www.ebay.com/itm/398121233300,1,CONFIRMED,,,,,,,,,,
Rear window reveal molding Lexus IS250 2007 used OEM 75571-...,Lexus,,General,UNCLASSIFIED,USED,NEW,OEM,87.47,USD,LEX-IS-1277-RF-E,398121233308,75571,75571,,,https://www.ebay.com/itm/398121233308,1,CONFIRMED,,,,,,,,,,
Febest 2020 Toyota Hilux Front Lower Control Arm Ball Joint 0120-GGN15LF,FEBEST,,Suspension,UNCLASSIFIED,USED,NEW,OEM,86.72,USD,0120-GGN15LF,398121233310,0120-GGN15LF,0120-GGN15LF,,,https://www.ebay.com/itm/398121233310,2,CONFIRMED,,,,,,,,,,
A/C condenser Audi Q7 2007 used OEM 4L0260401A,Audi,,General,UNCLASSIFIED,USED,NEW,OEM,87.23,USD,AUD-Q7-8323-AC-RR,398121233316,4L0260401A,4L0260401A,,,https://www.ebay.com/itm/398121233316,1,CONFIRMED,,,,,,,,,,
Left front inner wheel panel Audi TT 2009 used OEM 8J0805131D,Audi,,Body,UNCLASSIFIED,USED,NEW,OEM,74.29,USD,AUD-TT-4018-CH-QQ,398121233317,8J0805131D,8J0805131D,,,https://www.ebay.com/itm/398121233317,1,CONFIRMED,,,,,,,,,,
Lower reflector panel Volkswagen Tiguan 2010 used OEM 5N0945106,Volkswagen,,Body,UNCLASSIFIED,USED,NEW,OEM,87.59,USD,VOL-TIG-0710-RF-S,398121233336,5N0945106,5N0945106,,,https://www.ebay.com/itm/398121233336,1,CONFIRMED,,,,,,,,,,
Right front door service hole cover Lexus IS 250 2007 used OEM 67...,Lexus,,Body,UNCLASSIFIED,USED,NEW,OEM,52.73,USD,LEX-IS-1277-DR2-C,398121233341,"",,,,https://www.ebay.com/itm/398121233341,1,CONFIRMED,,,,,,,,,,
Radiator side support bar Mercedes GL500 2008 used OEM A16...,Mercedes-Benz,,Cooling,UNCLASSIFIED,USED,NEW,OEM,315.23,USD,MRC-GL5-9750-FD2-F,398121233346,"",,,,https://www.ebay.com/itm/398121233346,1,CONFIRMED,,,,,,,,,,
2007 Lexus IS250 fourth vent duct assembly used OEM 62930-12160,Lexus,,General,UNCLASSIFIED,USED,NEW,OEM,69.97,USD,LEX-IS-1277-AC-N,398121233347,62930-12160,62930-12160,,,https://www.ebay.com/itm/398121233347,1,CONFIRMED,,,,,,,,,,
Bumper support guide rail BMW 335i 2009 USED OEM 51127128245,BMW,,Body,UNCLASSIFIED,USED,NEW,OEM,69.5,USD,BMW-35i-2687-BP2-M,398121233358,51127128245,51127128245,,,https://www.ebay.com/itm/398121233358,1,CONFIRMED,,,,,,,,,,
Wiring harness section Volkswagen Tiguan 2010 used OEM 5N0971073A,Volkswagen,,Electrical,UNCLASSIFIED,USED,NEW,OEM,105.11,USD,VOL-TIG-0710-LT1-J,398121233366,5N0971073A,5N0971073A,,,https://www.ebay.com/itm/398121233366,1,CONFIRMED,,,,,,,,,,
Rear wheel bearing and hub assembly Chevrolet Camaro 2010-2015 13589509,Chevrolet,,Wheels,UNCLASSIFIED,USED,NEW,OEM,131.11,USD,SAPOP21-GB-173,398121233359,"",,,,https://www.ebay.com/itm/398121233359,1,CONFIRMED,,,,,,,,,,
Audi A6 2011 quarter panel assembly used OEM 4G5809833,Audi,,Body,UNCLASSIFIED,USED,NEW,OEM,394.05,USD,AUD-QUA-4094-FD2-C,398121233361,4G5809833,4G5809833,,,https://www.ebay.com/itm/398121233361,1,CONFIRMED,,,,,,,,,,
Camshaft timing gear engine Volkswagen Jetta 2013 used OEM 0...,Volkswagen,,Engine,UNCLASSIFIED,USED,NEW,OEM,104.9,USD,SAPOP38-AL-24,398121233387,07K109083F,07K109083F,,,https://www.ebay.com/itm/398121233387,1,CONFIRMED,,,,,,,,,,
Transmission temperature/speed sensor Audi TT 2009 OEM 02E927321A used,Audi,,Transmission,UNCLASSIFIED,USED,NEW,OEM,43.92,USD,AUD-TT-4018-TR-F,398121233403,02E927321A,02E927321A,,,https://www.ebay.com/itm/398121233403,1,CONFIRMED,,,,,,,,,,
AUDI TT 2009 FUEL TANK BREATHER LINE Used OEM 1K0201995F,Audi,,General,UNCLASSIFIED,USED,NEW,OEM,86.71,USD,AUD-TT-4018-FL-T,398121233405,1K0201995F,1K0201995F,,,https://www.ebay.com/itm/398121233405,1,CONFIRMED,,,,,,,,,,
Steering column lower trim panel cover BMW X5 2008 used OEM ...,BMW,,Body,UNCLASSIFIED,USED,NEW,OEM,131.14,USD,BMW-X5-4619-DB-GG,398121233411,"",,,,https://www.ebay.com/itm/398121233411,1,CONFIRMED,,,,,,,,,,
Rear stabilizer bar Audi Q7 2007 used OEM 7L0511025B,Audi,,General,UNCLASSIFIED,USED,NEW,OEM,131.14,USD,AUDI-Q7-1712-RSB-1,398121233413,7L0511025B,7L0511025B,,,https://www.ebay.com/itm/398121233413,1,CONFIRMED,,,,,,,,,,
Seat belt with turn and shoulder strap Volkswagen Tiguan 2010 used OE...,Volkwagen,,Interior,UNCLASSIFIED,USED,NEW,OEM,91.97,USD,VOL-TIG-0710-ST1-Q,398121233417,"",,,,https://www.ebay.com/itm/398121233417,1,NOT_VERIFIED,,,,,,,,,,
Rear seat belt anchor cover Mazda 3 2008 used...,Mazda,,Interior,UNCLASSIFIED,USED,NEW,OEM,52.45,USD,MAZ-MZ3-2088-ST3-AT,398121233444,"",,,,https://www.ebay.com/itm/398121233444,1,NOT_VERIFIED,,,,,,,,,,
FEBEST HONDA Inner CV Joint Right 0311-RW24RH,FEBEST,,General,UNCLASSIFIED,USED,NEW,OEM,70.07,USD,0311-RW24RH,398121233592,0311-RW24RH,0311-RW24RH,,,https://www.ebay.com/itm/398121233592,2,NEEDS_REVIEW,,,,,,,,,,
Engine crankshaft pulley Volkswagen Jetta 2013 07K105243F,Volkswagen,,Engine,UNCLASSIFIED,USED,NEW,OEM,87.41,USD,SAPOP38-AL-12,398121233642,07K105243F,07K105243F,,,https://www.ebay.com/itm/398121233642,1,CONFIRMED,,,,,,,,,,
Volkswagen Tiguan 2017 connector housing bracket used OEM 1J0971830H,Volkswagen,,General,UNCLASSIFIED,USED,NEW,OEM,43.71,USD,SAPOP40-SJ-292,398121233646,1J0971830H,1J0971830H,,,https://www.ebay.com/itm/398121233646,1,CONFIRMED,,,,,,,,,,
Door stop plate Jaguar F-Pace 2018 used OEM T4A4310,Jaguar,,Body,UNCLASSIFIED,USED,NEW,OEM,43.71,USD,SAPOP24-SJ-711,398121233666,T4A4310,T4A4310,,,https://www.ebay.com/itm/398121233666,1,CONFIRMED,,,,,,,,,,
FEBEST 91-96 Toyota Camry control arm bushing TAB-076,FEBEST,,Suspension,UNCLASSIFIED,USED,NEW,OEM,86.72,USD,TAB-076,398121233670,TAB-076,TAB-076,,,https://www.ebay.com/itm/398121233670,2,NEEDS_REVIEW,,,,,,,,,,
Rear transverse link bushing FEBEST MITSUBISHI MAB-125,FEBEST,,General,UNCLASSIFIED,USED,NEW,OEM,86.72,USD,MAB-125,398121233677,MAB-125,MAB-125,,,https://www.ebay.com/itm/398121233677,2,NEEDS_REVIEW,,,,,,,,,,
Left front brake tube Mazda 3 2008 used OEM BP4K45210C,Mazda,,Brakes,UNCLASSIFIED,USED,NEW,OEM,52.45,USD,MAZ-MZ3-2088-BR-I,398121233681,BP4K45210C,BP4K45210C,,,https://www.ebay.com/itm/398121233681,1,CONFIRMED,,,,,,,,,,
Left fender apron upper cover Lexus LS 460 2007 used OEM ...,Lexus,,Body,UNCLASSIFIED,USED,NEW,OEM,52.34,USD,LEX-LS-3145-WS1-E,398121233682,55716-50070,55716-50070,,,https://www.ebay.com/itm/398121233682,1,CONFIRMED,,,,,,,,,,
Audi A6-Quattro 2011 fuel line with vent tube used OEM 4G0201544DE,Audi,,General,UNCLASSIFIED,USED,NEW,OEM,139.87,USD,Audi-A6-Quattro-6737-FLBP,398121233683,4G0201544DE; A6-QUATTRO,4G0201544DE,,,https://www.ebay.com/itm/398121233683,1,NEEDS_REVIEW,,,,,,,,,,
Engine oil pan Toyota Corolla 2018-2019 1210237010,Toyota Corolla,,Engine,UNCLASSIFIED,USED,NEW,OEM,118.27,USD,SAPOP52-AL-15,398121233691,1210237010,1210237010,,,https://www.ebay.com/itm/398121233691,1,CONFIRMED,,,,,,,,,,
Door wiring harness Volkswagen Tiguan 2010 used OEM 5N1971121G,Volkswagen,,Electrical,UNCLASSIFIED,USED,NEW,OEM,43.92,USD,VOL-TIG-0710-DR2-AA,398121233693,5N1971121G,5N1971121G,,,https://www.ebay.com/itm/398121233693,1,CONFIRMED,,,,,,,,,,
FEBEST 2007-2014 Toyota Highlander CV Joint 0111-GSU40RH,FEBEST,,General,UNCLASSIFIED,USED,NEW,OEM,109.49,USD,0111-GSU40RH,398121233698,0111-GSU40RH,0111-GSU40RH,,,https://www.ebay.com/itm/398121233698,2,CONFIRMED,,,,,,,,,,
Fuel tank evaporation vent tube Lexus LS430 2002 used OEM 7722...,Lexus,,General,UNCLASSIFIED,USED,NEW,OEM,52.43,USD,SAPOP42-SJ-524,398121233713,7722750010; 7722,7722750010,,,https://www.ebay.com/itm/398121233713,1,CONFIRMED,,,,,,,,,,
Glove box latch assembly Porsche Cayenne 2008 with lock housing used...,Porsche,,General,UNCLASSIFIED,USED,NEW,OEM,87.62,USD,POR-CAY-9697-DB-NN,398121233732,"",,,,https://www.ebay.com/itm/398121233732,1,CONFIRMED,,,,,,,,,,
Rear seat air duct Volkswagen Tiguan 2010 used OEM 3C0819802A,Volkswagen,,Interior,UNCLASSIFIED,USED,NEW,OEM,43.79,USD,VOL-TIG-0710-AC-CC,398121233738,3C0819802A,3C0819802A,,,https://www.ebay.com/itm/398121233738,1,NOT_VERIFIED,,,,,,,,,,
Dashboard cover trim BMW 335i 2009 used OEM...,BMW,,Interior,UNCLASSIFIED,USED,NEW,OEM,78.68,USD,BMW-35i-2687-DB-X,398121233739,"",,,,https://www.ebay.com/itm/398121233739,1,CONFIRMED,,,,,,,,,,
Radiator mounting bar Chevrolet Camaro 2011 with panel reinforcements used...,Chevrolet,,Body,UNCLASSIFIED,USED,NEW,OEM,420.6,USD,CHE-CMR-RMB-2,398121233741,"",,,,https://www.ebay.com/itm/398121233741,1,CONFIRMED,,,,,,,,,,
ECU bracket Porsche Cayenne S 2008 OEM 95561812901 used,Porsche,,Electrical,UNCLASSIFIED,USED,NEW,OEM,69.88,USD,POR-CAY-9697-EL-D,398121233748,95561812901,95561812901,,,https://www.ebay.com/itm/398121233748,1,CONFIRMED,,,,,,,,,,
Passenger side front fender ornament Cadillac CTS 2011 used OEM...,Cadillac,,Body,UNCLASSIFIED,USED,NEW,OEM,61.19,USD,CAD-CTS-7984-FD2-C,398121233777,20881030,20881030,,,https://www.ebay.com/itm/398121233777,1,CONFIRMED,,,,,,,,,,
Suction jet pump Mini Cooper 2012 with line 13907640051,Mini,,General,UNCLASSIFIED,USED,NEW,OEM,139,USD,SAPOP33-GB-195,398121233780,"",,,,https://www.ebay.com/itm/398121233780,1,CONFIRMED,,,,,,,,,,
Seat belt buckle Mercedes C-350 2008 used OEM A2048601969,Mercedes-Benz,,Interior,UNCLASSIFIED,USED,NEW,OEM,43.73,USD,MRC-C350-8867-ST3-V,398121233782,A2048601969,A2048601969,,,https://www.ebay.com/itm/398121233782,1,NOT_VERIFIED,,,,,,,,,,
Differential support arm bushing Febest Mitsubishi MR418404 MAB-108,FEBEST,,Transmission,UNCLASSIFIED,USED,NEW,OEM,86.72,USD,MAB-108,398121233783,MR418404; MAB-108,MR418404,,,https://www.ebay.com/itm/398121233783,2,NEEDS_REVIEW,,,,,,,,,,
Left hood lift support Mercedes GL500 2008 used OEM A164980...,Mercedes-Benz,,Body,UNCLASSIFIED,USED,NEW,OEM,52.55,USD,MRC-GL5-9750-BN-B,398121233795,A1649800364; A164980,A1649800364,,,https://www.ebay.com/itm/398121233795,1,CONFIRMED,,,,,,,,,,
License plate bracket BMW X5 2008 primed used OEM 51138037271,BMW,,General,UNCLASSIFIED,USED,NEW,OEM,52.53,USD,BMW-X5-4619-BP-P,398121233798,51138037271,51138037271,,,https://www.ebay.com/itm/398121233798,1,CONFIRMED,,,,,,,,,,
Differential mounting bushing Febest TMB-ANH15,FEBEST,,Transmission,UNCLASSIFIED,USED,NEW,OEM,34.92,USD,SAP-18051,398121233799,TMB-ANH15,TMB-ANH15,,,https://www.ebay.com/itm/398121233799,3,NEEDS_REVIEW,,,,,,,,,,
Front shock absorber bearing FEBEST 2003-2006 Mazda 6 MZB-MZ6F,FEBEST,,Suspension,UNCLASSIFIED,USED,NEW,OEM,86.72,USD,MZB-MZ6F,398121233800,MZB-MZ6F,MZB-MZ6F,,,https://www.ebay.com/itm/398121233800,2,CONFIRMED,,,,,,,,,,
Left front lower door hinge assembly Lexus IS 250 2007 used ...,Lexus,,Body,UNCLASSIFIED,USED,NEW,OEM,52.48,USD,LEX-IS-1277-DR1-H,398121233803,"",,,,https://www.ebay.com/itm/398121233803,1,CONFIRMED,,,,,,,,,,
Left front engine mount Lexus LX570 2014 1236238010,Lexus,,Engine,UNCLASSIFIED,USED,NEW,OEM,87.48,USD,SAPOP47-AL-672,398121233807,"",,,,https://www.ebay.com/itm/398121233807,1,CONFIRMED,,,,,,,,,,
Front engine mount SBM-002 FEBEST 2003-2006 Subaru Baja,FEBEST,,Engine,UNCLASSIFIED,USED,NEW,OEM,86.72,USD,SBM-002,398121233822,SBM-002,SBM-002,,,https://www.ebay.com/itm/398121233822,2,CONFIRMED,,,,,,,,,,
Audi Q7 Fuel Line 2007 OEM 03H133321A used,Audi,,General,UNCLASSIFIED,USED,NEW,OEM,65.67,USD,AUD-Q7-8323-FL-E,398121233823,03H133321A,03H133321A,,,https://www.ebay.com/itm/398121233823,1,CONFIRMED,,,,,,,,,,
FEBEST 2007-2012 Mazda CX-7 Universal Joint ASMZ-CX7,FEBEST,,General,UNCLASSIFIED,USED,NEW,OEM,86.72,USD,ASMZ-CX7,398121233829,ASMZ-CX7,ASMZ-CX7,,,https://www.ebay.com/itm/398121233829,2,CONFIRMED,,,,,,,,,,
Used OEM 079103485A Engine Oil Fill Cap for 2011 Audi A6 Quattro,Audi,,Engine,UNCLASSIFIED,USED,NEW,OEM,43.8,USD,AUD-QUA-4094-EN-HHH,398121233834,079103485A,079103485A,,,https://www.ebay.com/itm/398121233834,1,CONFIRMED,,,,,,,,,,
Used OEM Headrest Guide for 2016 Ford Fiesta Rear Seat,Ford,,Interior,UNCLASSIFIED,USED,NEW,OEM,43.71,USD,FOR-FIE-0110-ST3-G,398121233844,HEADREST,HEADREST,,,https://www.ebay.com/itm/398121233844,1,CONFIRMED,,,,,,,,,,
FEBEST FDM-TC7RH Right Side Hydro Engine Mount for 2010-2013 Ford Transit Connect,FEBEST,,Engine,UNCLASSIFIED,USED,NEW,OEM,48.17,USD,FDM-TC7RH,398121233848,FDM-TC7RH,FDM-TC7RH,,,https://www.ebay.com/itm/398121233848,2,CONFIRMED,,,,,,,,,,
Used OEM 7L8614235 ABS Control Unit Bracket for 2007 Audi Q7,Audi,,General,UNCLASSIFIED,USED,NEW,OEM,52.53,USD,AUD-Q7-8323-BR-GG,398121233853,7L8614235,7L8614235,,,https://www.ebay.com/itm/398121233853,1,CONFIRMED,,,,,,,,,,
Used OEM A2048890225 Rear Fender Liner Cover for 2008 Mercedes C-350,Mercedes-Benz,,Body,UNCLASSIFIED,USED,NEW,OEM,43.73,USD,MRC-C350-8867-FD1-A,398121233857,A2046301940; A2048890225,A2046301940,,,https://www.ebay.com/itm/398121233857,1,CONFIRMED,,,,,,,,,,
Used OEM BR7J67050D Front and Rear Wiring Harness for 2008 Mazda 3,Mazda,,Electrical,UNCLASSIFIED,USED,NEW,OEM,231.69,USD,MAZ-MZ3-2088-EL-J,398121233864,BR7J67050D,BR7J67050D,,,https://www.ebay.com/itm/398121233864,1,CONFIRMED,,,,,,,,,,
Used OEM 8J0803206C Floor Pan for 2009 Audi TT,Audi,,General,UNCLASSIFIED,USED,NEW,OEM,52.73,USD,AUD-TT-4018-CH-AAA,398121233867,8J0803206C,8J0803206C,,,https://www.ebay.com/itm/398121233867,1,CONFIRMED,,,,,,,,,,
Used OEM 68102-5... Front Left Door Window Subassembly for 2007 Lexus LS460,Lexus,,Body,UNCLASSIFIED,USED,NEW,OEM,218.55,USD,LEX-LS-3145-DR2-H,398121233869,68102-50200; 68102-5,68102-50200,,,https://www.ebay.com/itm/398121233869,1,CONFIRMED,,,,,,,,,,
Used OEM 51337215151 Front Left Door Window Regulator for 2008 BMW X5,BMW,,Body,UNCLASSIFIED,USED,NEW,OEM,131.14,USD,BMW-X5-4619-DR1-G,398121233882,51337215151,51337215151,,,https://www.ebay.com/itm/398121233882,1,CONFIRMED,,,,,,,,,,
Staffa alloggiamento ruota Jaguar F-Pace T4A13905 2017-2023,Jaguar,,General,UNCLASSIFIED,USED,NEW,OEM,56.81,USD,Jaguar-F-Pace-2307-WHB,398121233892,T4A13905,T4A13905,,,https://www.ebay.com/itm/398121233892,1,CONFIRMED,,,,,,,,,,
Febest 2004-2007 Toyota Hilux Rubber Buffer Suspension MD-004,FEBEST,,Suspension,UNCLASSIFIED,USED,NEW,OEM,34.16,USD,MD-004,398121233894,MD-004,MD-004,,,https://www.ebay.com/itm/398121233894,2,CONFIRMED,,,,,,,,,,
Pilastro corpo anteriore inferiore sinistro Lexus LS430 2002 6114650030,Lexus,,General,UNCLASSIFIED,USED,NEW,OEM,87.43,USD,SAPOP42-MT-443,398121233910,6114650030,6114650030,,,https://www.ebay.com/itm/398121233910,1,CONFIRMED,,,,,,,,,,
Mercedes-Benz C350 AMG Cross Rail 2007 A2046201986,Mercedes,,General,UNCLASSIFIED,USED,NEW,OEM,139.88,USD,SAPOP44-MT-365,398121233911,A2046201986,A2046201986,,,https://www.ebay.com/itm/398121233911,1,CONFIRMED,,,,,,,,,,
FEBEST 2010-2015 Volkswagen Transporter giunto sferico braccio inferiore ante...,FEBEST,,General,UNCLASSIFIED,USED,NEW,OEM,86.72,USD,2320-T5,398121233915,2320-T5,2320-T5,,,https://www.ebay.com/itm/398121233915,2,CONFIRMED,,,,,,,,,,
2007 Mercedes-Benz C350 AMG A/C Receiver Drier A2048350147,Mercedes,,General,UNCLASSIFIED,USED,NEW,OEM,91.79,USD,SAPOP44-AL-300,398121233925,A2048350147,A2048350147,,,https://www.ebay.com/itm/398121233925,1,CONFIRMED,,,,,,,,,,
FEBEST VAG Gasket Washer Fluid Pump/Washer Fluid Reservoir TT-014,FEBEST,,General,UNCLASSIFIED,USED,NEW,OEM,86.72,USD,TT-014,398121233942,TT-014,TT-014,,,https://www.ebay.com/itm/398121233942,2,NEEDS_REVIEW,,,,,,,,,,
Jaguar 2002-2008 Jaguar X-Type Bracket XR846021,Jaguar,,General,UNCLASSIFIED,USED,NEW,OEM,43.7,USD,SAPOP25-MT-368,398121233945,XR846021,XR846021,,,https://www.ebay.com/itm/398121233945,1,NEEDS_REVIEW,,,,,,,,,,
Cablaggio headliner Audi 2013-2017 Q5 8R0971100,Audi,,General,UNCLASSIFIED,USED,NEW,OEM,87.43,USD,SAPOP-14-GB-785,398121233966,8R0971100,8R0971100,,,https://www.ebay.com/itm/398121233966,1,NEEDS_REVIEW,,,,,,,,,,
Febest 2005-2021 Nissan Frontier Spring Seat NSI-R51F,FEBEST,,Suspension,UNCLASSIFIED,USED,NEW,OEM,86.72,USD,NSI-R51F,398121233981,NSI-R51F,NSI-R51F,,,https://www.ebay.com/itm/398121233981,2,CONFIRMED,,,,,,,,,,
FEBEST 2001-2006 Chrysler Sebring Stabilizer Link 0423-EA8FL,FEBEST,,General,UNCLASSIFIED,USED,NEW,OEM,42.92,USD,0423-EA8FL,398121234002,0423-EA8FL,0423-EA8FL,,,https://www.ebay.com/itm/398121234002,2,CONFIRMED,,,,,,,,,,
Dodge Charger 2013 gruppo pannello di rivestimento porta posteriore...,Dodge,,General,UNCLASSIFIED,USED,NEW,OEM,236.05,USD,DOG-CHG-3627-DR3-R,398121234003,1JR43DX9AH,1JR43DX9AH,,,https://www.ebay.com/itm/398121234003,1,CONFIRMED,,,,,,,,,,
Jaguar 2017-2023 Jaguar F-Pace Quarter Panel Vent T2H21030,Jaguar,,Body,UNCLASSIFIED,USED,NEW,OEM,43.69,USD,QUT-011,398121234019,T2H21030,T2H21030,,,https://www.ebay.com/itm/398121234019,1,NEEDS_REVIEW,,,,,,,,,,
Asta di collegamento Audi S5 2010-2018 06E198401E,Audi,,General,UNCLASSIFIED,USED,NEW,OEM,91.59,USD,Audi-A6-Quattro-6737-CR,398121234024,06E198401E,06E198401E,,,https://www.ebay.com/itm/398121234024,1,CONFIRMED,,,,,,,,,,
Mini Cooper 2014-2024 Mini Cooper Fender Front Left 41007374521,Mini Cooper,,Body,UNCLASSIFIED,USED,NEW,OEM,183.58,USD,FDL-001,398121234048,"",,,,https://www.ebay.com/itm/398121234048,1,CONFIRMED,,,,,,,,,,
FEBEST 2015-2016 Ford Transit Stabilizer Bar Bushing FSB-TT9F,FEBEST,,General,UNCLASSIFIED,USED,NEW,OEM,34.16,USD,FSB-TT9F,398121234056,FSB-TT9F,FSB-TT9F,,,https://www.ebay.com/itm/398121234056,2,CONFIRMED,,,,,,,,,,
Febest BMW 31107850276 Front Rod Bushing BMAB-057,FEBEST,,General,UNCLASSIFIED,USED,NEW,OEM,45.02,USD,SAP-22213,398121234062,BMAB-057,BMAB-057,,,https://www.ebay.com/itm/398121234062,3,NEEDS_REVIEW,,,,,,,,,,
Jaguar 1999-2002 Jaguar S-Type B/C Post Reinforcement JLM21066,Jaguar,,General,UNCLASSIFIED,USED,NEW,OEM,270.99,USD,SAPOP25-MT-362,398121234065,JLM21066,JLM21066,,,https://www.ebay.com/itm/398121234065,1,NEEDS_REVIEW,,,,,,,,,,
FEBEST 2011-2015 Hyundai Azera Termostato 82 C 01462-003,FEBEST,,General,UNCLASSIFIED,USED,NEW,OEM,42.92,USD,01462-003,398121234091,01462-003,01462-003,,,https://www.ebay.com/itm/398121234091,2,CONFIRMED,,,,,,,,,,
Mozzo ruota posteriore FEBEST 2007-2016 Mazda CX-9 0582-CX9RWD,FEBEST,,General,UNCLASSIFIED,USED,NEW,OEM,86.72,USD,0582-CX9RWD,398121234101,0582-CX9RWD,0582-CX9RWD,,,https://www.ebay.com/itm/398121234101,2,CONFIRMED,,,,,,,,,,
FEBEST 1999-2013 Cadillac Escalade Pitman Arm 3226-ESC,FEBEST,,General,UNCLASSIFIED,USED,NEW,OEM,86.72,USD,3226-ESC,398121234136,3226-ESC,3226-ESC,,,https://www.ebay.com/itm/398121234136,2,CONFIRMED,,,,,,,,,,
2016 Ford Fiesta Front A/C Refrigerant Liquid Hose USED OEM D2BZ-19835-D,Ford,,General,UNCLASSIFIED,USED,NEW,OEM,78.68,USD,FOR-FIE-0110-AC-N,398121234142,D2BZ-19835-D,D2BZ-19835-D,,,https://www.ebay.com/itm/398121234142,1,CONFIRMED,,,,,,,,,,
Centralina Keyless Go Mercedes-Benz C350 AMG 2007 A2048205926,Mercedes,,General,UNCLASSIFIED,USED,NEW,OEM,118.02,USD,SAPOP44-AL-267,398121234148,A2048205926,A2048205926,,,https://www.ebay.com/itm/398121234148,1,CONFIRMED,,,,,,,,,,
Audi Crankcase Breather Hose 06E103207AJ,Audi,,General,UNCLASSIFIED,USED,NEW,OEM,45.35,USD,Audi-A6-Quattro-6737-CCBH,398121234163,06E103207AJ,06E103207AJ,,,https://www.ebay.com/itm/398121234163,1,NEEDS_REVIEW,,,,,,,,,,
Supporto paraurti piastra chiusura parafango Audi Q7 2007-2018 7L0805362A,Audi,,General,UNCLASSIFIED,USED,NEW,OEM,52.46,USD,SAPOP16-GB-582,398121234168,7L0805362A,7L0805362A,,,https://www.ebay.com/itm/398121234168,1,CONFIRMED,,,,,,,,,,
Pinza freno a disco Mercedes-Benz C350 AMG 2007 A2044230481,Mercedes,,General,UNCLASSIFIED,USED,NEW,OEM,91.79,USD,SAPOP44-AL-12,398121234172,A2044230481,A2044230481,,,https://www.ebay.com/itm/398121234172,1,CONFIRMED,,,,,,,,,,
FEBEST 2002-2009 Toyota Land Cruiser Eccentric Nut 0131-004,FEBEST,,General,UNCLASSIFIED,USED,NEW,OEM,86.72,USD,0131-004,398121234175,"",,,,https://www.ebay.com/itm/398121234175,2,CONFIRMED,,,,,,,,,,
FEBEST NISSAN giunto sferico braccio inferiore anteriore 0220-LWD2,FEBEST,,General,UNCLASSIFIED,USED,NEW,OEM,86.72,USD,0220-LWD2,398121234176,0220-LWD2,0220-LWD2,,,https://www.ebay.com/itm/398121234176,2,NEEDS_REVIEW,,,,,,,,,,
Febest 2020 Lexus LC500 Belt Tendeur Assembly 0190-URS206,FEBEST,,General,UNCLASSIFIED,USED,NEW,OEM,86.72,USD,0190-URS206,398121234184,0190-URS206,0190-URS206,,,https://www.ebay.com/itm/398121234184,2,CONFIRMED,,,,,,,,,,
2012 Audi Q5 Instrument Panel Air Duct 8R1819726A,Audi,,Body,UNCLASSIFIED,USED,NEW,OEM,69.94,USD,INC-008,398121234186,8R1819726A,8R1819726A,,,https://www.ebay.com/itm/398121234186,1,CONFIRMED,,,,,,,,,,
Pannello Mercedes-Benz C 350 AMG 2007 A20469000259F93,Mercedes,,General,UNCLASSIFIED,USED,NEW,OEM,52.45,USD,SAPOP44-SJ-651,398121234206,A20469000259F93,A20469000259F93,,,https://www.ebay.com/itm/398121234206,1,NOT_VERIFIED,,,,,,,,,,
Fibbia cintura di sicurezza Jaguar 00-01 tipo S XR81405AEK,Jaguar,,General,UNCLASSIFIED,USED,NEW,OEM,69.94,USD,SAPOP25-GB-310,398121234219,XR81405AEK,XR81405AEK,,,https://www.ebay.com/itm/398121234219,1,NEEDS_REVIEW,,,,,,,,,,
FEBEST 2015 Hyundai ix35 Front Caliper Slide Pin 1274-SONLOWF,FEBEST,,Brakes,UNCLASSIFIED,USED,NEW,OEM,34.16,USD,1274-SONLOWF,398121234223,1274-SONLOWF,1274-SONLOWF,,,https://www.ebay.com/itm/398121234223,2,CONFIRMED,,,,,,,,,,
FEBEST 1999-2002 Mitsubishi Mirage Grommet Steering Rack Alloggiamento MGB-014,FEBEST,,General,UNCLASSIFIED,USED,NEW,OEM,86.72,USD,MGB-014,398121234224,MGB-014,MGB-014,,,https://www.ebay.com/itm/398121234224,2,CONFIRMED,,,,,,,,,,
Puleggia tenditore Ford Fiesta febbraio 2008 2187-CB3,FEBEST,,General,UNCLASSIFIED,USED,NEW,OEM,86.72,USD,2187-CB3,398121234245,2187-CB3,2187-CB3,,,https://www.ebay.com/itm/398121234245,2,CONFIRMED,,,,,,,,,,
Coperchio laterale quadro strumenti Lexus LX570 2008-2021 5531760021C0,Lexus,,General,UNCLASSIFIED,USED,NEW,OEM,43.79,USD,SAPOP47-GB-813,398121234246,5531760021C0,5531760021C0,,,https://www.ebay.com/itm/398121234246,1,CONFIRMED,,,,,,,,,,
2014 Jeep Cherokee Intake Manifold 5047441AI,Jeep,,Engine,UNCLASSIFIED,USED,NEW,OEM,157.37,USD,EN-021,398121234249,5047441AI,5047441AI,,,https://www.ebay.com/itm/398121234249,1,CONFIRMED,,,,,,,,,,
Lunetta interruttore comando riscaldamento Volkswagen Tiguan 2017 5N0820039,Volkswagen,,General,UNCLASSIFIED,USED,NEW,OEM,91.79,USD,SAPOP40-AL-236,398121234250,5N0820039,5N0820039,,,https://www.ebay.com/itm/398121234250,1,CONFIRMED,,,,,,,,,,
Gruppo lampada a cupola Lexus LX570 2014 8136060031A2,Lexus,,General,UNCLASSIFIED,USED,NEW,OEM,148.72,USD,SAPOP47-MT-384,398121234260,8136060031A2,8136060031A2,,,https://www.ebay.com/itm/398121234260,1,CONFIRMED,,,,,,,,,,
2008-2014 BMW 535i Seat Actionnement Unit Right 52107058570,BMW,,Interior,UNCLASSIFIED,USED,NEW,OEM,104.91,USD,BMW-X5-4619-ST2-X,398121234261,"",,,,https://www.ebay.com/itm/398121234261,1,CONFIRMED,,,,,,,,,,
FEBEST 2003-2007 Nissan Murano Exhaust Mount NEXB-009,FEBEST,,Exhaust,UNCLASSIFIED,USED,NEW,OEM,86.72,USD,NEXB-009,398121234286,NEXB-009,NEXB-009,,,https://www.ebay.com/itm/398121234286,2,CONFIRMED,,,,,,,,,,
Cuscinetto ruota anteriore FEBEST HONDA DAC43780044M,FEBEST,,General,UNCLASSIFIED,USED,NEW,OEM,86.72,USD,DAC43780044M,398121234292,DAC43780044M,DAC43780044M,,,https://www.ebay.com/itm/398121234292,2,NEEDS_REVIEW,,,,,,,,,,
Ammortizzatore FEBEST Alfa Romeo 20110-002R,FEBEST,,General,UNCLASSIFIED,USED,NEW,OEM,65.69,USD,20110-002R,398121234300,20110-002R,20110-002R,,,https://www.ebay.com/itm/398121234300,2,NEEDS_REVIEW,,,,,,,,,,
2007 Mercedes-Benz C 350 Drive Belt Idler Pulley A2722021419,Mercedes,,General,UNCLASSIFIED,USED,NEW,OEM,43.71,USD,SAPOP44-SJ-679,398121234301,A2722021419,A2722021419,,,https://www.ebay.com/itm/398121234301,1,NOT_VERIFIED,,,,,,,,,,
2002 Lexus LS430 Floor Pan Crossmember Right 5745150030,Lexus,,General,UNCLASSIFIED,USED,NEW,OEM,135.52,USD,SAPOP42-AL-368,398121234315,"",,,,https://www.ebay.com/itm/398121234315,1,CONFIRMED,,,,,,,,,,
2014 Jeep Cherokee Door Lower Hinge 68140737AB,Jeep,,Body,UNCLASSIFIED,USED,NEW,OEM,52.45,USD,SAPOP26-AL-619,398121234352,68140737AB,68140737AB,,,https://www.ebay.com/itm/398121234352,1,CONFIRMED,,,,,,,,,,
Giunto CV esterno Honda Civic febbraio 2012-2015 0310-BE,FEBEST,,General,UNCLASSIFIED,USED,NEW,OEM,86.72,USD,0310-BE,398121234354,0310-BE,0310-BE,,,https://www.ebay.com/itm/398121234354,2,CONFIRMED,,,,,,,,,,
Jaguar 2020 Jaguar F-Pace Console Finisher T4A13312PVJ,Jaguar,,Interior,UNCLASSIFIED,USED,NEW,OEM,166.05,USD,SAPOP23-AL-80,398121234363,T4A13312PVJ,T4A13312PVJ,,,https://www.ebay.com/itm/398121234363,1,NEEDS_REVIEW,,,,,,,,,,
2001-2006 Lexus LS430 Panel Sub-Assy Console Upper Rear 5880550010,Lexus,,Body,UNCLASSIFIED,USED,NEW,OEM,65.58,USD,SAPOP43-GB-496,398121234370,"",,,,https://www.ebay.com/itm/398121234370,1,CONFIRMED,,,,,,,,,,
FEBEST Mercedes-Benz Oil Seal Front Hub 95LEY-53731010UM,FEBEST,,General,UNCLASSIFIED,USED,NEW,OEM,34.16,USD,95LEY-53731010UM,398121234411,95LEY-53731010UM,95LEY-53731010UM,,,https://www.ebay.com/itm/398121234411,2,NEEDS_REVIEW,,,,,,,,,,
Rinforzo guscio porta Toyota Corolla 2018-2019 6705702010,Toyota Corolla,,General,UNCLASSIFIED,USED,NEW,OEM,87.24,USD,SAPOP52-GB-546,398121234414,6705702010,6705702010,,,https://www.ebay.com/itm/398121234414,1,CONFIRMED,,,,,,,,,,
Audi 2015-2016 A5 Cap Handle Cover 8K0839879 GRU,Audi,,General,UNCLASSIFIED,USED,NEW,OEM,43.71,USD,SAPOP14-MT-435,398121234430,8K0839879,8K0839879,,,https://www.ebay.com/itm/398121234430,1,NEEDS_REVIEW,,,,,,,,,,
Mini Cooper 2022-2024 Mini Cooper Wheel Opening Molding 51115A3C7E5,Mini Cooper,,Wheels,UNCLASSIFIED,USED,NEW,OEM,87.42,USD,SAPOP33-GB-151,398121234442,51115A3C7E5,51115A3C7E5,,,https://www.ebay.com/itm/398121234442,1,CONFIRMED,,,,,,,,,,
Tubo tubo frigo evaporatore anteriore AC a console Lexus LX570 2008-2016 8872...,Lexus,,Interior,UNCLASSIFIED,USED,NEW,OEM,52.49,USD,SAPOP47-GB-556,398121234444,8872060210,8872060210,,,https://www.ebay.com/itm/398121234444,1,CONFIRMED,,,,,,,,,,
Tubo aspirazione Lexus LS430 2002 1637750040,Lexus,,General,UNCLASSIFIED,USED,NEW,OEM,61.22,USD,SAPOP42-AL-69,398121234483,1637750040,1637750040,,,https://www.ebay.com/itm/398121234483,1,CONFIRMED,,,,,,,,,,
FEBEST General Motors Inner Tie Rod 1822-ASK,FEBEST,,Engine,UNCLASSIFIED,USED,NEW,OEM,42.92,USD,1822-ASK,398121234529,1822-ASK,1822-ASK,,,https://www.ebay.com/itm/398121234529,2,NEEDS_REVIEW,,,,,,,,,,
Febest 1998-2007 Lexus LX470 Steering Gear Boot TRKB-100,FEBEST,,General,UNCLASSIFIED,USED,NEW,OEM,28.89,USD,SAP-15540,398121234531,TRKB-100,TRKB-100,,,https://www.ebay.com/itm/398121234531,3,CONFIRMED,,,,,,,,,,
Febbraio 1996-2006 Mitsubishi Galant giunto CV interno 0411-EA2A,FEBEST,,General,UNCLASSIFIED,USED,NEW,OEM,74.34,USD,SAP-21196,398121234534,0411-EA2A,0411-EA2A,,,https://www.ebay.com/itm/398121234534,3,CONFIRMED,,,,,,,,,,
Roulement d'arbre de transmission Febest 2005-2006 Hyundai Santa Fe HYCB-001,FEBEST,,Transmission,UNCLASSIFIED,USED,NEW,OEM,48.17,USD,HYCB-001,398121234543,HYCB-001,HYCB-001,,,https://www.ebay.com/itm/398121234543,2,CONFIRMED,,,,,,,,,,
Interruttore avviamento a spinta accensione anteriore Lexus LS 460 2007 con c...,Lexus,,General,UNCLASSIFIED,USED,NEW,OEM,87.39,USD,LEX-LS-3145-DB-GG,398121234554,89611-50010,89611-50010,,,https://www.ebay.com/itm/398121234554,1,CONFIRMED,,,,,,,,,,
FEBEST 2005-2013 Mitsubishi Outlander Cavo freno di stazionamento destro 0410...,FEBEST,,General,UNCLASSIFIED,USED,NEW,OEM,42.92,USD,04100-CWRH,398121234559,04100-CWRH,04100-CWRH,,,https://www.ebay.com/itm/398121234559,2,CONFIRMED,,,,,,,,,,
Tubo trasferimento liquido di raffreddamento BMW X5 2008 pieghevole anteriore...,BMW,,General,UNCLASSIFIED,USED,NEW,OEM,52.54,USD,BMW-X5-4619-EN-C,398121234584,11141439975,11141439975,,,https://www.ebay.com/itm/398121234584,1,CONFIRMED,,,,,,,,,,
2016 Mini Cooper Clubman Trailing Arm 33308842879,Mini,,General,UNCLASSIFIED,USED,NEW,OEM,139.86,USD,SAPOP33-SJ-319,398121234586,"",,,,https://www.ebay.com/itm/398121234586,1,CONFIRMED,,,,,,,,,,
2014 Lexus LX570 Front Left Brake Dust Shield 4770460090,Lexus,,Brakes,UNCLASSIFIED,USED,NEW,OEM,43.74,USD,SAPOP47-AL-173,398121234626,"",,,,https://www.ebay.com/itm/398121234626,1,CONFIRMED,,,,,,,,,,
FEBEST 2021 Honda City Pulley Idler 0488-CY6A,FEBEST,,General,UNCLASSIFIED,USED,NEW,OEM,86.72,USD,0488-CY6A,398121234640,0488-CY6A,0488-CY6A,,,https://www.ebay.com/itm/398121234640,2,CONFIRMED,,,,,,,,,,
Console sedile anteriore sinistra Mini Cooper Clubman 2020 41007402179,Mini,,Interior,UNCLASSIFIED,USED,NEW,OEM,179.23,USD,SAPOP33-SJ-499,398121234642,41007402179,41007402179,,,https://www.ebay.com/itm/398121234642,1,CONFIRMED,,,,,,,,,,
Staffa di montaggio Volkswagen Jetta 1K1857021D 2013,Volkswagen,,General,UNCLASSIFIED,USED,NEW,OEM,69.93,USD,SAPOP38-AL-60,398121234645,1K1857021D,1K1857021D,,,https://www.ebay.com/itm/398121234645,1,CONFIRMED,,,,,,,,,,
Turbocompressore Audi Q5 06H145702R 2012,Audi,,General,UNCLASSIFIED,USED,NEW,OEM,314.74,USD,SAPOP14-AL-86,398121234661,06H145702R,06H145702R,,,https://www.ebay.com/itm/398121234661,1,CONFIRMED,,,,,,,,,,
2018-2019 Toyota Corolla Upper Center Pillar Trim 6241002130B0,Toyota Corolla,,Wheels,UNCLASSIFIED,USED,NEW,OEM,95.96,USD,SAPOP52-GB-480,398121234662,6241002130B0,6241002130B0,,,https://www.ebay.com/itm/398121234662,1,CONFIRMED,,,,,,,,,,
Audi 2009-2017 Q5 C-Pillar Trim Panel 8R0867288B K23,Audi,,Body,UNCLASSIFIED,USED,NEW,OEM,87.43,USD,SAPOP14-GB-589,398121234669,8R0867288B K23; 8R0867288B,8R0867288B K23,,,https://www.ebay.com/itm/398121234669,1,NEEDS_REVIEW,,,,,,,,,,
"FEBEST 2012-2016 Guarnizione Albero Mazda 6, Differenziale 95HFW-45740818L",FEBEST,,General,UNCLASSIFIED,USED,NEW,OEM,34.16,USD,95HFW-45740818L,398121234673,95HFW-45740818L,95HFW-45740818L,,,https://www.ebay.com/itm/398121234673,2,CONFIRMED,,,,,,,,,,
Febest 06-09 Land Rover Range Rover Sport Puleggia Idler Kit 2988-DIV,FEBEST,,General,UNCLASSIFIED,USED,NEW,OEM,86.72,USD,2988-DIV,398121234695,2988-DIV,2988-DIV,,,https://www.ebay.com/itm/398121234695,2,NEEDS_REVIEW,,,,,,,,,,
2014 Lexus LX570 Left Fuel Rail 2381538011,Lexus,,General,UNCLASSIFIED,USED,NEW,OEM,96.31,USD,SAPOP47-AL-101,398121234696,"",,,,https://www.ebay.com/itm/398121234696,1,CONFIRMED,,,,,,,,,,
2012 BMW 740Li A/C AC CLIMATISATION PRESSION HOSE LINE Occasion OEM 64539144781,BMW,,General,UNCLASSIFIED,USED,NEW,OEM,63.83,USD,BMW-740-C576-AC-P,398121234698,64539144781,64539144781,,,https://www.ebay.com/itm/398121234698,1,CONFIRMED,,,,,,,,,,
Deflettore acqua cappuccio Toyota Corolla 2018-2019 5573402200,Toyota Corolla,,General,UNCLASSIFIED,USED,NEW,OEM,43.7,USD,SAPOP52-GB-417,398121234712,5573402200,5573402200,,,https://www.ebay.com/itm/398121234712,1,CONFIRMED,,,,,,,,,,
FEBEST BMW Clip di fissaggio 88570-046,FEBEST,,General,UNCLASSIFIED,USED,NEW,OEM,34.16,USD,88570-046,398121234714,88570-046,88570-046,,,https://www.ebay.com/itm/398121234714,2,NEEDS_REVIEW,,,,,,,,,,
Gruppo tenditore cinghia Febest 0290-G15RA,FEBEST,,General,UNCLASSIFIED,USED,NEW,OEM,59.5,USD,SAP-18695,398121234723,0290-G15RA,0290-G15RA,,,https://www.ebay.com/itm/398121234723,3,NEEDS_REVIEW,,,,,,,,,,
FEBEST 2014 Kia Sorento Front Stabilizer Bar Bush HYSB-SFB8F,FEBEST,,General,UNCLASSIFIED,USED,NEW,OEM,86.72,USD,HYSB-SFB8F,398121234737,HYSB-SFB8F,HYSB-SFB8F,,,https://www.ebay.com/itm/398121234737,2,CONFIRMED,,,,,,,,,,
Support moteur avant FEBEST 2003-2004 Mitsubishi Space Star MM-DA1FR,FEBEST,,General,UNCLASSIFIED,USED,NEW,OEM,86.72,USD,MM-DA1FR,398121234743,MM-DA1FR,MM-DA1FR,,,https://www.ebay.com/itm/398121234743,2,NOT_VERIFIED,,,,,,,,,,
2008 Porsche Cayenne Fuel Line used OEM 95511012500,Porsche,,General,UNCLASSIFIED,USED,NEW,OEM,61.2,USD,POR-CAY-9697-FL-B,398121234744,95511012500,95511012500,,,https://www.ebay.com/itm/398121234744,1,CONFIRMED,,,,,,,,,,
Interruttore di pericolo Mini Cooper 2021-2024 Mini Cooper Clubman 61315A68110,Mini,,General,UNCLASSIFIED,USED,NEW,OEM,130.88,USD,SAPOP33-GB-71,398121234746,61315A68110,61315A68110,,,https://www.ebay.com/itm/398121234746,1,CONFIRMED,,,,,,,,,,
FEBEST 2006-2015 Jeep Grand Cherokee Front Stabilizer Link 2023-GRCHF,FEBEST,,General,UNCLASSIFIED,USED,NEW,OEM,86.72,USD,2023-GRCHF,398121234747,2023-GRCHF,2023-GRCHF,,,https://www.ebay.com/itm/398121234747,2,CONFIRMED,,,,,,,,,,
Isolatore cruscotto Lexus LX570 2014 5521560030,Lexus,,General,UNCLASSIFIED,USED,NEW,OEM,52.54,USD,SAPOP47-MT-789,398121234763,5521560030,5521560030,,,https://www.ebay.com/itm/398121234763,1,CONFIRMED,,,,,,,,,,
FEBEST 1997-2001 Chrysler Sebring Brake Caliper Repair Kit 0475-EAF,FEBEST,,Brakes,UNCLASSIFIED,USED,NEW,OEM,34.16,USD,0475-EAF,398121234768,0475-EAF,0475-EAF,,,https://www.ebay.com/itm/398121234768,2,CONFIRMED,,,,,,,,,,
2002 Lexus LS430 Cover Front Floor Left 5816650010,Lexus,,General,UNCLASSIFIED,USED,NEW,OEM,131.14,USD,SAPOP42-AL-382,398121234776,"",,,,https://www.ebay.com/itm/398121234776,1,CONFIRMED,,,,,,,,,,
Barra di impatto paraurti Audi A7 2016-2018 4G8807309C,Audi,,General,UNCLASSIFIED,USED,NEW,OEM,611.14,USD,Audi-A7-Quattro-2772-BIB,398121234777,4G8807309C,4G8807309C,,,https://www.ebay.com/itm/398121234777,1,CONFIRMED,,,,,,,,,,
Febest Steering Tie Rod 0222-CA33,FEBEST,,General,UNCLASSIFIED,USED,NEW,OEM,31.67,USD,SAP-22372,398121234779,0222-CA33,0222-CA33,,,https://www.ebay.com/itm/398121234779,3,NEEDS_REVIEW,,,,,,,,,,
Tubo depuratore aria Nissan X-Trail FEBEST 2007-2013 NAH-J10E,FEBEST,,General,UNCLASSIFIED,USED,NEW,OEM,48.17,USD,NAH-J10E,398121234780,NAH-J10E,NAH-J10E,,,https://www.ebay.com/itm/398121234780,2,CONFIRMED,,,,,,,,,,
Tirante sterzo Febest 1522-T11D16,FEBEST,,General,UNCLASSIFIED,USED,NEW,OEM,37.32,USD,SAP-21246,398121234790,1522-T11D16,1522-T11D16,,,https://www.ebay.com/itm/398121234790,3,NEEDS_REVIEW,,,,,,,,,,
Ammortizzatore anteriore sinistro FEBEST 2004-2012 MAZDA 3 05665298FL,FEBEST,,General,UNCLASSIFIED,USED,NEW,OEM,91.97,USD,05665298FL,398121234793,05665298FL,05665298FL,,,https://www.ebay.com/itm/398121234793,2,CONFIRMED,,,,,,,,,,
Gruppo cuscinetto ruota posteriore e mozzo Chevrolet Camaro 2010-2015 13589509,Chevrolet,,General,UNCLASSIFIED,USED,NEW,OEM,131.11,USD,SAPOP21-GB-173,398121234804,13589509,13589509,,,https://www.ebay.com/itm/398121234804,1,CONFIRMED,,,,,,,,,,
Capteur de pression de carburant Jaguar F-Pace 2018 C2D50886,Jaguar,,General,UNCLASSIFIED,USED,NEW,OEM,87.42,USD,SAPOP24-SJ-158,398121234806,C2D50886,C2D50886,,,https://www.ebay.com/itm/398121234806,1,CONFIRMED,,,,,,,,,,
Mercedes 2013 Mercedes-Benz C350 Damping A2046820010,Mercedes,,General,UNCLASSIFIED,USED,NEW,OEM,104.92,USD,SAPOP44-GB-61,398121234814,A2046820010,A2046820010,,,https://www.ebay.com/itm/398121234814,1,NEEDS_REVIEW,,,,,,,,,,
Moyeu de roue avant FEBEST 2007-2012 Nissan Tiida 0282-C11XFRM,FEBEST,,General,UNCLASSIFIED,USED,NEW,OEM,86.72,USD,0282-C11XFRM,398121234815,0282-C11XFRM,0282-C11XFRM,,,https://www.ebay.com/itm/398121234815,2,CONFIRMED,,,,,,,,,,
FEBEST 2001-2006 Lexus LS430 Steering Tie Rod End Left 0121-UCF30LH,FEBEST,,General,UNCLASSIFIED,USED,NEW,OEM,86.72,USD,0121-UCF30LH,398121234820,0121-UCF30LH,0121-UCF30LH,,,https://www.ebay.com/itm/398121234820,2,CONFIRMED,,,,,,,,,,
Cuscinetto ruota anteriore Febest DAC47880055M,FEBEST,,General,UNCLASSIFIED,USED,NEW,OEM,61.16,USD,SAP-21646,398121234837,DAC47880055M,DAC47880055M,,,https://www.ebay.com/itm/398121234837,3,NEEDS_REVIEW,,,,,,,,,,
Caricabatteria Dodge 2013 ponte centrale posteriore apertura pannello inferio...,Dodge,,General,UNCLASSIFIED,USED,NEW,OEM,183.93,USD,DOG-CHG-3627-BP2-K,398121234848,68037874AE,68037874AE,,,https://www.ebay.com/itm/398121234848,1,NEEDS_REVIEW,,,,,,,,,,
FEBEST 2012-2016 Giunto treppiede Hyundai Santa Fe 1216-DM24MT,FEBEST,,General,UNCLASSIFIED,USED,NEW,OEM,42.92,USD,1216-DM24MT,398121234879,1216-DM24MT,1216-DM24MT,,,https://www.ebay.com/itm/398121234879,2,CONFIRMED,,,,,,,,,,
Cuscinetto ammortizzatore anteriore FEBEST 2007-2012 SUZUKI SX4 SZB-001,FEBEST,,General,UNCLASSIFIED,USED,NEW,OEM,86.72,USD,SZB-001,398121234880,SZB-001,SZB-001,,,https://www.ebay.com/itm/398121234880,2,CONFIRMED,,,,,,,,,,
2017 Volkswagen Tiguan A/C Condenser 5N0820411E,VolksWagen,,General,UNCLASSIFIED,USED,NEW,OEM,174.85,USD,SAPOP40-AL-139,398121234885,5N0820411E,5N0820411E,,,https://www.ebay.com/itm/398121234885,1,CONFIRMED,,,,,,,,,,
FEBEST 2007-2016 Honda CR-V Collegamento laterale sinistro posteriore 0325-CR...,FEBEST,,General,UNCLASSIFIED,USED,NEW,OEM,34.16,USD,0325-CRVADJRLH,398121234890,0325-CRVADJRLH; 0325-CR,0325-CRVADJRLH,,,https://www.ebay.com/itm/398121234890,2,CONFIRMED,,,,,,,,,,
FEBEST 1996-2006 Mitsubishi Montero giunto CV interno sinistro 0411-KB4LH,FEBEST,,General,UNCLASSIFIED,USED,NEW,OEM,86.72,USD,0411-KB4LH,398121234897,0411-KB4LH,0411-KB4LH,,,https://www.ebay.com/itm/398121234897,2,CONFIRMED,,,,,,,,,,
Bracciolo porta Audi 2010-2021 Q5 8R1867174B 24A,Audi,,General,UNCLASSIFIED,USED,NEW,OEM,105.79,USD,DFR-003,398121234907,8R1867174B 24A; 8R1867174B,8R1867174B 24A,,,https://www.ebay.com/itm/398121234907,1,NEEDS_REVIEW,,,,,,,,,,
Cablaggio cuscino sedile Jeep 2014 Cherokee 68190079AC,Jeep,,General,UNCLASSIFIED,USED,NEW,OEM,43.71,USD,SAPOP26-MT-391,398121234908,68190079AC,68190079AC,,,https://www.ebay.com/itm/398121234908,1,NEEDS_REVIEW,,,,,,,,,,
Mini 2014-2024 Mini Cooper Slide Rail 11317617474,Mini,,General,UNCLASSIFIED,USED,NEW,OEM,69.94,USD,SAPOP33-GB-213,398121237253,"",,,,https://www.ebay.com/itm/398121237253,1,NEEDS_REVIEW,,,,,,,,,,
FEBEST 07-08 Alfa Romeo 159 Pinza Freno Guida Pinza 0274-K12EF-KIT,FEBEST,,General,UNCLASSIFIED,USED,NEW,OEM,86.72,USD,0274-K12EF-KIT,398121237240,0274-K12EF-KIT,0274-K12EF-KIT,,,https://www.ebay.com/itm/398121237240,2,NEEDS_REVIEW,,,,,,,,,,
Jaguar 2017-2023 Jaguar F-Pace Console Tray T2H3380,Jaguar,,Interior,UNCLASSIFIED,USED,NEW,OEM,69.91,USD,CSL-011,398121237238,T2H3380,T2H3380,,,https://www.ebay.com/itm/398121237238,1,NEEDS_REVIEW,,,,,,,,,,
FEBEST 2004 Ford Focus Tie Rod End 2121-FOCIIILH,FEBEST,,General,UNCLASSIFIED,USED,NEW,OEM,34.16,USD,2121-FOCIIILH,398121237218,2121-FOCIIILH,2121-FOCIIILH,,,https://www.ebay.com/itm/398121237218,2,CONFIRMED,,,,,,,,,,
FEBEST Ford 3 665 giunto sferico braccio superiore anteriore 0520-BT50UP,FEBEST,,General,UNCLASSIFIED,USED,NEW,OEM,86.72,USD,0520-BT50UP,398121237203,0520-BT50UP,0520-BT50UP,,,https://www.ebay.com/itm/398121237203,2,NEEDS_REVIEW,,,,,,,,,,
Cuscino telaio Infiniti QX56 febbraio 2004-2013 NM-R51M1,FEBEST,,General,UNCLASSIFIED,USED,NEW,OEM,39.46,USD,SAP-21240,398121237182,NM-R51M1,NM-R51M1,,,https://www.ebay.com/itm/398121237182,3,CONFIRMED,,,,,,,,,,
Febest 2005-2014 Nissan Pathfinder Camber Regolazione Bullone Eccentrico 0229...,FEBEST,,General,UNCLASSIFIED,USED,NEW,OEM,86.72,USD,0229-006,398121237174,0229-006,0229-006,,,https://www.ebay.com/itm/398121237174,2,CONFIRMED,,,,,,,,,,
Poulie de vilebrequin Mitsubishi Outlander FEBEST 2003-2008 MDS-CU2W,FEBEST,,General,UNCLASSIFIED,USED,NEW,OEM,86.72,USD,MDS-CU2W,398121237172,MDS-CU2W,MDS-CU2W,,,https://www.ebay.com/itm/398121237172,2,CONFIRMED,,,,,,,,,,
FEBEST NISSAN Bushing Idler Arm NSB-058,FEBEST,,General,UNCLASSIFIED,USED,NEW,OEM,86.72,USD,NSB-058,398121237164,NSB-058,NSB-058,,,https://www.ebay.com/itm/398121237164,2,NEEDS_REVIEW,,,,,,,,,,
Alloggiamento filtro aria tubo aspirazione Mini Cooper per turbocompressore 1...,Mini Cooper,,General,UNCLASSIFIED,USED,NEW,OEM,87.42,USD,EN-020,398121237153,13717619268,13717619268,,,https://www.ebay.com/itm/398121237153,1,NEEDS_REVIEW,,,,,,,,,,
Cavo serratura porta esterna FEBEST HYUNDAI 22104-H0F2,FEBEST,,General,UNCLASSIFIED,USED,NEW,OEM,34.16,USD,22104-H0F2,398121237152,22104-H0F2,22104-H0F2,,,https://www.ebay.com/itm/398121237152,2,NEEDS_REVIEW,,,,,,,,,,
2002 Lexus LS430 Connecting Rod 1320150032,Lexus,,General,UNCLASSIFIED,USED,NEW,OEM,87.47,USD,SAPOP42-AL-41,398121237151,"",,,,https://www.ebay.com/itm/398121237151,1,CONFIRMED,,,,,,,,,,
2011 Audi A6 Quattro Fender Splash Shield Occasion OEM 4G0821134D,Audi,,Body,UNCLASSIFIED,USED,NEW,OEM,83.46,USD,AUD-QUA-4094-FD1-B,398121237150,4G0821134D,4G0821134D,,,https://www.ebay.com/itm/398121237150,1,CONFIRMED,,,,,,,,,,
Clip speciale per tubi Jaguar S-Type XR81499 1999-2002,Jaguar,,General,UNCLASSIFIED,USED,NEW,OEM,43.7,USD,SAPOP25-AL-238,398121237127,XR81499,XR81499,,,https://www.ebay.com/itm/398121237127,1,CONFIRMED,,,,,,,,,,
FEBEST 2003-2008 Hyundai Elantra Set pastiglie freno 1201-LANR,FEBEST,,General,UNCLASSIFIED,USED,NEW,OEM,86.72,USD,1201-LANR,398121237121,1201-LANR,1201-LANR,,,https://www.ebay.com/itm/398121237121,2,CONFIRMED,,,,,,,,,,
2017 Jaguar F-Pace Windshield Washer Nozzle T4A1150,Jaguar,,General,UNCLASSIFIED,USED,NEW,OEM,43.72,USD,Jaguar-F-Pace-2307-WSWN,398121237103,T4A1150,T4A1150,,,https://www.ebay.com/itm/398121237103,1,CONFIRMED,,,,,,,,,,
Lexus LS430 2002 Tubo Raffreddatore Aspirazione Refrigerante A 88717503504,Lexus,,General,UNCLASSIFIED,USED,NEW,OEM,87.63,USD,SAPOP43-MT-638,398121237095,88717503504,88717503504,,,https://www.ebay.com/itm/398121237095,1,CONFIRMED,,,,,,,,,,
Caricabatteria Dodge 2013 paraurti centrale posteriore assorbitore di...,Dodge,,General,UNCLASSIFIED,USED,NEW,OEM,69.94,USD,DOG-CHG-3627-BP2-J,398121237081,57010467AB,57010467AB,,,https://www.ebay.com/itm/398121237081,1,NEEDS_REVIEW,,,,,,,,,,
Cerniera cappuccio sinistra Chevrolet Camaro 2011 92235925,Chevrolet,,General,UNCLASSIFIED,USED,NEW,OEM,52.43,USD,SAPOP21-AL-457,398121237052,92235925,92235925,,,https://www.ebay.com/itm/398121237052,1,CONFIRMED,,,,,,,,,,
FEBEST 2007 Chevrolet Avalanche Stabiliser Mounting CDSB-GMT800F,FEBEST,,General,UNCLASSIFIED,USED,NEW,OEM,34.16,USD,CDSB-GMT800F,398121237048,CDSB-GMT800F,CDSB-GMT800F,,,https://www.ebay.com/itm/398121237048,2,CONFIRMED,,,,,,,,,,
Pantaloni di scarico Lexus LS430 2002 8871150070,Lexus,,General,UNCLASSIFIED,USED,NEW,OEM,81.12,USD,SAPOP43-MT-89,398121237046,8871150070,8871150070,,,https://www.ebay.com/itm/398121237046,1,CONFIRMED,,,,,,,,,,
Engine crankshaft oil seal FEBEST NISSAN 95GDS-3441010X,FEBEST,,Engine,UNCLASSIFIED,USED,NEW,OEM,86.72,USD,95GDS-34441010X,398121233888,95GDS-3441010X,95GDS-3441010X,,,https://www.ebay.com/itm/398121233888,2,NEEDS_REVIEW,,,,,,,,,,
Right rear window upper outer seal Mercedes GL500 2008 used...,Mercedes-Benz,,General,UNCLASSIFIED,USED,NEW,OEM,56.93,USD,MRC-GL5-9750-DR4-R,398121233897,"",,,,https://www.ebay.com/itm/398121233897,1,CONFIRMED,,,,,,,,,,
Left front fender liner insulator Cadillac CTS 2011 used...,Cadillac,,Body,UNCLASSIFIED,USED,NEW,OEM,52.45,USD,CAD-CTS-7984-FD1-B,398121233898,"",,,,https://www.ebay.com/itm/398121233898,1,CONFIRMED,,,,,,,,,,
Steering tie rod Cadillac CTS 2011 used OEM 22777702,Cadillac,,General,UNCLASSIFIED,USED,NEW,OEM,166.11,USD,CAD-CTS-7984-DB-K,398121233905,22777702,22777702,,,https://www.ebay.com/itm/398121233905,1,CONFIRMED,,,,,,,,,,
Dodge Charger HVAC Heater Core 2013 used OEM 68110623AA,Dodge,,General,UNCLASSIFIED,USED,NEW,OEM,262.28,USD,DOG-CHG-3627-AC-I,398121233913,68110623AA,68110623AA,,,https://www.ebay.com/itm/398121233913,1,CONFIRMED,,,,,,,,,,
Left steering knuckle Lexus IS250 2007 used OEM 43202-53010,Lexus,,General,UNCLASSIFIED,USED,NEW,OEM,214.31,USD,LEX-IS-1277-SU-M,398121233922,43202-53010,43202-53010,,,https://www.ebay.com/itm/398121233922,1,CONFIRMED,,,,,,,,,,
Drain plug Mazda 3 2008 used OEM BP4K68406C30,Mazda,,General,UNCLASSIFIED,USED,NEW,OEM,52.45,USD,MAZ-MZ3-2088-DR1-N,398121233928,BP4K68406C30,BP4K68406C30,,,https://www.ebay.com/itm/398121233928,1,CONFIRMED,,,,,,,,,,
HVAC unit housing support Audi S4 2015 used OEM 7L0819259,Audi,,General,UNCLASSIFIED,USED,NEW,OEM,43.7,USD,SAPOP16-MT-316,398121233932,7L0819259,7L0819259,,,https://www.ebay.com/itm/398121233932,1,CONFIRMED,,,,,,,,,,
Lower A/C and heater housing Jeep Cherokee 2014 68223046AA,Jeep,,General,UNCLASSIFIED,USED,NEW,OEM,69.94,USD,SAPOP26-AL-566,398121233939,68223046AA,68223046AA,,,https://www.ebay.com/itm/398121233939,1,CONFIRMED,,,,,,,,,,
Grille side molding Toyota Camry 2018 used OEM 53124-33140,Toyota,,Body,UNCLASSIFIED,USED,NEW,OEM,48.96,USD,TOY-CAM-9731-BP3-C,398121233955,53124-33140,53124-33140,,,https://www.ebay.com/itm/398121233955,1,CONFIRMED,,,,,,,,,,
Windshield hood rain channel cover Audi Q7 2007 used OEM 4L0819979,Audi,,Body,UNCLASSIFIED,USED,NEW,OEM,56.7,USD,AUD-Q7-8323-CH-FFF,398121233964,4L0819979,4L0819979,,,https://www.ebay.com/itm/398121233964,1,CONFIRMED,,,,,,,,,,
Exterior door handle Porsche Cayenne 2008 used OEM 95553201000G2X,Porsche,,Body,UNCLASSIFIED,USED,NEW,OEM,144.51,USD,POR-CAY-9697-DR4-P,398121233965,95553201000G2X,95553201000G2X,,,https://www.ebay.com/itm/398121233965,1,CONFIRMED,,,,,,,,,,
Left front door lower hinge assembly Lexus LS460 2007 used OEM...,Lexus,,Body,UNCLASSIFIED,USED,NEW,OEM,43.7,USD,LEX-LS-3145-DR2-M,398121233988,68740-30060,68740-30060,,,https://www.ebay.com/itm/398121233988,1,CONFIRMED,,,,,,,,,,
FEBEST 2012 Mitsubishi Outlander Left Front Gas Shock Absorber 04110-005FL,FEBEST,,Suspension,UNCLASSIFIED,USED,NEW,OEM,91.97,USD,04110-005FL,398121233991,04110-005FL,04110-005FL,,,https://www.ebay.com/itm/398121233991,2,CONFIRMED,,,,,,,,,,
Right rear door check Volkswagen Tiguan 2009-2018 5N0839249A,VolksWagen,,Body,UNCLASSIFIED,USED,NEW,OEM,83.06,USD,SAPOP40-GB-660,398121233993,5N0839249A,5N0839249A,,,https://www.ebay.com/itm/398121233993,1,CONFIRMED,,,,,,,,,,
Rear lower spring seat Toyota Corolla FEBEST 1991-2002 TSI-110R,FEBEST,,Suspension,UNCLASSIFIED,USED,NEW,OEM,86.72,USD,TSI-110R,398121234000,TSI-110R,TSI-110R,,,https://www.ebay.com/itm/398121234000,2,NOT_VERIFIED,,,,,,,,,,
Upper control arm bushing FEBEST MAZDA MZAB-087,FEBEST,,Suspension,UNCLASSIFIED,USED,NEW,OEM,86.72,USD,MZAB-087,398121234006,MZAB-087,MZAB-087,,,https://www.ebay.com/itm/398121234006,2,NEEDS_REVIEW,,,,,,,,,,
Left front height sensor link subassembly Lexus LS430 2002 4...,Lexus,,Electrical,UNCLASSIFIED,USED,NEW,OEM,74.32,USD,SAPOP43-GB-427,398121234009,"",,,,https://www.ebay.com/itm/398121234009,1,CONFIRMED,,,,,,,,,,
Dodge 2013 front center bumper reinforcement beam used...,Dodge,,Body,UNCLASSIFIED,USED,NEW,OEM,174.86,USD,DOG-CHG-3627-BP1-H,398121234028,68100209AC,68100209AC,,,https://www.ebay.com/itm/398121234028,1,NEEDS_REVIEW,,,,,,,,,,
Engine oil cooler Audi Q5 2012 06J117021J,Audi,,Engine,UNCLASSIFIED,USED,NEW,OEM,96.16,USD,SAPOP14-AL-32,398121234042,06J117021J,06J117021J,,,https://www.ebay.com/itm/398121234042,1,CONFIRMED,,,,,,,,,,
FEBEST 2005-2012 Nissan Pathfinder Ball Joint Boot NBJB-R51RLOW,FEBEST,,General,UNCLASSIFIED,USED,NEW,OEM,86.72,USD,NBJB-R51RLOW,398121234044,NBJB-R51RLOW,NBJB-R51RLOW,,,https://www.ebay.com/itm/398121234044,2,CONFIRMED,,,,,,,,,,
Left rear suspension arm FEBEST 2019-2021 Hyundai Sonata Bushing KAB...,FEBEST,,Suspension,UNCLASSIFIED,USED,NEW,OEM,42.92,USD,KAB-K5RL,398121234045,"",,,,https://www.ebay.com/itm/398121234045,2,CONFIRMED,,,,,,,,,,
Engine coolant pipe Lexus LS430 2002 1626450070,Lexus,,Engine,UNCLASSIFIED,USED,NEW,OEM,43.73,USD,SAPOP42-AL-77,398121234052,1626450070,1626450070,,,https://www.ebay.com/itm/398121234052,1,CONFIRMED,,,,,,,,,,
Windshield washer check valve Toyota Corolla 2008-2023 used OEM 8532128020,Toyota Corolla,,General,UNCLASSIFIED,USED,NEW,OEM,43.7,USD,SAPOP52-MT-271,398121234057,"8532128020, 85321-28020; 8532128020","8532128020, 85321-28020",,,https://www.ebay.com/itm/398121234057,1,CONFIRMED,,,,,,,,,,
Right exterior door handle carrier BMW X5 2008 OEM 51227215490 used...,BMW,,Body,UNCLASSIFIED,USED,NEW,OEM,122.4,USD,BMW-X5-4619-DR1-B,398121234059,51227215490,51227215490,,,https://www.ebay.com/itm/398121234059,1,CONFIRMED,,,,,,,,,,
Left rear outer entry rail Mercedes-Benz C350 2007 A2046800335,Mercedes,,General,UNCLASSIFIED,USED,NEW,OEM,96.17,USD,SAPOP44-GB-210,398121234073,A2046800335,A2046800335,,,https://www.ebay.com/itm/398121234073,1,CONFIRMED,,,,,,,,,,
Engine crankshaft pulley Nissan X-Trail FEBEST 2002-2013 NDS-YD22DD,FEBEST,,Engine,UNCLASSIFIED,USED,NEW,OEM,110.36,USD,SAP-21759,398121234082,NDS-YD22DD,NDS-YD22DD,,,https://www.ebay.com/itm/398121234082,3,CONFIRMED,,,,,,,,,,
Lower control arm bushing FEBEST General Motors SZAB-033,FEBEST,,Engine,UNCLASSIFIED,USED,NEW,OEM,86.72,USD,SZAB-033,398121234087,SZAB-033,SZAB-033,,,https://www.ebay.com/itm/398121234087,2,NEEDS_REVIEW,,,,,,,,,,
Front lower bumper Lexus LS 460 2007 OEM 52614-50010 used,Lexus,,Body,UNCLASSIFIED,USED,NEW,OEM,83.05,USD,LEX-LS-3145-BP1-D,398121234089,52614-50010,52614-50010,,,https://www.ebay.com/itm/398121234089,1,CONFIRMED,,,,,,,,,,
Front shock mount Febest 08-14 Scion xD TSS-KSP90F,FEBEST,,Suspension,UNCLASSIFIED,USED,NEW,OEM,44.59,USD,SAP-22458,398121234093,TSS-KSP90F,TSS-KSP90F,,,https://www.ebay.com/itm/398121234093,3,NEEDS_REVIEW,,,,,,,,,,
Right seat belt Lexus LS 460 2007 rear inner anchor used OEM...,Lexus,,Interior,UNCLASSIFIED,USED,NEW,OEM,43.61,USD,LEX-LS-3145-ST3-W,398121234104,73650-50030,73650-50030,,,https://www.ebay.com/itm/398121234104,1,NOT_VERIFIED,,,,,,,,,,
Safety hood Jaguar F-Pace 2018 OEM used T4N3064,Jaguar,,Body,UNCLASSIFIED,USED,NEW,OEM,87.42,USD,SAPOP24-SJ-733,398121234105,USED; T4N3064,USED,,,https://www.ebay.com/itm/398121234105,1,CONFIRMED,,,,,,,,,,
Right trunk stop cover BMW X5 2008 used OEM 51247164861,BMW,,Body,UNCLASSIFIED,USED,NEW,OEM,52.48,USD,BMW-X5-4619-TK-L,398121234134,51247164861,51247164861,,,https://www.ebay.com/itm/398121234134,1,CONFIRMED,,,,,,,,,,
HVAC heater hose Porsche Cayenne S 2008 used OEM 95557278400,Porsche,,General,UNCLASSIFIED,USED,NEW,OEM,52.45,USD,POR-CAY-9697-AC-G,398121234150,95557278400,95557278400,,,https://www.ebay.com/itm/398121234150,1,CONFIRMED,,,,,,,,,,
Right rear interior door handle Lexus IS 250 2007 sub-assembly used OEM...,Lexus,,Body,UNCLASSIFIED,USED,NEW,OEM,105.47,USD,LEX-IS-1277-DR4-H,398121234164,67730-53010-C0,67730-53010-C0,,,https://www.ebay.com/itm/398121234164,1,CONFIRMED,,,,,,,,,,
Left front engine mount BMW 335i 2009 OEM used 41117135611,BMW,,Engine,UNCLASSIFIED,USED,NEW,OEM,164.36,USD,BMW-35i-2687-CH-PP,398121234169,41117135611; USED,41117135611,,,https://www.ebay.com/itm/398121234169,1,CONFIRMED,,,,,,,,,,
Water pipe MAZDA 3 2008 used OEM Z61013680A,Mazda,,General,UNCLASSIFIED,USED,NEW,OEM,52.44,USD,MAZ-MZ3-2088-EN-XX,398121234195,Z61013680A,Z61013680A,,,https://www.ebay.com/itm/398121234195,1,CONFIRMED,,,,,,,,,,
Roof panel Jaguar XF 2017 used OEM T2H19165,Jaguar,,Body,UNCLASSIFIED,USED,NEW,OEM,437.94,USD,JAG-XF-9202-RF-FF,398121234205,T2H19165,T2H19165,,,https://www.ebay.com/itm/398121234205,1,CONFIRMED,,,,,,,,,,
Front headrest Ford Fiesta 2016 used OEM G2BZ-54611A08-DB,Ford,,General,UNCLASSIFIED,USED,NEW,OEM,126.76,USD,FOR-FIE-0110-ST1-A,398121234212,G2BZ-54611A08-DB,G2BZ-54611A08-DB,,,https://www.ebay.com/itm/398121234212,1,CONFIRMED,,,,,,,,,,
HVAC heater core radiator Audi Q7 2007 used OEM 7L0...,Audi,,Cooling,UNCLASSIFIED,USED,NEW,OEM,83.18,USD,AUD-Q7-8323-AC-AA,398121234229,"",,,,https://www.ebay.com/itm/398121234229,1,CONFIRMED,,,,,,,,,,
Rear bumper cover Dodge Charger 2013 used OEM 68092608AB,Dodge,,Body,UNCLASSIFIED,USED,NEW,OEM,192.34,USD,DOG-CHG-3627-BP2-A,398121234230,68092608AB,68092608AB,,,https://www.ebay.com/itm/398121234230,1,CONFIRMED,,,,,,,,,,
Driveshaft oil seal FEBEST DAIHATSU 95HBY-34560915L,FEBEST,,General,UNCLASSIFIED,USED,NEW,OEM,86.72,USD,95HBY-34560915L,398121234234,95HBY-34560915L,95HBY-34560915L,,,https://www.ebay.com/itm/398121234234,2,NEEDS_REVIEW,,,,,,,,,,
Dodge Charger 2013 left rear outer wheelhouse panel used OEM ...,Dodge,,Body,UNCLASSIFIED,USED,NEW,OEM,117.76,USD,DOG-CHG-3627-FD3-F,398121234255,68037791AB,68037791AB,,,https://www.ebay.com/itm/398121234255,1,CONFIRMED,,,,,,,,,,
Rear armrest support Audi A6 Quattro 2011 used OEM 4G0864283,Audi,,General,UNCLASSIFIED,USED,NEW,OEM,52.46,USD,AUD-QUA-4094-CC-B,398121234265,4G0864283,4G0864283,,,https://www.ebay.com/itm/398121234265,1,CONFIRMED,,,,,,,,,,
Interior lamp assembly Lexus LS 460 2007 used OEM 81080-50030,Lexus,,General,UNCLASSIFIED,USED,NEW,OEM,43.7,USD,LEX-LS-3145-AC-I,398121234267,81080-50030,81080-50030,,,https://www.ebay.com/itm/398121234267,1,CONFIRMED,,,,,,,,,,
Liftgate hinge Porsche Cayenne 2008 used OEM 95551230101,Porsche,,General,UNCLASSIFIED,USED,NEW,OEM,113.88,USD,POR-CAY-9697-TK-D,398121234272,95551230101,95551230101,,,https://www.ebay.com/itm/398121234272,1,CONFIRMED,,,,,,,,,,
Right air brake duct BMW X5 2008 used OEM 51748037140,BMW,,Brakes,UNCLASSIFIED,USED,NEW,OEM,52.33,USD,BMW-X5-4619-BP-Z,398121234278,51748037140,51748037140,,,https://www.ebay.com/itm/398121234278,1,CONFIRMED,,,,,,,,,,
Febest 2001-2005 Nissan Almera Outer CV Joint 0210-N16A42,FEBEST,,General,UNCLASSIFIED,USED,NEW,OEM,66.54,USD,SAP-17930,398121234287,0210-N16A42,0210-N16A42,,,https://www.ebay.com/itm/398121234287,3,CONFIRMED,,,,,,,,,,
Front radiator support plastic panel Mazda3 2008 used OEM...,Mazda,,Body,UNCLASSIFIED,USED,NEW,OEM,104.92,USD,MAZ-MZ3-2088-BP-O,398121234289,BP4K53110H; MAZDA3,BP4K53110H,,,https://www.ebay.com/itm/398121234289,1,NEEDS_REVIEW,,,,,,,,,,
Front strut mount bearing Volkwagen Tiguan 2010 used OEM 1K0412249B,Volkswagen,,Suspension,UNCLASSIFIED,USED,NEW,OEM,74.46,USD,VOL-TIG-0710-SU-B,398121234294,1K0412249B,1K0412249B,,,https://www.ebay.com/itm/398121234294,1,NEEDS_REVIEW,,,,,,,,,,
Engine coolant overflow tube Audi Q7 2009 used OEM 7L0121156E,Audi,,Engine,UNCLASSIFIED,USED,NEW,OEM,87.41,USD,SAPOP16-MT-470,398121234297,7L0121156E,7L0121156E,,,https://www.ebay.com/itm/398121234297,1,CONFIRMED,,,,,,,,,,
Left C-pillar reinforcement BMW 740Li 2012 used OEM 41217204453,BMW,,General,UNCLASSIFIED,USED,NEW,OEM,349.74,USD,BMW-740-C576-CH-S,398121234308,41217204453,41217204453,,,https://www.ebay.com/itm/398121234308,1,CONFIRMED,,,,,,,,,,
Fuel filler door Mazda 3 2008 used OEM BN8V42410E,Mazda,,Body,UNCLASSIFIED,USED,NEW,OEM,57.7,USD,MAZ-MZ3-2088-FL-R,398121234320,BN8V42410E,BN8V42410E,,,https://www.ebay.com/itm/398121234320,1,CONFIRMED,,,,,,,,,,
Engine crankcase vent valve Lexus LX570 2014 1221538010,Lexus,,Engine,UNCLASSIFIED,USED,NEW,OEM,87.58,USD,SAPOP47-AL-680,398121234330,1221538010,1221538010,,,https://www.ebay.com/itm/398121234330,1,CONFIRMED,,,,,,,,,,
Engine oil filter housing Audi Q7 2007 used OEM 03H115403J,Audi,,Engine,UNCLASSIFIED,USED,NEW,OEM,109.49,USD,AUD-Q7-8323-EN-KK,398121234332,03H115403J,03H115403J,,,https://www.ebay.com/itm/398121234332,1,CONFIRMED,,,,,,,,,,
Front brake caliper repair kit Febest 0175-ZRE151F,FEBEST,,Brakes,UNCLASSIFIED,USED,NEW,OEM,86.72,USD,0175-ZRE151F,398121234335,0175-ZRE151F,0175-ZRE151F,,,https://www.ebay.com/itm/398121234335,2,NEEDS_REVIEW,,,,,,,,,,
Radiator hose MAZDA 3 2008 supplier used OEM Z60115185B,Mazda,,Cooling,UNCLASSIFIED,USED,NEW,OEM,52.44,USD,MAZ-MZ3-2088-EN-EE,398121234343,Z60115185B,Z60115185B,,,https://www.ebay.com/itm/398121234343,1,CONFIRMED,,,,,,,,,,
FEBEST DAIHATSU rear transverse arm bushing TAB-287,FEBEST,,General,UNCLASSIFIED,USED,NEW,OEM,86.72,USD,TAB-287,398121234346,TAB-287,TAB-287,,,https://www.ebay.com/itm/398121234346,2,NEEDS_REVIEW,,,,,,,,,,
Control unit mounting bracket Mercedes GL500 2008 used...,Mercedes-Benz,,General,UNCLASSIFIED,USED,NEW,OEM,52.53,USD,MRC-GL5-9750-EU-I,398121234360,"",,,,https://www.ebay.com/itm/398121234360,1,CONFIRMED,,,,,,,,,,
Engine crankshaft oil seal Toyota Sienna FEBEST 2010-2020 95HBY-42650915C,FEBEST,,Engine,UNCLASSIFIED,USED,NEW,OEM,86.72,USD,95HBY-42650915C,398121234366,95HBY-42650915C,95HBY-42650915C,,,https://www.ebay.com/itm/398121234366,2,CONFIRMED,,,,,,,,,,
Engine coolant pipe Audi Q7 2007 used OEM 03H121065C,Audi,,Engine,UNCLASSIFIED,USED,NEW,OEM,65.69,USD,AUD-Q7-8323-EN-CCC,398121234373,03H121065C,03H121065C,,,https://www.ebay.com/itm/398121234373,1,CONFIRMED,,,,,,,,,,
Door lock actuator motor Jaguar XF 2017 used OEM C2D49433,Jaguar,,Engine,UNCLASSIFIED,USED,NEW,OEM,131.84,USD,JAG-XF-9202-DR1-Q,398121234375,C2D49433,C2D49433,,,https://www.ebay.com/itm/398121234375,1,CONFIRMED,,,,,,,,,,
Brake dust shield Jaguar XF 2017 used OEM T2H41549,Jaguar,,Brakes,UNCLASSIFIED,USED,NEW,OEM,122.39,USD,JAG-XF-9202-BR-E,398121234365,T2H41549,T2H41549,,,https://www.ebay.com/itm/398121234365,1,CONFIRMED,,,,,,,,,,
Left front door upper molding Lexus LS430 2002 used OEM 7573450040,Lexus,,Body,UNCLASSIFIED,USED,NEW,OEM,87.47,USD,LXS-LX430-1377-FDM-1,398121234378,7573450040,7573450040,,,https://www.ebay.com/itm/398121234378,1,CONFIRMED,,,,,,,,,,
Rear arm bushing Honda CR-V HAB-234 Febest 2017-2020,FEBEST,,General,UNCLASSIFIED,USED,NEW,OEM,33.04,USD,SAP-22207,398121234380,HAB-234,HAB-234,,,https://www.ebay.com/itm/398121234380,3,CONFIRMED,,,,,,,,,,
FEBEST General Motors parking brake cable puller 10100-M100,FEBEST,,Engine,UNCLASSIFIED,USED,NEW,OEM,42.92,USD,10100-M100,398121234382,10100-M100,10100-M100,,,https://www.ebay.com/itm/398121234382,2,NEEDS_REVIEW,,,,,,,,,,
Rear module BMW 335i 2009 upper section USED OEM 41117179576,BMW,,Electrical,UNCLASSIFIED,USED,NEW,OEM,52.45,USD,BMW-35i-2687-TK-X,398121234402,41117179576,41117179576,,,https://www.ebay.com/itm/398121234402,1,CONFIRMED,,,,,,,,,,
Radiator support tie rod Volkswagen Tiguan 2010 used OEM 5N0806929A,Volkswagen,,Cooling,UNCLASSIFIED,USED,NEW,OEM,92.44,USD,VOL-TIG-0710-CL-NN,398121234403,5N0806929A,5N0806929A,,,https://www.ebay.com/itm/398121234403,1,CONFIRMED,,,,,,,,,,
Parking brake lever Lexus LS460 2007 OEM 46602-50050 used,Lexus,,Brakes,UNCLASSIFIED,USED,NEW,OEM,131.42,USD,LEX-LS-3145-BR-E,398121234407,46602-50050,46602-50050,,,https://www.ebay.com/itm/398121234407,1,CONFIRMED,,,,,,,,,,
Right rear bumper fascia support Dodge Charger 2013 used OEM...,Dodge,,Body,UNCLASSIFIED,USED,NEW,OEM,56.82,USD,DOG-CHG-3627-BP2-D,398121234417,"",,,,https://www.ebay.com/itm/398121234417,1,CONFIRMED,,,,,,,,,,
Febest 2007-2012 Dodge Caliber Inner CV Joint Boot Kit 2415-DUSTT,FEBEST,,General,UNCLASSIFIED,USED,NEW,OEM,86.72,USD,2415-DUSTT,398121234428,2415-DUSTT,2415-DUSTT,,,https://www.ebay.com/itm/398121234428,2,CONFIRMED,,,,,,,,,,
Brake master cylinder BMW 335i 2009 used OEM 34336785664,BMW,,Engine,UNCLASSIFIED,USED,NEW,OEM,69.94,USD,BMW-35i-2687-BR-V,398121234432,34336785664,34336785664,,,https://www.ebay.com/itm/398121234432,1,CONFIRMED,,,,,,,,,,
Left rear disc brake caliper Lexus LS430 2001-2006 4775050150,Lexus,,Brakes,UNCLASSIFIED,USED,NEW,OEM,91.81,USD,SAPOP42-GB-179,398121234433,"",,,,https://www.ebay.com/itm/398121234433,1,CONFIRMED,,,,,,,,,,
Brake caliper repair kit Febest 0175-NX200R,FEBEST,,Brakes,UNCLASSIFIED,USED,NEW,OEM,34.16,USD,0175-NX200R,398121234437,0175-NX200R,0175-NX200R,,,https://www.ebay.com/itm/398121234437,2,NEEDS_REVIEW,,,,,,,,,,
Front rear liftgate BMW X5 2008 used OEM 416271677,BMW,,General,UNCLASSIFIED,USED,NEW,OEM,297.25,USD,BMW-X5-4619-TK-U,398121234446,41627161677; 416271677,41627161677,,,https://www.ebay.com/itm/398121234446,1,CONFIRMED,,,,,,,,,,
Left/driver side wiper arm Audi TT 2009 used OEM 8J1955407B,Audi,,General,UNCLASSIFIED,USED,NEW,OEM,87.59,USD,AUD-TT-4018- WS1-E,398121234452,8J1955407B,8J1955407B,,,https://www.ebay.com/itm/398121234452,1,CONFIRMED,,,,,,,,,,
Luggage compartment door handle Lexus IS 250 2007 used OEM 6...,Lexus,,Body,UNCLASSIFIED,USED,NEW,OEM,227.42,USD,LEX-IS-1277-TK-J,398121234456,"",,,,https://www.ebay.com/itm/398121234456,1,CONFIRMED,,,,,,,,,,
BMW 740Li 2012 front round hood emblem badge used OEM 51148132375,BMW,,Body,UNCLASSIFIED,USED,NEW,OEM,52.45,USD,BMW-740-C576-BN-F,398121234462,51148132375,51148132375,,,https://www.ebay.com/itm/398121234462,1,CONFIRMED,,,,,,,,,,
Rear wheel bearing Febest 2007-2008 Honda Fit DAC32670040M,FEBEST,,Wheels,UNCLASSIFIED,USED,NEW,OEM,47.3,USD,SAP-18683,398121234478,DAC32670040M,DAC32670040M,,,https://www.ebay.com/itm/398121234478,3,CONFIRMED,,,,,,,,,,
Rear rod bushing Febest TOYOTA 48725-22150 TAB-221,FEBEST,,General,UNCLASSIFIED,USED,NEW,OEM,86.72,USD,TAB-221,398121234489,TAB-221,TAB-221,,,https://www.ebay.com/itm/398121234489,2,NEEDS_REVIEW,,,,,,,,,,
Used Audi Q7 2007 Headlight Assembly OEM 4L0941030A,Audi,,General,UNCLASSIFIED,USED,NEW,OEM,223.36,USD,AUD-Q7-8323-LT-C,398121234506,4L0941030A,4L0941030A,,,https://www.ebay.com/itm/398121234506,1,CONFIRMED,,,,,,,,,,
Used BMW 335i 2009 Right Interior Leather Door Handle Cover OEM...,BMW,,Body,UNCLASSIFIED,USED,NEW,OEM,52.45,USD,BMW-35i-2687-DR2-C,398121234507,"",,,,https://www.ebay.com/itm/398121234507,1,CONFIRMED,,,,,,,,,,
Used Porsche Cayenne S 2008 Seat Cushion Foam OEM 95552152801,Porsche,,Interior,UNCLASSIFIED,USED,NEW,OEM,69.88,USD,POR-CAY-9697-ST2-G,398121234511,95552152801,95552152801,,,https://www.ebay.com/itm/398121234511,1,CONFIRMED,,,,,,,,,,
Used Jaguar F-Pace 2018 Tailgate Hinge OEM T4A13766,Jaguar,,Body,UNCLASSIFIED,USED,NEW,OEM,43.71,USD,SAPOP24-SJ-746,398121234520,T4A13766,T4A13766,,,https://www.ebay.com/itm/398121234520,1,CONFIRMED,,,,,,,,,,
Used Dodge 2013 Steering Knuckle OEM 5168421AE,Dodge,,General,UNCLASSIFIED,USED,NEW,OEM,402.17,USD,DOG-CHG-3627-SU-G,398121234540,5168421AE,5168421AE,,,https://www.ebay.com/itm/398121234540,1,NEEDS_REVIEW,,,,,,,,,,
Used Cadillac CTS 2011 Rear Suspension Crossmember OEM 19257549,Cadillac,,Suspension,UNCLASSIFIED,USED,NEW,OEM,349.67,USD,CAD-CTS-7984-SU-Q,398121234552,19257549,19257549,,,https://www.ebay.com/itm/398121234552,1,CONFIRMED,,,,,,,,,,
Febest Brake Caliper Repair Kit 1999-2005 Toyota Celica 0175-CE120F,FEBEST,,Brakes,UNCLASSIFIED,USED,NEW,OEM,32.71,USD,SAP-22335,398121234553,0175-CE120F,0175-CE120F,,,https://www.ebay.com/itm/398121234553,3,CONFIRMED,,,,,,,,,,
Febest Rear Shock Absorber 2007-2012 Mazda 6 05110-006R,FEBEST,,Suspension,UNCLASSIFIED,USED,NEW,OEM,70.07,USD,05110-006R,398121234556,05110-006R,05110-006R,,,https://www.ebay.com/itm/398121234556,2,CONFIRMED,,,,,,,,,,
Used 2008 Mercedes GL500 Right Front Lower Suspension Control Arm...,Mercedes-Benz,,Suspension,UNCLASSIFIED,USED,NEW,OEM,192.69,USD,MRC-GL5-9750-SU-N,398121234562,"",,,,https://www.ebay.com/itm/398121234562,1,CONFIRMED,,,,,,,,,,
Used Volkswagen Tiguan 2010 Fender Apron Reinforcement OEM 5N0805077,Volkswagen,,Body,UNCLASSIFIED,USED,NEW,OEM,43.8,USD,VOL-TIG-0710-CH-CCCC,398121234567,5N0805077,5N0805077,,,https://www.ebay.com/itm/398121234567,1,CONFIRMED,,,,,,,,,,
Used Audi Q7 2007 Evaporative Emissions System Line OEM 7L8201851,Audi,,General,UNCLASSIFIED,USED,NEW,OEM,56.91,USD,AUD-Q7-8323-FL-L,398121234574,7L8201851,7L8201851,,,https://www.ebay.com/itm/398121234574,1,CONFIRMED,,,,,,,,,,
Used BMW 335i 2009 Rear Center Console Front Cover Panel OEM...,BMW,,Body,UNCLASSIFIED,USED,NEW,OEM,52.45,USD,BMW-35i-2687-CC-V,398121234576,"",,,,https://www.ebay.com/itm/398121234576,1,CONFIRMED,,,,,,,,,,
Used Ford Fiesta 2016 Rear Seat Latch Assembly OEM...,Ford,,Interior,UNCLASSIFIED,USED,NEW,OEM,88.3,USD,FOR-FIE-0110-ST3-M,398121234578,"",,,,https://www.ebay.com/itm/398121234578,1,CONFIRMED,,,,,,,,,,
Febest Front Shock Absorber Support 2003-2009 Toyota Highlander TSS-044,FEBEST,,Suspension,UNCLASSIFIED,USED,NEW,OEM,47.92,USD,SAP-17708,398121234617,TSS-044,TSS-044,,,https://www.ebay.com/itm/398121234617,3,CONFIRMED,,,,,,,,,,
Febest CV Joint Boot 2917P-DIIIATF,FEBEST,,General,UNCLASSIFIED,USED,NEW,OEM,47.98,USD,SAP-18123,398121234620,2917P-DIIIATF,2917P-DIIIATF,,,https://www.ebay.com/itm/398121234620,3,NEEDS_REVIEW,,,,,,,,,,
Used Volkswagen Tiguan 2010 Engine Fuse Box Cover OEM 1K093...,Volkswagen,,Engine,UNCLASSIFIED,USED,NEW,OEM,43.8,USD,VOL-TIG-0710-EN-J,398121234622,1K0937132F; 1K093,1K0937132F,,,https://www.ebay.com/itm/398121234622,1,CONFIRMED,,,,,,,,,,
Used Mazda3 2008 Driver Side Door Wiring Harness OEM BP1K67190E,Mazda,,Electrical,UNCLASSIFIED,USED,NEW,OEM,56.83,USD,MAZ-MZ3-2088-EL-S,398121234632,BP1K67190E; MAZDA3,BP1K67190E,,,https://www.ebay.com/itm/398121234632,1,CONFIRMED,,,,,,,,,,
Used Dodge Charger 2013 Left Rear Quarter Panel OEM 68104423AA,Dodge,,Body,UNCLASSIFIED,USED,NEW,OEM,144.15,USD,DOG-CHG-3627-ST1-H,398121234646,68104423AA,68104423AA,,,https://www.ebay.com/itm/398121234646,1,CONFIRMED,,,,,,,,,,
Used Mercedes-Benz GL500 2008 Right Rear Lower Rubber Door Seal...,Mercedes-Benz,,Body,UNCLASSIFIED,USED,NEW,OEM,52.53,USD,MRC-GL5-9750-DR4-L,398121234649,"",,,,https://www.ebay.com/itm/398121234649,1,CONFIRMED,,,,,,,,,,
Used Toyota Camry 2018 Instrument Register Assembly OEM 55670-33320-E3,Toyota,,General,UNCLASSIFIED,USED,NEW,OEM,131.1,USD,TOY-CAM-9731-DB-F,398121234650,55670-33320-E3,55670-33320-E3,,,https://www.ebay.com/itm/398121234650,1,CONFIRMED,,,,,,,,,,
Used Audi Q7 2007-2009 Front Bumper Spoiler OEM 4L0807513A,Audi,,Body,UNCLASSIFIED,USED,NEW,OEM,52.53,USD,AUD-Q7-8323-BP-P,398121234651,4L0807513A,4L0807513A,,,https://www.ebay.com/itm/398121234651,1,CONFIRMED,,,,,,,,,,
Used Lexus LS460 2007 Sliding Steering Column Sub-Assembly with Shaft...,Lexus,,General,UNCLASSIFIED,USED,NEW,OEM,76.06,USD,LEX-LS-3145-DB-JJJJ,398121234659,"",,,,https://www.ebay.com/itm/398121234659,1,CONFIRMED,,,,,,,,,,
Used Jaguar XF 2017 Bumper Cover Support Rail OEM T2H4370,Jaguar,,Body,UNCLASSIFIED,USED,NEW,OEM,52.45,USD,JAG-XF-9202-BP2-C,398121234670,T2H4370,T2H4370,,,https://www.ebay.com/itm/398121234670,1,CONFIRMED,,,,,,,,,,
Used BMW X5 2008 Left D-Pillar Cover OEM 51438037393,BMW,,General,UNCLASSIFIED,USED,NEW,OEM,52.45,USD,BMW-X5-4619-CH-G,398121234676,51438037393,51438037393,,,https://www.ebay.com/itm/398121234676,1,CONFIRMED,,,,,,,,,,
Used Dodge Charger 2013 Instrument Panel Reinforcement OEM 55197474AJ,Dodge,,Body,UNCLASSIFIED,USED,NEW,OEM,205.45,USD,DOG-CHG-3627-DB-W,398121234679,55197474AJ,55197474AJ,,,https://www.ebay.com/itm/398121234679,1,CONFIRMED,,,,,,,,,,
Used Lexus LS430 2002 Left Roof Drip Molding OEM 7555250010C0...,Lexus,,General,UNCLASSIFIED,USED,NEW,OEM,148.7,USD,SAPOP42-MT-490,398121234702,7555250010C0,7555250010C0,,,https://www.ebay.com/itm/398121234702,1,CONFIRMED,,,,,,,,,,
Used Audi A6 2011 Foldable Seat Release Handle Cover OEM 4G8...,Audi,,Interior,UNCLASSIFIED,USED,NEW,OEM,69.93,USD,AUD-QUA-4094-ST3-E,398121234703,4G8863289ADS5,4G8863289ADS5,,,https://www.ebay.com/itm/398121234703,1,CONFIRMED,,,,,,,,,,
Used Audi Q7 2007 Left Rear Power Window Regulator OEM 4L0839461A,Audi,,General,UNCLASSIFIED,USED,NEW,OEM,52.53,USD,AUD-Q7-8323-DR3-J,398121234711,4L0839461A,4L0839461A,,,https://www.ebay.com/itm/398121234711,1,CONFIRMED,,,,,,,,,,
Used Jaguar XF 2017 Glove Box Support OEM T2H6966,Jaguar,,General,UNCLASSIFIED,USED,NEW,OEM,43.71,USD,JAG-XF-9202-DB-QQQ,398121234713,T2H6966,T2H6966,,,https://www.ebay.com/itm/398121234713,1,CONFIRMED,,,,,,,,,,
Used Jaguar XF 2017 Left Heated Windshield Washer Nozzle OEM T4N1177,Jaguar,,General,UNCLASSIFIED,USED,NEW,OEM,52.45,USD,JAG-XF-9202-WS1-U,398121234717,T4N1177,T4N1177,,,https://www.ebay.com/itm/398121234717,1,CONFIRMED,,,,,,,,,,
Used Audi A6 Quattro 2011 Console Cup Holder Support OEM 4G0862534A,Audi,,Interior,UNCLASSIFIED,USED,NEW,OEM,43.71,USD,AUD-QUA-4094-CC-F,398121234719,4G0862534A,4G0862534A,,,https://www.ebay.com/itm/398121234719,1,CONFIRMED,,,,,,,,,,
Used BMW X5 2008 Non-Smoker Insert OEM 51166954946,BMW,,General,UNCLASSIFIED,USED,NEW,OEM,56.82,USD,BMW-X5-4619-DB-EEE,398121234721,51166954946,51166954946,,,https://www.ebay.com/itm/398121234721,1,CONFIRMED,,,,,,,,,,
2002 Lexus LS430 Water Bypass Joint 1635550070,Lexus,,General,UNCLASSIFIED,USED,NEW,OEM,91.84,USD,SAPOP42-AL-88,398121234725,"",,,,https://www.ebay.com/itm/398121234725,1,CONFIRMED,,,,,,,,,,
Used Audi A6 Quattro 2011 Secondary Air Injection Pump OEM 06A131...,Audi,,General,UNCLASSIFIED,USED,NEW,OEM,140.58,USD,AUD-QUA-4094-EN-KKKKK,398121234755,06A131,06A131,,,https://www.ebay.com/itm/398121234755,1,CONFIRMED,,,,,,,,,,
Used Dodge Charger 2013 Axle Half Shaft Assembly OEM 4726009AA,Dodge,,General,UNCLASSIFIED,USED,NEW,OEM,134.63,USD,DOG-CHG-3627-SU-V,398121234756,4726009AA,4726009AA,,,https://www.ebay.com/itm/398121234756,1,CONFIRMED,,,,,,,,,,
Mercedes-Benz CLA250 2014 Crankshaft Position Sensor A2709050600,Mercedes,,Engine,UNCLASSIFIED,USED,NEW,OEM,43.7,USD,SAPOP30-SJ-71,398121234761,A2709050600; CLA250,A2709050600,,,https://www.ebay.com/itm/398121234761,1,CONFIRMED,,,,,,,,,,
Used MAZDA 3 2008 Right Rear Outer Door Shell OEM JM7BK326081392088,Mazda,,Body,UNCLASSIFIED,USED,NEW,OEM,306,USD,MAZ-MZ3-2088-DR4-A,398121234762,BNYV7202XD; JM7BK326081392088,BNYV7202XD,,,https://www.ebay.com/itm/398121234762,1,CONFIRMED,,,,,,,,,,
Used MAZDA 3 2008 Left Front Floor Panel OEM JM7BK326081392088,Mazda,,Body,UNCLASSIFIED,USED,NEW,OEM,480.86,USD,MAZ-MZ3-2088-CH-WWW,398121234775,JM7BK326081392088,JM7BK326081392088,,,https://www.ebay.com/itm/398121234775,1,CONFIRMED,,,,,,,,,,
Febest Crankshaft Oil Seal 1991-1995 TOYOTA MR2 95HBY-35630915L,FEBEST,,Engine,UNCLASSIFIED,USED,NEW,OEM,86.72,USD,95HBY-35630915L,398121234791,95HBY-35630915L,95HBY-35630915L,,,https://www.ebay.com/itm/398121234791,2,CONFIRMED,,,,,,,,,,
Used Audi A6 Quattro 2011 Upper Timing Chain OEM 06E1094...,Audi,,General,UNCLASSIFIED,USED,NEW,OEM,83.25,USD,AUD-QUA-4094-EN-LLLL,398121234792,06E1094,06E1094,,,https://www.ebay.com/itm/398121234792,1,CONFIRMED,,,,,,,,,,
Used Volkswagen Tiguan 2017 Crankcase Vent Tube OEM 06J103221A,Volkswagen,,General,UNCLASSIFIED,USED,NEW,OEM,43.71,USD,SAPOP40-SJ-319,398121234800,06J103221A,06J103221A,,,https://www.ebay.com/itm/398121234800,1,CONFIRMED,,,,,,,,,,
Used Audi A6 2012-2018 Radiator Support Air Deflector 4G0121292E,Audi,,Cooling,UNCLASSIFIED,USED,NEW,OEM,95.95,USD,Audi-A6-Quattro-6737-RADSAD,398121234801,4G0121292E,4G0121292E,,,https://www.ebay.com/itm/398121234801,1,CONFIRMED,,,,,,,,,,
Used Audi A6 2011 Roof Panel Reinforcement OEM 4G5810827A,Audi,,Body,UNCLASSIFIED,USED,NEW,OEM,43.77,USD,AUD-QUA-4094-FD2-F,398121234802,4G5810827A,4G5810827A,,,https://www.ebay.com/itm/398121234802,1,CONFIRMED,,,,,,,,,,
Used BMW 740Li 2012 Left Front Bi-Xenon HID Headlight Assembly...,BMW,,General,UNCLASSIFIED,USED,NEW,OEM,262.31,USD,BMW-740-C576-LT1-B,398121234816,63117228429,63117228429,,,https://www.ebay.com/itm/398121234816,1,CONFIRMED,,,,,,,,,,
Used Lexus LS430 2002 Upper Cover Relay Block OEM 8266250090,Lexus,,General,UNCLASSIFIED,USED,NEW,OEM,43.75,USD,SAPOP42-SJ-590,398121234822,8266250090,8266250090,,,https://www.ebay.com/itm/398121234822,1,CONFIRMED,,,,,,,,,,
Used Lexus LS 460 2007 Rear Cooling Unit Assembly OEM 87030-50080,Lexus,,General,UNCLASSIFIED,USED,NEW,OEM,69.93,USD,LEX-LS-3145-AC-K,398121234840,87030-50080,87030-50080,,,https://www.ebay.com/itm/398121234840,1,CONFIRMED,,,,,,,,,,
Febest BMW Rear Stabilizer Bar Bushing BMSB-E81R 33 55 6 761,FEBEST,,General,UNCLASSIFIED,USED,NEW,OEM,86.72,USD,BMSB-E81R,398121234846,BMSB-E81R,BMSB-E81R,,,https://www.ebay.com/itm/398121234846,2,NEEDS_REVIEW,,,,,,,,,,
Febest Left Engine Mount Bushing 1997-2002 Mitsubishi Mirage MMB-035,FEBEST,,Engine,UNCLASSIFIED,USED,NEW,OEM,86.72,USD,MMB-035,398121234850,MMB-035,MMB-035,,,https://www.ebay.com/itm/398121234850,2,CONFIRMED,,,,,,,,,,
Used BMW X5 2008 Front Seat Door OEM 52107114119,BMW,,Body,UNCLASSIFIED,USED,NEW,OEM,56.85,USD,BMW-X5-4619-ST2-W,398121234851,52107114119,52107114119,,,https://www.ebay.com/itm/398121234851,1,CONFIRMED,,,,,,,,,,
Used BMW X5 2008 Rubber-Coated Tube OEM 34326777715,BMW,,General,UNCLASSIFIED,USED,NEW,OEM,52.45,USD,BMW-X5-4619-BR-S,398121234858,34326777715,34326777715,,,https://www.ebay.com/itm/398121234858,1,CONFIRMED,,,,,,,,,,
Used Volkswagen Tiguan 2010 Brake Dust Shield OEM 5N0615...,Volkwagen,,Brakes,UNCLASSIFIED,USED,NEW,OEM,43.79,USD,VOL-TIG-0710-BR-QQ,398121234860,5N0615,5N0615,,,https://www.ebay.com/itm/398121234860,1,CONFIRMED,,,,,,,,,,
Febest Rear Sliding Caliper Pin Kit 2003-2008 INFINITI FX35 0...,FEBEST,,Brakes,UNCLASSIFIED,USED,NEW,OEM,34.16,USD,0274-T32R-KIT,398121234863,"",,,,https://www.ebay.com/itm/398121234863,2,CONFIRMED,,,,,,,,,,
Used Jaguar XF 2017 Seat Back Cushion OEM T2H14508,Jaguar,,Interior,UNCLASSIFIED,USED,NEW,OEM,87.42,USD,JAG-XF-9202-ST3-C,398121234878,T2H14508,T2H14508,,,https://www.ebay.com/itm/398121234878,1,CONFIRMED,,,,,,,,,,
Used BMW 335i 2009 Tie Rod Assembly OEM 32106765236,BMW,,General,UNCLASSIFIED,USED,NEW,OEM,52.45,USD,BMW-35i-2687-DB-D,398121234889,32106765236,32106765236,,,https://www.ebay.com/itm/398121234889,1,CONFIRMED,,,,,,,,,,
Used BMW X5 2008 Pillar Cover OEM 51476955496,BMW,,General,UNCLASSIFIED,USED,NEW,OEM,52.54,USD,BMW-X5-4619-TK-HH,398121234902,51476955496,51476955496,,,https://www.ebay.com/itm/398121234902,1,CONFIRMED,,,,,,,,,,
Used Jaguar XF 2017 Instrument Panel Air Duct OEM T2H4901,Jaguar,,Body,UNCLASSIFIED,USED,NEW,OEM,104.92,USD,JAG-XF-9202-DB-RR,398121234906,T2H4901,T2H4901,,,https://www.ebay.com/itm/398121234906,1,CONFIRMED,,,,,,,,,,
Febest 2012 Honda Civic Rear Upper Arm Ball Joint 0320-KRUPR,FEBEST,,General,UNCLASSIFIED,USED,NEW,OEM,38.94,USD,SAP-22222,398121237262,0320-KRUPR,0320-KRUPR,,,https://www.ebay.com/itm/398121237262,3,CONFIRMED,,,,,,,,,,
Used Mazda 3 2008 Fuel Tank OEM BP1E42110A,Mazda,,General,UNCLASSIFIED,USED,NEW,OEM,104.91,USD,MAZ-MZ3-2088-FL-O,398121237261,BP1E42110A,BP1E42110A,,,https://www.ebay.com/itm/398121237261,1,CONFIRMED,,,,,,,,,,
Used BMW X5 2008 Left Front Center Console Trim Panel OEM 51166973477,BMW,,Body,UNCLASSIFIED,USED,NEW,OEM,227.32,USD,BMW-X5-4619-DB-AAA,398121237245,51166973477,51166973477,,,https://www.ebay.com/itm/398121237245,1,CONFIRMED,,,,,,,,,,
Used Chevrolet Camaro 2011 Rear Driver Side Inner Quarter Panel...,Chevrolet,,Body,UNCLASSIFIED,USED,NEW,OEM,157.72,USD,SAPOP21-MT-312,398121237236,"",,,,https://www.ebay.com/itm/398121237236,1,CONFIRMED,,,,,,,,,,
Used Audi Q7 2007 Ambient Light Sensor OEM 4L0907539B,Audi,,Electrical,UNCLASSIFIED,USED,NEW,OEM,43.7,USD,SAPOP16-MT-292,398121237228,4L0907539B,4L0907539B,,,https://www.ebay.com/itm/398121237228,1,CONFIRMED,,,,,,,,,,
Febest Audi A1 2011-2018 ABS Wheel Speed Sensor 23606-004,FEBEST,,Electrical,UNCLASSIFIED,USED,NEW,OEM,86.72,USD,23606-004,398121237204,23606-004,23606-004,,,https://www.ebay.com/itm/398121237204,2,CONFIRMED,,,,,,,,,,
Used Lexus LS460 2007 Roof Panel Reinforcement OEM 63144-50030,Lexus,,Body,UNCLASSIFIED,USED,NEW,OEM,43.69,USD,LEX-LS-3145-RF-L,398121237202,63144-50030,63144-50030,,,https://www.ebay.com/itm/398121237202,1,CONFIRMED,,,,,,,,,,
Used BMW 335i 2009 Seat Door OEM 52209113028,BMW,,Body,UNCLASSIFIED,USED,NEW,OEM,131.14,USD,BMW-35i-2687-ST3-D,398121237199,52209113028,52209113028,,,https://www.ebay.com/itm/398121237199,1,CONFIRMED,,,,,,,,,,
Used MAZDA 3 2008 Roof Trim Fastener Clip OEM JM7BK326081392088,Mazda,,Wheels,UNCLASSIFIED,USED,NEW,OEM,52.44,USD,MAZ-MZ3-2088-RF-L,398121237195,BP4R-69-921; JM7BK326081392088,BP4R-69-921,,,https://www.ebay.com/itm/398121237195,1,CONFIRMED,,,,,,,,,,
Used Mercedes GL500 2008 Taillight Assembly OEM A1648204264,Mercedes-Benz,,General,UNCLASSIFIED,USED,NEW,OEM,176.96,USD,MRC-GL5-9750-LT4-A,398121237194,A1648204264,A1648204264,,,https://www.ebay.com/itm/398121237194,1,CONFIRMED,,,,,,,,,,
Used Lexus LX570 2014 Front Door Hinge OEM 6878060040,Lexus,,Body,UNCLASSIFIED,USED,NEW,OEM,43.61,USD,SAPOP47-MT-226,398121237188,6878060040,6878060040,,,https://www.ebay.com/itm/398121237188,1,CONFIRMED,,,,,,,,,,
Febest 2007-2012 Mitsubishi Outlander Right Inner CV Joint 0411-CW6WRH,FEBEST,,General,UNCLASSIFIED,USED,NEW,OEM,86.72,USD,0411-CW6WRH,398121237173,0411-CW6WRH,0411-CW6WRH,,,https://www.ebay.com/itm/398121237173,2,CONFIRMED,,,,,,,,,,
Used Ford Fiesta 2016 Right Passenger Trunk Side Trim...,Ford,,Body,UNCLASSIFIED,USED,NEW,OEM,48.08,USD,FOR-FIE-0110-TK-M,398121237156,"",,,,https://www.ebay.com/itm/398121237156,1,CONFIRMED,,,,,,,,,,
Used Audi Q7 2007 C-Pillar Door Applique Trim Piece OEM 4L08...,Audi,,Body,UNCLASSIFIED,USED,NEW,OEM,65.67,USD,AUD-Q7-8323-DR3-H,398121237154,4L0839903Y9B; 4L08,4L0839903Y9B,,,https://www.ebay.com/itm/398121237154,1,CONFIRMED,,,,,,,,,,
Used Jeep Cherokee 2014 Power Distribution Center Cover 68212600AA,Jeep,,General,UNCLASSIFIED,USED,NEW,OEM,43.71,USD,SAPOP26-MT-332,398121237138,68212600AA,68212600AA,,,https://www.ebay.com/itm/398121237138,1,CONFIRMED,,,,,,,,,,
Used Porsche Cayenne S 2008 Antenna Support OEM 95564715100,Porsche,,General,UNCLASSIFIED,USED,NEW,OEM,46.22,USD,POR-CAY-9697-EL-P,398121237134,95564715100,95564715100,,,https://www.ebay.com/itm/398121237134,1,CONFIRMED,,,,,,,,,,
Used Mazda 3 2008 Left Front Brake Line OEM BP4K45210C,Mazda,,Brakes,UNCLASSIFIED,USED,NEW,OEM,52.45,USD,MAZ-MZ3-2088-BR-I,398121237123,BP4K45210C,BP4K45210C,,,https://www.ebay.com/itm/398121237123,1,CONFIRMED,,,,,,,,,,
Used Lexus LS430 2001-2006 Left Dashboard Side Air Duct 6297450010,Lexus,,Interior,UNCLASSIFIED,USED,NEW,OEM,87.47,USD,SAPOP42-GB-726,398121237118,"",,,,https://www.ebay.com/itm/398121237118,1,CONFIRMED,,,,,,,,,,
Used Mercedes C-350 2008 Trim Molding OEM A2046902187,Mercedes-Benz,,Wheels,UNCLASSIFIED,USED,NEW,OEM,48.33,USD,MRC-C350-8867-DR3-A,398121237102,A2046902187,A2046902187,,,https://www.ebay.com/itm/398121237102,1,CONFIRMED,,,,,,,,,,
Used Audi TT 2009 Transmission Temperature/Speed Sensor OEM 02E...,Audi,,Transmission,UNCLASSIFIED,USED,NEW,OEM,43.92,USD,AUD-TT-4018-TR-F,398121237098,"",,,,https://www.ebay.com/itm/398121237098,1,CONFIRMED,,,,,,,,,,
Used BMW X5 2008 Oxygen Sensor OEM 11787558179,BMW,,Electrical,UNCLASSIFIED,USED,NEW,OEM,61.06,USD,BMW-X5-4619-TR-X,398121237074,11787558179,11787558179,,,https://www.ebay.com/itm/398121237074,1,CONFIRMED,,,,,,,,,,
Used Mercedes GL500 2008 Heated Windshield Washer Spray Nozzle...,Mercedes-Benz,,General,UNCLASSIFIED,USED,NEW,OEM,81.19,USD,MRC-GL5-9750-LT2-C,398121237071,"",,,,https://www.ebay.com/itm/398121237071,1,CONFIRMED,,,,,,,,,,
Febest NISSAN Inner CV Joint Boot Kit 0215-EP16T,FEBEST,,General,UNCLASSIFIED,USED,NEW,OEM,86.72,USD,0215-EP16T,398121237054,0215-EP16T,0215-EP16T,,,https://www.ebay.com/itm/398121237054,2,NEEDS_REVIEW,,,,,,,,,,
Nucleo evaporatore aria condizionata Volkswagen Tiguan 2017 3C1820103D,Volkswagen,,General,UNCLASSIFIED,USED,NEW,OEM,122.39,USD,SAPOP40-AL-173,398121237030,3C1820103D,3C1820103D,,,https://www.ebay.com/itm/398121237030,1,CONFIRMED,,,,,,,,,,
Giunto CV interno Mitsubishi Lancer FEBEST 2007 0411-CY2AT,FEBEST,,General,UNCLASSIFIED,USED,NEW,OEM,86.72,USD,0411-CY2AT,398121237033,0411-CY2AT,0411-CY2AT,,,https://www.ebay.com/itm/398121237033,2,CONFIRMED,,,,,,,,,,
Febbraio 2002-2005 Suzuki Aerio Puleggia Idler 0788-001,FEBEST,,General,UNCLASSIFIED,USED,NEW,OEM,40.86,USD,SAP-21306,398121237029,0788-001,0788-001,,,https://www.ebay.com/itm/398121237029,3,CONFIRMED,,,,,,,,,,
Telaio sospensione FEBEST 2005-2013 Mitsubishi Outlander FRAME-CW5W,FEBEST,,General,UNCLASSIFIED,USED,NEW,OEM,86.72,USD,FRAME-CW5W,398121237010,FRAME-CW5W,FRAME-CW5W,,,https://www.ebay.com/itm/398121237010,2,CONFIRMED,,,,,,,,,,
Cablaggio porta posteriore sinistra Volkswagen Tiguan 2009-2017 5N0971693AG,Volkswagen,,General,UNCLASSIFIED,USED,NEW,OEM,61.2,USD,SAPOP40-GB-673,398121237008,5N0971693AG,5N0971693AG,,,https://www.ebay.com/itm/398121237008,1,CONFIRMED,,,,,,,,,,
Maniglia esterna porta posteriore destra Lexus IS 250 2007 OEM 69210-53050-J2...,Lexus,,General,UNCLASSIFIED,USED,NEW,OEM,91.8,USD,LEX-IS-1277-DR4-I,398121236976,69210-53050-J2,69210-53050-J2,,,https://www.ebay.com/itm/398121236976,1,CONFIRMED,,,,,,,,,,
Febest 07-21 Toyota Land Cruiser Ammortizzatore Posteriore Juunce Bumper TD-2...,FEBEST,,Body,UNCLASSIFIED,USED,NEW,OEM,35.42,USD,SAP-17837,398121236973,TD-200SR,TD-200SR,,,https://www.ebay.com/itm/398121236973,3,NEEDS_REVIEW,,,,,,,,,,
Febest 2001-2006 Nissan Altima Front Left Stabilizer Link 0223-J31FL,FEBEST,,General,UNCLASSIFIED,USED,NEW,OEM,37.8,USD,SAP-18124,398121236972,0223-J31FL,0223-J31FL,,,https://www.ebay.com/itm/398121236972,3,CONFIRMED,,,,,,,,,,
2004-2005 BMW 645Ci Timing Chain Sprocket 11367534718,BMW,,General,UNCLASSIFIED,USED,NEW,OEM,253.54,USD,BMW-X5-4619-EN-GG,398121236957,"",,,,https://www.ebay.com/itm/398121236957,1,CONFIRMED,,,,,,,,,,
2008 Mercedes GL500 amortissement pilier droit insonorisation occasion OEM A1...,Mercedes-Benz,,General,UNCLASSIFIED,USED,NEW,OEM,52.53,USD,MRC-GL5-9750-CH-Z,398121236954,"",,,,https://www.ebay.com/itm/398121236954,1,CONFIRMED,,,,,,,,,,
Lampada di segnalazione lato guida posteriore Chevrolet Camaro 2011 92246253,Chevrolet,,General,UNCLASSIFIED,USED,NEW,OEM,43.71,USD,SAPOP21-AL-56,398121236952,92246253,92246253,,,https://www.ebay.com/itm/398121236952,1,CONFIRMED,,,,,,,,,,
FEBEST 2015 Hyundai ix35 Glow Plug 12642-003,FEBEST,,General,UNCLASSIFIED,USED,NEW,OEM,34.16,USD,12642-003,398121236951,"",,,,https://www.ebay.com/itm/398121236951,2,CONFIRMED,,,,,,,,,,
Ugello rondella faro Lexus LS430 2002 8538250010C0,Lexus,,General,UNCLASSIFIED,USED,NEW,OEM,43.8,USD,SAPOP43-MT-577,398121236943,8538250010C0,8538250010C0,,,https://www.ebay.com/itm/398121236943,1,CONFIRMED,,,,,,,,,,
Collecteur d'admission Mini Cooper Countryman 2011-2015 11617595078,Mini,,General,UNCLASSIFIED,USED,NEW,OEM,175.18,USD,EN-021,398121236937,"",,,,https://www.ebay.com/itm/398121236937,1,CONFIRMED,,,,,,,,,,
Douille avant sous-cadre Mitsubishi Grandis 2007-2009 Febest MAB-145,FEBEST,,General,UNCLASSIFIED,USED,NEW,OEM,86.72,USD,MAB-145,398121236930,MAB-145,MAB-145,,,https://www.ebay.com/itm/398121236930,2,CONFIRMED,,,,,,,,,,
FEBEST BMW Front Right Stabilizer Link 1923-E70FR,FEBEST,,General,UNCLASSIFIED,USED,NEW,OEM,86.72,USD,1923-E70FR,398121236926,1923-E70FR,1923-E70FR,,,https://www.ebay.com/itm/398121236926,2,NEEDS_REVIEW,,,,,,,,,,
Giunto sferico FEBEST HYUNDAI 1220-I30,FEBEST,,General,UNCLASSIFIED,USED,NEW,OEM,42.92,USD,1220-I30,398121236906,1220-I30,1220-I30,,,https://www.ebay.com/itm/398121236906,2,NEEDS_REVIEW,,,,,,,,,,
Borchia ruota FEBEST HONDA 0184-004-PCS10,FEBEST,,General,UNCLASSIFIED,USED,NEW,OEM,42.92,USD,0184-004-PCS10,398121236904,0184-004-PCS10,0184-004-PCS10,,,https://www.ebay.com/itm/398121236904,2,NEEDS_REVIEW,,,,,,,,,,
Poulie tendeur FEBEST TOYOTA 0187-HDJ100HV,FEBEST,,General,UNCLASSIFIED,USED,NEW,OEM,86.72,USD,0187-HDJ100HV,398121236900,0187-HDJ100HV,0187-HDJ100HV,,,https://www.ebay.com/itm/398121236900,2,NEEDS_REVIEW,,,,,,,,,,
Buse lave-phare Jaguar F-Pace 2017-2020 T2H3654,Jaguar,,General,UNCLASSIFIED,USED,NEW,OEM,69.94,USD,Jaguar-F-Pace-2307-HLWN,398121236896,T2H3654,T2H3654,,,https://www.ebay.com/itm/398121236896,1,CONFIRMED,,,,,,,,,,
Modanatura rivelazione porte Audi Q7 2007-2023 4L0853907E,Audi,,General,UNCLASSIFIED,USED,NEW,OEM,116.06,USD,AUDI-Q7-1712-DRM-2,398121236880,4L0853907E,4L0853907E,,,https://www.ebay.com/itm/398121236880,1,CONFIRMED,,,,,,,,,,
FEBEST 2004-2010 Volkswagen Touareg Pad Kit Disc Brake Front 2301-T5F,FEBEST,,Brakes,UNCLASSIFIED,USED,NEW,OEM,48.17,USD,2301-T5F,398121236870,2301-T5F,2301-T5F,,,https://www.ebay.com/itm/398121236870,2,CONFIRMED,,,,,,,,,,
Modulo controllo trasmissione Jeep 2014 Cherokee 68225514AA,Jeep,,General,UNCLASSIFIED,USED,NEW,OEM,87.42,USD,SAPOP26-MT-321,398121236860,68225514AA,68225514AA,,,https://www.ebay.com/itm/398121236860,1,NEEDS_REVIEW,,,,,,,,,,
2011 Chevrolet Camaro Door Wiring Harness 22753475,Chevrolet,,Electrical,UNCLASSIFIED,USED,NEW,OEM,87.43,USD,SAPOP21-MT-291,398121236857,"",,,,https://www.ebay.com/itm/398121236857,1,CONFIRMED,,,,,,,,,,
Kit ricambi fissaggio pista sedile anteriore sinistro Ford Fiesta 2016 Uso...,Ford,,General,UNCLASSIFIED,USED,NEW,OEM,241.3,USD,FOR-FIE-0110-ST2-H,398121236849,CE8Z-54617D66-K,CE8Z-54617D66-K,,,https://www.ebay.com/itm/398121236849,1,CONFIRMED,,,,,,,,,,
Protezione pannello bilanciere Toyota Corolla 2014-2019 7585102150,Toyota Corolla,,General,UNCLASSIFIED,USED,NEW,OEM,105.08,USD,SAPOP52-GB-603,398121236810,7585102150,7585102150,,,https://www.ebay.com/itm/398121236810,1,CONFIRMED,,,,,,,,,,
Support PDC avant droit BMW 335i 2009 USED OEM 51117128240,BMW,,General,UNCLASSIFIED,USED,NEW,OEM,52.45,USD,BMW-35i-2687-BP1-F,398121236807,51117128240,51117128240,,,https://www.ebay.com/itm/398121236807,1,CONFIRMED,,,,,,,,,,
Condotto aria fresca Mini Cooper 2016 64316824632,Mini,,General,UNCLASSIFIED,USED,NEW,OEM,87.23,USD,SAPOP33-Al-16,398121236803,64316824632,64316824632,,,https://www.ebay.com/itm/398121236803,1,CONFIRMED,,,,,,,,,,
Membrana trasversale sospensione sottotelaio asse Mercedes-Benz C350 2007 A20...,Mercedes-Benz,,General,UNCLASSIFIED,USED,NEW,OEM,480.86,USD,MRC-C350-ASC-1,398121236798,A2043500275,A2043500275,,,https://www.ebay.com/itm/398121236798,1,CONFIRMED,,,,,,,,,,
Albero di trasmissione Nissan X-Trail FEBEST 2006-2013 0212-MR20MT4WDLH,FEBEST,,General,UNCLASSIFIED,USED,NEW,OEM,86.72,USD,0212-MR20MT4WDLH,398121236796,0212-MR20MT4WDLH,0212-MR20MT4WDLH,,,https://www.ebay.com/itm/398121236796,2,CONFIRMED,,,,,,,,,,
Mini Cooper 2014-2024 Mini Cooper Central Bass Speaker 65137927997,Mini Cooper,,General,UNCLASSIFIED,USED,NEW,OEM,131.13,USD,SAPOP33-GB-120,398121236777,"",,,,https://www.ebay.com/itm/398121236777,1,CONFIRMED,,,,,,,,,,
Volkswagen 2011-2019 Volkswagen Beetle Steering Knuckle 5C0407255,Volkswagen,,General,UNCLASSIFIED,USED,NEW,OEM,144.24,USD,SAPOP38-GB-12,398121236776,5C0407255,5C0407255,,,https://www.ebay.com/itm/398121236776,1,NEEDS_REVIEW,,,,,,,,,,
Kit bulloni eccentrici regolazione camber FEBEST 09-11 2229-005-KIT Kia Borrego,FEBEST,,General,UNCLASSIFIED,USED,NEW,OEM,42.92,USD,2229-005-KIT,398121236774,2229-005-KIT,2229-005-KIT,,,https://www.ebay.com/itm/398121236774,2,NEEDS_REVIEW,,,,,,,,,,
Cuscinetto ruota FEBEST 2005-2015 Toyota Hilux DAC42820040,FEBEST,,General,UNCLASSIFIED,USED,NEW,OEM,86.72,USD,DAC42820040,398121236772,DAC42820040,DAC42820040,,,https://www.ebay.com/itm/398121236772,2,CONFIRMED,,,,,,,,,,
Audi 2009-2024 Q5 Cover Trim 8R0861828C 87A,Audi,,Wheels,UNCLASSIFIED,USED,NEW,OEM,135.52,USD,SAPOP14-GB-552,398121236759,8R0861828C 87A; 8R0861828C,8R0861828C 87A,,,https://www.ebay.com/itm/398121236759,1,NEEDS_REVIEW,,,,,,,,,,
Guarnizione olio semialbero anteriore Toyota Land Cruiser 1995-1998 TOS-003,FEBEST,,General,UNCLASSIFIED,USED,NEW,OEM,34.16,USD,TOS-003,398121236758,TOS-003,TOS-003,,,https://www.ebay.com/itm/398121236758,2,CONFIRMED,,,,,,,,,,
Capteur de vitesse de roue abs avant Mercedes-Benz GL500 2008 FR OEM A1645404...,Mercedes-Benz,,General,UNCLASSIFIED,USED,NEW,OEM,107.73,USD,MRC-GL5-9750-BR-I,398121236741,A1645404,A1645404,,,https://www.ebay.com/itm/398121236741,1,CONFIRMED,,,,,,,,,,
Piantone sterzo Lexus LX570 2014 4581060130,Lexus,,General,UNCLASSIFIED,USED,NEW,OEM,1042.02,USD,LXS-LX570-7290-STC-1,398121236736,4581060130,4581060130,,,https://www.ebay.com/itm/398121236736,1,CONFIRMED,,,,,,,,,,
Vetro porta anteriore Jeep Cherokee 2014 68104585AB,Jeep,,General,UNCLASSIFIED,USED,NEW,OEM,131.14,USD,SAPOP26-AL-613,398121236733,68104585AB,68104585AB,,,https://www.ebay.com/itm/398121236733,1,CONFIRMED,,,,,,,,,,
FEBEST DAIHATSU Steering Tie Rod End Left 0121-KGC15L,FEBEST,,General,UNCLASSIFIED,USED,NEW,OEM,86.72,USD,0121-KGC15L,398121236727,0121-KGC15L,0121-KGC15L,,,https://www.ebay.com/itm/398121236727,2,NEEDS_REVIEW,,,,,,,,,,
Braccio superiore anteriore giunto sferico Infiniti G35 febbraio 2003-2007 02...,FEBEST,,General,UNCLASSIFIED,USED,NEW,OEM,36.7,USD,SAP-22448,398121236710,0220-065,0220-065,,,https://www.ebay.com/itm/398121236710,3,CONFIRMED,,,,,,,,,,
Febest 1994-1999 Nissan Maxima Pad Kit Freno a Disco Anteriore 0201-J31F,FEBEST,,General,UNCLASSIFIED,USED,NEW,OEM,59.03,USD,SAP-15419,398121236694,0201-J31F,0201-J31F,,,https://www.ebay.com/itm/398121236694,3,CONFIRMED,,,,,,,,,,
Puleggia tenditore Renault Captur FEBEST 2018 2487-KANI,FEBEST,,General,UNCLASSIFIED,USED,NEW,OEM,42.92,USD,2487-KANI,398121236665,2487-KANI,2487-KANI,,,https://www.ebay.com/itm/398121236665,2,CONFIRMED,,,,,,,,,,
2007 Audi Q7 Water Box Tray 7L6819523C,Audi,,General,UNCLASSIFIED,USED,NEW,OEM,65.46,USD,AUD-Q7-8323-CH-JJJ,398121236642,7L6819523C,7L6819523C,,,https://www.ebay.com/itm/398121236642,1,CONFIRMED,,,,,,,,,,
Collettore di scarico Mini Cooper Countryman 2011-2016 11627597031,Mini,,General,UNCLASSIFIED,USED,NEW,OEM,113.87,USD,SAPOP34-AL-55,398121236633,11627597031,11627597031,,,https://www.ebay.com/itm/398121236633,1,CONFIRMED,,,,,,,,,,
2013 Dodge Charger Door Belt Outer Weatherstrip Right USED OEM 57010350AC,Dodge,,Body,UNCLASSIFIED,USED,NEW,OEM,77.8,USD,DOG-CHG-3627-DR4-N,398121236623,57010350AC,57010350AC,,,https://www.ebay.com/itm/398121236623,1,CONFIRMED,,,,,,,,,,
Coperchio paraurti Audi A6 Quattro 2013 8K5807067AGRU,Audi,,General,UNCLASSIFIED,USED,NEW,OEM,463.37,USD,SAPOP06-AL-30,398121236612,8K5807067AGRU,8K5807067AGRU,,,https://www.ebay.com/itm/398121236612,1,CONFIRMED,,,,,,,,,,
Coperchio cerniera Jaguar F-Pace T4A13845 2017-2023,Jaguar,,General,UNCLASSIFIED,USED,NEW,OEM,87.4,USD,Jaguar-F-Pace-4832-HC,398121236598,T4A13845,T4A13845,,,https://www.ebay.com/itm/398121236598,1,CONFIRMED,,,,,,,,,,
Gruppo cavi freno di stazionamento posteriore Chevrolet Camaro 2010-2015 2274...,Chevrolet,,General,UNCLASSIFIED,USED,NEW,OEM,86.75,USD,SAPOP21-GB-124,398121236585,22740875,22740875,,,https://www.ebay.com/itm/398121236585,1,CONFIRMED,,,,,,,,,,
"FEBEST Mercedes-Benz Bolt, Exhaust Manifold 2398-012",FEBEST,,Exhaust,UNCLASSIFIED,USED,NEW,OEM,34.16,USD,2398-012,398121236581,"",,,,https://www.ebay.com/itm/398121236581,2,NEEDS_REVIEW,,,,,,,,,,
Ensemble harnais de soupape de commande de hauteur Lexus LS460 2007 d'occasio...,Lexus,,General,UNCLASSIFIED,USED,NEW,OEM,43.7,USD,LEX-LS-3145-SU-HHH,398121236571,"",,,,https://www.ebay.com/itm/398121236571,1,CONFIRMED,,,,,,,,,,
Braccio comando bullone di fissaggio FEBEST CITROEN 0198-007,FEBEST,,General,UNCLASSIFIED,USED,NEW,OEM,86.72,USD,0198-007,398121236550,0198-007,0198-007,,,https://www.ebay.com/itm/398121236550,2,NEEDS_REVIEW,,,,,,,,,,
FEBEST 2002-2011 Ford Explorer Set staffe pinza freno 2177C-EXPIIIFL,FEBEST,,General,UNCLASSIFIED,USED,NEW,OEM,42.92,USD,2177C-EXPIIIFL,398121236546,2177C-EXPIIIFL,2177C-EXPIIIFL,,,https://www.ebay.com/itm/398121236546,2,CONFIRMED,,,,,,,,,,
FEBEST 2010-2019 Honda City Tie Rod End 0321-GKRH,FEBEST,,General,UNCLASSIFIED,USED,NEW,OEM,34.16,USD,0321-GKRH,398121236537,0321-GKRH,0321-GKRH,,,https://www.ebay.com/itm/398121236537,2,CONFIRMED,,,,,,,,,,
2006-2010 BMW X5 Bracket B+ Lead 12527510707,BMW,,General,UNCLASSIFIED,USED,NEW,OEM,52.45,USD,BMW-X5-4619-EN-EEEE,398121236535,"",,,,https://www.ebay.com/itm/398121236535,1,CONFIRMED,,,,,,,,,,
Audi 2012 Q5 Spoiler Cap Lower 8R0827556 01C,Audi,,General,UNCLASSIFIED,USED,NEW,OEM,165.9,USD,SAPOP14-MT-410,398121236525,8R0827556,8R0827556,,,https://www.ebay.com/itm/398121236525,1,NEEDS_REVIEW,,,,,,,,,,
Support de jambe de force de suspension FEBEST VAG VWSS-5GR,FEBEST,,Suspension,UNCLASSIFIED,USED,NEW,OEM,48.17,USD,VWSS-5GR,398121236521,VWSS-5GR,VWSS-5GR,,,https://www.ebay.com/itm/398121236521,2,NEEDS_REVIEW,,,,,,,,,,
Tirante sterzo FEBEST 2015-2021 Hyundai Tucson 2222-SPO16,FEBEST,,General,UNCLASSIFIED,USED,NEW,OEM,42.92,USD,2222-SPO16,398121236518,2222-SPO16,2222-SPO16,,,https://www.ebay.com/itm/398121236518,2,CONFIRMED,,,,,,,,,,
Supporto di sicurezza posteriore Lexus LS 460 2007 ancoraggio interno cintura...,Lexus,,General,UNCLASSIFIED,USED,NEW,OEM,43.61,USD,LEX-LS-3145-ST3-X,398121236511,73660-50030,73660-50030,,,https://www.ebay.com/itm/398121236511,1,CONFIRMED,,,,,,,,,,
2017 Jaguar XF Instrument Cluster Occasion OEM T2H15460,Jaguar,,General,UNCLASSIFIED,USED,NEW,OEM,306,USD,JAG-XF-9202-DB-B,398121236506,T2H15460,T2H15460,,,https://www.ebay.com/itm/398121236506,1,CONFIRMED,,,,,,,,,,
Supporto ammortizzatore anteriore Infiniti FX35 NSS-015 febbraio 2003-2008,FEBEST,,General,UNCLASSIFIED,USED,NEW,OEM,36.86,USD,SAP-18611,398121236498,NSS-015,NSS-015,,,https://www.ebay.com/itm/398121236498,3,CONFIRMED,,,,,,,,,,
FEBEST VAG Tow Hook 1799-DHA4,FEBEST,,General,UNCLASSIFIED,USED,NEW,OEM,34.16,USD,1799-DHA4,398121236491,1799-DHA4,1799-DHA4,,,https://www.ebay.com/itm/398121236491,2,NEEDS_REVIEW,,,,,,,,,,
FEBEST 2013-2017 Volkswagen Polo Retainer Clip 88570-159,FEBEST,,General,UNCLASSIFIED,USED,NEW,OEM,86.72,USD,88570-159,398121236474,"",,,,https://www.ebay.com/itm/398121236474,2,CONFIRMED,,,,,,,,,,
"FEBEST 2016-2019 Cadillac CT6 Caster Shim, Axle Beam 0530-001",FEBEST,,General,UNCLASSIFIED,USED,NEW,OEM,86.72,USD,0530-001,398121236473,0530-001,0530-001,,,https://www.ebay.com/itm/398121236473,2,CONFIRMED,,,,,,,,,,
FEBEST 2025 BYD Sealion 7 perno ruota 0584-001,FEBEST,,General,UNCLASSIFIED,USED,NEW,OEM,86.72,USD,0584-001,398121236435,0584-001,0584-001,,,https://www.ebay.com/itm/398121236435,2,NEEDS_REVIEW,,,,,,,,,,
Mercedes-Benz C350 AMG A-Pillar A2046305510 2007,Mercedes,,General,UNCLASSIFIED,USED,NEW,OEM,323.48,USD,SAPOP44-MT-118,398121236433,A2046305510,A2046305510,,,https://www.ebay.com/itm/398121236433,1,CONFIRMED,,,,,,,,,,
Mercedes-Benz C350 AMG Cross-Member 2007 A2046260555,Mercedes,,General,UNCLASSIFIED,USED,NEW,OEM,87.42,USD,SAPOP44-MT-357,398121236418,A2046260555,A2046260555,,,https://www.ebay.com/itm/398121236418,1,CONFIRMED,,,,,,,,,,
Lunette interrupteur vitre porte avant Lexus ES350 2007 occasion OEM 74231-50...,Lexus,,General,UNCLASSIFIED,USED,NEW,OEM,69.94,USD,LEX-LS-3145-DR1-DD,398121236411,74231-50,74231-50,,,https://www.ebay.com/itm/398121236411,1,CONFIRMED,,,,,,,,,,
FEBEST 2013-2020 Ford Fusion Rear Transverse Link 2125-CDUPR,FEBEST,,General,UNCLASSIFIED,USED,NEW,OEM,34.16,USD,2125-CDUPR,398121236406,2125-CDUPR,2125-CDUPR,,,https://www.ebay.com/itm/398121236406,2,CONFIRMED,,,,,,,,,,
2014 Lexus LX570 Computer Seat Belt Control 8981560140,Lexus,,Interior,UNCLASSIFIED,USED,NEW,OEM,144.35,USD,SAPOP47-MT-408,398121236367,"",,,,https://www.ebay.com/itm/398121236367,1,CONFIRMED,,,,,,,,,,
Sensore Abs anteriore destro Mitsubishi L200 febbraio 2015-2018 04606-022,FEBEST,,Electrical,UNCLASSIFIED,USED,NEW,OEM,44.97,USD,SAP-21791,398121236340,04606-022,04606-022,,,https://www.ebay.com/itm/398121236340,3,CONFIRMED,,,,,,,,,,
FEBEST 2009-2011 Nissan Versa Drive Belt Idler Pulley 0288-Z12,FEBEST,,General,UNCLASSIFIED,USED,NEW,OEM,86.72,USD,0288-Z12,398121236330,0288-Z12,0288-Z12,,,https://www.ebay.com/itm/398121236330,2,CONFIRMED,,,,,,,,,,
FEBEST 2007-2015 Audi Q7 Bellow Set Drive Shaft 2315P-T5,FEBEST,,General,UNCLASSIFIED,USED,NEW,OEM,86.72,USD,2315P-T5,398121236327,2315P-T5,2315P-T5,,,https://www.ebay.com/itm/398121236327,2,CONFIRMED,,,,,,,,,,
Roulement d'arbre d'essieu Ford Edge 2015 Febest AS-457519,FEBEST,,General,UNCLASSIFIED,USED,NEW,OEM,86.72,USD,AS-457519,398121236313,AS-457519,AS-457519,,,https://www.ebay.com/itm/398121236313,2,CONFIRMED,,,,,,,,,,
FEBEST 2015-2019 Porsche Macan Control Arm 1724-8RFLL,FEBEST,,Suspension,UNCLASSIFIED,USED,NEW,OEM,83.21,USD,1724-8RFLFL,398121236309,1724-8RFLFL; 1724-8RFLL,1724-8RFLFL,,,https://www.ebay.com/itm/398121236309,2,CONFIRMED,,,,,,,,,,
FEBEST 2013 Toyota Yaris clip di fissaggio 88570-096,FEBEST,,General,UNCLASSIFIED,USED,NEW,OEM,34.16,USD,88570-096,398121236277,88570-096,88570-096,,,https://www.ebay.com/itm/398121236277,2,CONFIRMED,,,,,,,,,,
2011 Audi A6 Quattro A/C Condensateur Occasion OEM 4G0260403A,Audi,,General,UNCLASSIFIED,USED,NEW,OEM,305.96,USD,AUD-QUA-4094-AC-A,398121236267,4G0260403A,4G0260403A,,,https://www.ebay.com/itm/398121236267,1,CONFIRMED,,,,,,,,,,
2011 Chevrolet Camaro Floor Panel Cross Bar Extension 22840554,Chevrolet,,Body,UNCLASSIFIED,USED,NEW,OEM,43.8,USD,SAPOP21-MT-325,398121236257,"",,,,https://www.ebay.com/itm/398121236257,1,CONFIRMED,,,,,,,,,,
Coperchio colonna porta Mini Cooper Clubman B 2016 513373444192,Mini,,General,UNCLASSIFIED,USED,NEW,OEM,89.16,USD,SAPOP33-SJ-414,398121236255,51337344192,51337344192,,,https://www.ebay.com/itm/398121236255,1,CONFIRMED,,,,,,,,,,
FEBEST 2009 Toyota Rush Pulley Idler 0188-NCP100,FEBEST,,General,UNCLASSIFIED,USED,NEW,OEM,86.72,USD,0188-NCP100,398121236243,0188-NCP100,0188-NCP100,,,https://www.ebay.com/itm/398121236243,2,CONFIRMED,,,,,,,,,,
Posacenere console centrale Mercedes-Benz C350 2007 A2048100330,Mercedes,,Interior,UNCLASSIFIED,USED,NEW,OEM,87.43,USD,SAPOP44-GB-193,398121236240,A2048100330,A2048100330,,,https://www.ebay.com/itm/398121236240,1,CONFIRMED,,,,,,,,,,
2011 Audi A6 A-Pillar Reinforcement used OEM 4G0810179,Audi,,General,UNCLASSIFIED,USED,NEW,OEM,113.64,USD,AUD-QUA-4094-RF-C,398121236239,4G0810179,4G0810179,,,https://www.ebay.com/itm/398121236239,1,CONFIRMED,,,,,,,,,,
Roulement de roue avant FEBEST 2010-2013 Honda City DAC38740040M,FEBEST,,General,UNCLASSIFIED,USED,NEW,OEM,86.72,USD,DAC38740040M,398121236230,DAC38740040M,DAC38740040M,,,https://www.ebay.com/itm/398121236230,2,CONFIRMED,,,,,,,,,,
FEBEST 2007 Volvo S80 Drift Mandrel Special Tool FEST-3,FEBEST,,General,UNCLASSIFIED,USED,NEW,OEM,70.07,USD,FEST-3,398121236228,FEST-3,FEST-3,,,https://www.ebay.com/itm/398121236228,2,CONFIRMED,,,,,,,,,,
Pignon de vilebrequin de distribution moteur Lexus LX570 2014 1352238030,Lexus,,General,UNCLASSIFIED,USED,NEW,OEM,43.79,USD,SAPOP47-AL-685,398121236226,"",,,,https://www.ebay.com/itm/398121236226,1,CONFIRMED,,,,,,,,,,
FEBEST 04-07 Toyota Corolla Cavo Assy Controllo Blocco Portellone 01102-ZZE120,FEBEST,,General,UNCLASSIFIED,USED,NEW,OEM,34.16,USD,01102-ZZE120,398121236219,01102-ZZE120,01102-ZZE120,,,https://www.ebay.com/itm/398121236219,2,NEEDS_REVIEW,,,,,,,,,,
FEBEST 2005-2007 Peugeot Partner Front Stabilizer Bar Bush PGSB-PARF24,FEBEST,,General,UNCLASSIFIED,USED,NEW,OEM,34.16,USD,PGSB-PARF24,398121236217,PGSB-PARF24,PGSB-PARF24,,,https://www.ebay.com/itm/398121236217,2,CONFIRMED,,,,,,,,,,
FEBEST 2003-2008 INFINITI FX35 Steering Tie Rod 0222-FX35,FEBEST,,General,UNCLASSIFIED,USED,NEW,OEM,86.72,USD,0222-FX35,398121236222,0222-FX35,0222-FX35,,,https://www.ebay.com/itm/398121236222,2,CONFIRMED,,,,,,,,,,
Albero sterzo intermedio inferiore FEBEST CITROEN ASPG-M59,FEBEST,,General,UNCLASSIFIED,USED,NEW,OEM,48.17,USD,ASPG-M59,398121236208,ASPG-M59,ASPG-M59,,,https://www.ebay.com/itm/398121236208,2,NEEDS_REVIEW,,,,,,,,,,
Braccio di controllo binario destro posteriore FEBEST FORD 0525-GERR,FEBEST,,General,UNCLASSIFIED,USED,NEW,OEM,42.92,USD,0525-GERR,398121236199,0525-GERR,0525-GERR,,,https://www.ebay.com/itm/398121236199,2,NEEDS_REVIEW,,,,,,,,,,
FEBEST 2007-2012 Mazda CX-7 giunto CV interno sinistro 0511-CX7LH,FEBEST,,General,UNCLASSIFIED,USED,NEW,OEM,86.72,USD,0511-CX7LH,398121172057,0511-CX7LH,0511-CX7LH,,,https://www.ebay.com/itm/398121172057,2,CONFIRMED,,,,,,,,,,
Giunto sferico Febest braccio inferiore anteriore 0720-RS,FEBEST,,General,UNCLASSIFIED,USED,NEW,OEM,86.72,USD,0720-RS,398121171907,0720-RS,0720-RS,,,https://www.ebay.com/itm/398121171907,2,NEEDS_REVIEW,,,,,,,,,,
Altoparlante posteriore Mercedes-Benz C350 AMG 2007 A2048202402,Mercedes,,General,UNCLASSIFIED,USED,NEW,OEM,87.42,USD,SAPOP44-MT-433,398121172549,A2048202402,A2048202402,,,https://www.ebay.com/itm/398121172549,1,CONFIRMED,,,,,,,,,,
2008-2016 Lexus LX570 Running Board Step Pad Cover Plate LH 5177460160A1,Lexus,,General,UNCLASSIFIED,USED,NEW,OEM,174.3,USD,SAPOP47-GB-856,398121172118,5177460160A1,5177460160A1,,,https://www.ebay.com/itm/398121172118,1,CONFIRMED,,,,,,,,,,
FEBEST 2012-2017 Chevrolet Colorado Suspension Arm Repair Kit OPOS-001,FEBEST,,Suspension,UNCLASSIFIED,USED,NEW,OEM,42.92,USD,OPOS-001,398121172554,OPOS-001,OPOS-001,,,https://www.ebay.com/itm/398121172554,2,CONFIRMED,,,,,,,,,,
Febest 2007-2011 Toyota Avanza Front Bushing Front Control Arm TAB-F602S,FEBEST,,Suspension,UNCLASSIFIED,USED,NEW,OEM,32.71,USD,SAP-22318,398121172378,TAB-F602S,TAB-F602S,,,https://www.ebay.com/itm/398121172378,3,CONFIRMED,,,,,,,,,,
Kit filtro trasmissione Mercedes-Benz S500 A2202770395,Mercedes-Benz,,General,UNCLASSIFIED,USED,NEW,OEM,87.43,USD,SAPOP31-GB-289,398121172031,A2202770395,A2202770395,,,https://www.ebay.com/itm/398121172031,1,NEEDS_REVIEW,,,,,,,,,,
2014 Mercedes-Benz CLA250 Exhaust Gas Line A1174900750,Mercedes,,Exhaust,UNCLASSIFIED,USED,NEW,OEM,349.71,USD,SAPOP30-SJ-201,398121172510,CLA250; A1174900750,CLA250,,,https://www.ebay.com/itm/398121172510,1,CONFIRMED,,,,,,,,,,
Luce targa Mini Cooper 2006 63267193294,Mini,,General,UNCLASSIFIED,USED,NEW,OEM,45.42,USD,SAPOP33-SJ-304,398121172401,63267193294,63267193294,,,https://www.ebay.com/itm/398121172401,1,CONFIRMED,,,,,,,,,,
2007 Mercedes-Benz C350 AMG Tweeter Speaker A2128201002,Mercedes,,General,UNCLASSIFIED,USED,NEW,OEM,43.71,USD,SAPOP44-MT-437,398121171992,A2128201002,A2128201002,,,https://www.ebay.com/itm/398121171992,1,CONFIRMED,,,,,,,,,,
FEBEST Left Rear Brake Caliper Assembly for 2012 Mitsubishi Outlander OEM 0477-GFRL,FEBEST,,Brakes,UNCLASSIFIED,USED,NEW,OEM,113.87,USD,0477-GFRL,398121237044,0477-GFRL,0477-GFRL,,,https://www.ebay.com/itm/398121237044,2,CONFIRMED,,,,,,,,,,
Used Glove Box Lid Valve for 2007 Audi Q7 OEM 3B081635501C,Audi,,General,UNCLASSIFIED,USED,NEW,OEM,52.53,USD,AUD-Q7-8323-DB-CC,398121237040,3B081635501C,3B081635501C,,,https://www.ebay.com/itm/398121237040,1,CONFIRMED,,,,,,,,,,
Engine Wiring Harness for 2007-2008 Audi Q7 OEM 4L1971072BT,Audi,,Engine,UNCLASSIFIED,USED,NEW,OEM,292.67,USD,AUDI-Q7-1712-EWH-1,398121237017,4L1971072BT,4L1971072BT,,,https://www.ebay.com/itm/398121237017,1,CONFIRMED,,,,,,,,,,
Used Flywheel Damper for 2013 Dodge Charger OEM 68056111AD,Dodge,,Wheels,UNCLASSIFIED,USED,NEW,OEM,56.82,USD,DOG-CHG-3627-DB-B,398121237011,68056111AD,68056111AD,,,https://www.ebay.com/itm/398121237011,1,CONFIRMED,,,,,,,,,,
Used Washer Hose for 2008 Mazda 3 OEM BP4K67501B,Mazda,,General,UNCLASSIFIED,USED,NEW,OEM,52.45,USD,MAZ-MZ3-2088-EL-X,398121237007,BP4K67501B,BP4K67501B,,,https://www.ebay.com/itm/398121237007,1,CONFIRMED,,,,,,,,,,
Used Door Lock Rod Clip for 2013 Dodge Charger OEM 68104006AA,Dodge,,Body,UNCLASSIFIED,USED,NEW,OEM,56.82,USD,DOG-CHG-3627-DR2-L,398121237003,68104006AA,68104006AA,,,https://www.ebay.com/itm/398121237003,1,CONFIRMED,,,,,,,,,,
FEBEST Rear Brake Caliper Repair Kit OEM 0375-RER,FEBEST,,Brakes,UNCLASSIFIED,USED,NEW,OEM,86.72,USD,0375-RER,398121236975,0375-RER,0375-RER,,,https://www.ebay.com/itm/398121236975,2,NEEDS_REVIEW,,,,,,,,,,
Oil Filter Housing Cap for 2014 Mercedes-Benz CLA 250,Mercedes,,General,UNCLASSIFIED,USED,NEW,OEM,43.7,USD,SAPOP30-SJ-77,398121236959,"",,,,https://www.ebay.com/itm/398121236959,1,CONFIRMED,,,,,,,,,,
Used Left Side Storage Tray Trim Cover for 2012 BMW 740Li,BMW,,Wheels,UNCLASSIFIED,USED,NEW,OEM,52.45,USD,BMW-740-C576-DB-LL,398121236956,"",,,,https://www.ebay.com/itm/398121236956,1,CONFIRMED,,,,,,,,,,
Used Door Shell for 2017 Jaguar XF OEM T2H35823,Jaguar,,Body,UNCLASSIFIED,USED,NEW,OEM,481.73,USD,JAG-XF-9202-DR3-M,398121236950,T2H35823,T2H35823,,,https://www.ebay.com/itm/398121236950,1,CONFIRMED,,,,,,,,,,
Used Front Door Lock Cable for 2016 Ford Fiesta OEM,Ford,,Body,UNCLASSIFIED,USED,NEW,OEM,43.71,USD,FOR-FIE-0110-DR4-Q,398121236947,"",,,,https://www.ebay.com/itm/398121236947,1,CONFIRMED,,,,,,,,,,
Used Quarter Upper Panel for 2010 Volkswagen Tiguan OEM 5N0809843,Volkswagen,,Body,UNCLASSIFIED,USED,NEW,OEM,174.7,USD,VOL-TIG-0710-CH-OOO,398121236946,5N0809843,5N0809843,,,https://www.ebay.com/itm/398121236946,1,CONFIRMED,,,,,,,,,,
Used AC Wiring Harness Kit for 2017 Volkswagen Tiguan OEM 5N1971566A,Volkswagen,,Electrical,UNCLASSIFIED,USED,NEW,OEM,91.79,USD,SAPOP40-SJ-599,398121236933,5N1971566A,5N1971566A,,,https://www.ebay.com/itm/398121236933,1,CONFIRMED,,,,,,,,,,
Used Sun Visor for 2017 Jaguar XF OEM T2H4259LKP,Jaguar,,General,UNCLASSIFIED,USED,NEW,OEM,52.45,USD,JAG-XF-9202-RF-AA,398121236931,T2H4259LKP,T2H4259LKP,,,https://www.ebay.com/itm/398121236931,1,CONFIRMED,,,,,,,,,,
Used Hood Release Bowden Cable for 2008 BMW X5 OEM 51237184452,BMW,,Body,UNCLASSIFIED,USED,NEW,OEM,52.54,USD,BMW-X5-4619-BN-H,398121236916,51237184452,51237184452,,,https://www.ebay.com/itm/398121236916,1,CONFIRMED,,,,,,,,,,
Used Fuel Vapor Canister Filter for 2012 BMW 740Li,BMW,,General,UNCLASSIFIED,USED,NEW,OEM,144.32,USD,BMW-740-C576-FL-A,398121236911,"",,,,https://www.ebay.com/itm/398121236911,1,CONFIRMED,,,,,,,,,,
Used HVAC Blower Motor Resistor for 2012 BMW 740Li OEM 64119,BMW,,Engine,UNCLASSIFIED,USED,NEW,OEM,113.66,USD,BMW-740-C576-AC-G,398121236912,64119355981; 64119,64119355981,,,https://www.ebay.com/itm/398121236912,1,CONFIRMED,,,,,,,,,,
Used Left Driver Side Auxiliary Radiator for 2012 BMW 740Li OEM 17117,BMW,,Cooling,UNCLASSIFIED,USED,NEW,OEM,104.91,USD,BMW-740-C576-CL-E,398121236895,17117,17117,,,https://www.ebay.com/itm/398121236895,1,CONFIRMED,,,,,,,,,,
Rain/Light Sensor for 2007 Mercedes-Benz C350 AMG OEM A2048703526,Mercedes,,Electrical,UNCLASSIFIED,USED,NEW,OEM,52.45,USD,SAPOP44-MT-458,398121236893,A2048703526,A2048703526,,,https://www.ebay.com/itm/398121236893,1,CONFIRMED,,,,,,,,,,
Used CV Inner Joint Kit for 2010 Volkswagen Tiguan OEM 3C0498103G,Volkswagen,,General,UNCLASSIFIED,USED,NEW,OEM,70.09,USD,VOL-TIG-0710-TR-L,398121236888,3C0498103G,3C0498103G,,,https://www.ebay.com/itm/398121236888,1,CONFIRMED,,,,,,,,,,
Used Inner Door Trim Panel for 2017 Volkswagen Tiguan OEM 5N0867212E,Volkswagen,,Body,UNCLASSIFIED,USED,NEW,OEM,174.85,USD,SAPOP40-SJ-610,398121236884,5N0867212E,5N0867212E,,,https://www.ebay.com/itm/398121236884,1,CONFIRMED,,,,,,,,,,
Used Accelerator Pedal Sensor for 2007 Audi Q7 OEM 7L0723507D,Audi,,Electrical,UNCLASSIFIED,USED,NEW,OEM,52.33,USD,AUD-Q7-8323-TR-BB,398121236877,7L0723507D,7L0723507D,,,https://www.ebay.com/itm/398121236877,1,CONFIRMED,,,,,,,,,,
FEBEST Rear Stabilizer Bar Bushing for Toyota OEM TSB-504,FEBEST,,General,UNCLASSIFIED,USED,NEW,OEM,86.72,USD,TSB-504,398121236885,TSB-504,TSB-504,,,https://www.ebay.com/itm/398121236885,2,NEEDS_REVIEW,,,,,,,,,,
FEBEST Left Engine Mount Bushing for 1993-1997 Toyota Corolla OEM TMB-108,FEBEST,,Engine,UNCLASSIFIED,USED,NEW,OEM,30.54,USD,SAP-17713,398121236875,TMB-108,TMB-108,,,https://www.ebay.com/itm/398121236875,3,CONFIRMED,,,,,,,,,,
Used Left Front Door Lock Assembly with Motor for 2007 Lexus LS 460,Lexus,,Engine,UNCLASSIFIED,USED,NEW,OEM,131.13,USD,LEX-LS-3145-DR2-O,398121236861,"",,,,https://www.ebay.com/itm/398121236861,1,CONFIRMED,,,,,,,,,,
Used Suspension Strut for 2007 Lexus IS250 OEM 48520-59285,Lexus,,Suspension,UNCLASSIFIED,USED,NEW,OEM,153.08,USD,LEX-IS-1277-SU-G,398121236852,48520-59285,48520-59285,,,https://www.ebay.com/itm/398121236852,1,CONFIRMED,,,,,,,,,,
Used Rear Seat Cushion Cover for 2018 Toyota Camry OEM 71073-33R,Toyota,,Interior,UNCLASSIFIED,USED,NEW,OEM,131.1,USD,TOY-CAM-9731-ST2-B,398121236848,71073-33R,71073-33R,,,https://www.ebay.com/itm/398121236848,1,NOT_VERIFIED,,,,,,,,,,
Used Right Side Complete Headlight Assembly for 2017 Jaguar XF OEM GX6313W029MF,Jaguar,,General,UNCLASSIFIED,USED,NEW,OEM,498.29,USD,JAG-XF-9202-LT2-A,398121236845,T2H57019; GX6313W029MF,T2H57019,,,https://www.ebay.com/itm/398121236845,1,CONFIRMED,,,,,,,,,,
Used Rear Brake Pad Wear Sensor for 2008 BMW X5 OEM 34356789505,BMW,,Brakes,UNCLASSIFIED,USED,NEW,OEM,52.54,USD,BMW-X5-4619-BR-O,398121236838,34356789505,34356789505,,,https://www.ebay.com/itm/398121236838,1,CONFIRMED,,,,,,,,,,
FEBEST Left Front Control Arm for General Motors OEM 1024-EV4FLH,FEBEST,,Engine,UNCLASSIFIED,USED,NEW,OEM,100.73,USD,1024-EV4FLH,398121236820,1024-EV4FLH,1024-EV4FLH,,,https://www.ebay.com/itm/398121236820,2,NEEDS_REVIEW,,,,,,,,,,
Used Left Front Grille for 2012 BMW 740Li OEM 51117184151,BMW,,Body,UNCLASSIFIED,USED,NEW,OEM,122.41,USD,BMW-740-C576-BP3-G,398121236809,51117184151,51117184151,,,https://www.ebay.com/itm/398121236809,1,CONFIRMED,,,,,,,,,,
FEBEST Rear Engine Mount Bushing for 1998-2003 Mitsubishi Galant OEM MMB-EA5ARR,FEBEST,,Engine,UNCLASSIFIED,USED,NEW,OEM,86.72,USD,MMB-EA5ARR,398121236794,MMB-EA5ARR,MMB-EA5ARR,,,https://www.ebay.com/itm/398121236794,2,CONFIRMED,,,,,,,,,,
FEBEST Outer CV Joint for Mercedes-Benz OEM 1610-156,FEBEST,,General,UNCLASSIFIED,USED,NEW,OEM,87.59,USD,1610-156,398121236786,1610-156,1610-156,,,https://www.ebay.com/itm/398121236786,2,NEEDS_REVIEW,,,,,,,,,,
Variable Valve Timing Solenoid for 2004-2006 BMW X5 OEM 11367560462,BMW,,General,UNCLASSIFIED,USED,NEW,OEM,52.54,USD,BMW-X5-4619-EN-J,398121236785,11367560462,11367560462,,,https://www.ebay.com/itm/398121236785,1,CONFIRMED,,,,,,,,,,
FEBEST Front Floating Sway Bar Link OEM BMAB-049Z,FEBEST,,Suspension,UNCLASSIFIED,USED,NEW,OEM,86.72,USD,BMAB-049Z,398121236780,BMAB-049Z,BMAB-049Z,,,https://www.ebay.com/itm/398121236780,2,NEEDS_REVIEW,,,,,,,,,,
Used Rear Wheel Fender Liner for 2007-2021 Audi Q7 OEM 4L0854815,Audi,,Body,UNCLASSIFIED,USED,NEW,OEM,43.72,USD,SAPOP16-GB-653,398121236769,4L0854815,4L0854815,,,https://www.ebay.com/itm/398121236769,1,CONFIRMED,,,,,,,,,,
FEBEST Rear Engine Mount for 2008-2014 Nissan Frontier OEM NM-NP300R,FEBEST,,Engine,UNCLASSIFIED,USED,NEW,OEM,42.92,USD,NM-NP300R,398121236762,NM-NP300R,NM-NP300R,,,https://www.ebay.com/itm/398121236762,2,CONFIRMED,,,,,,,,,,
Used Lower Air Vent Instrument Panel for 2017 Jaguar XF OEM T2H21885,Jaguar,,Body,UNCLASSIFIED,USED,NEW,OEM,52.44,USD,JAG-XF-9202-EL-EE,398121236757,T2H21885,T2H21885,,,https://www.ebay.com/itm/398121236757,1,CONFIRMED,,,,,,,,,,
Used Oxygen Sensor for 2008 Porsche Cayenne S OEM,Porsche,,Electrical,UNCLASSIFIED,USED,NEW,OEM,56.82,USD,POR-CAY-9697-EX-H,398121236749,"",,,,https://www.ebay.com/itm/398121236749,1,CONFIRMED,,,,,,,,,,
Rear Axle Shaft Bearing Kit for 2008-2016 Nissan Frontier OEM KIT-D40,FEBEST,,General,UNCLASSIFIED,USED,NEW,OEM,86.72,USD,KIT-D40,398121236748,KIT-D40,KIT-D40,,,https://www.ebay.com/itm/398121236748,2,CONFIRMED,,,,,,,,,,
FEBEST Left Rear Upper Control Arm for 2002-2003 Mitsubishi Lancer OEM 0425-CK01,FEBEST,,Suspension,UNCLASSIFIED,USED,NEW,OEM,42.92,USD,0425-CK01,398121236746,0425-CK01,0425-CK01,,,https://www.ebay.com/itm/398121236746,2,CONFIRMED,,,,,,,,,,
FEBEST Rear Sway Bar Bushing for 2012-2020 Subaru Forester OEM SAB-020,FEBEST,,Suspension,UNCLASSIFIED,USED,NEW,OEM,86.72,USD,SAB-020,398121236745,SAB-020,SAB-020,,,https://www.ebay.com/itm/398121236745,2,CONFIRMED,,,,,,,,,,
Used Wiper Motor Assembly for 2017 Jaguar XF OEM T2H23527,Jaguar,,Engine,UNCLASSIFIED,USED,NEW,OEM,122.39,USD,JAG-XF-9202-WS1-M,398121236738,T2H23527,T2H23527,,,https://www.ebay.com/itm/398121236738,1,CONFIRMED,,,,,,,,,,
Used Fender Liner Cover for 2009 BMW 335i OEM 517172534,BMW,,Body,UNCLASSIFIED,USED,NEW,OEM,58.13,USD,BMW-35i-2687-FD2-Q,398121236726,51717172534; 517172534,51717172534,,,https://www.ebay.com/itm/398121236726,1,CONFIRMED,,,,,,,,,,
Used Seat Bracket for 2010 Volkswagen Tiguan OEM 5N0803234,Volkswagen,,Interior,UNCLASSIFIED,USED,NEW,OEM,51.67,USD,VOL-TIG-0710-CH-AAAAAAAA,398121236720,5N0803234,5N0803234,,,https://www.ebay.com/itm/398121236720,1,NOT_VERIFIED,,,,,,,,,,
Used Rear Bumper Lower Panel for 2011 Audi A6 Quattro OEM 4G0807521A,Audi,,Body,UNCLASSIFIED,USED,NEW,OEM,237.23,USD,AUD-QUA-4094-BP2-G,398121236721,4G0807521A,4G0807521A,,,https://www.ebay.com/itm/398121236721,1,CONFIRMED,,,,,,,,,,
Used Heat Shield for Steering Box on 2008 BMW X5 OEM 32,BMW,,General,UNCLASSIFIED,USED,NEW,OEM,52.45,USD,BMW-X5-4619-DB-B,398121236717,"",,,,https://www.ebay.com/itm/398121236717,1,CONFIRMED,,,,,,,,,,
Used Left Rear Door Armrest Base for 2002 Lexus LS430 OEM 7427250070D0,Lexus,,Body,UNCLASSIFIED,USED,NEW,OEM,86.74,USD,SAPOP43-AL-215,398121236696,7427250070D0,7427250070D0,,,https://www.ebay.com/itm/398121236696,1,CONFIRMED,,,,,,,,,,
Used Air Intake Tube for 2018 Jaguar F-Pace OEM T2H9511,Jaguar,,General,UNCLASSIFIED,USED,NEW,OEM,104.91,USD,SAPOP24-SJ-182,398121236700,T2H9511,T2H9511,,,https://www.ebay.com/itm/398121236700,1,CONFIRMED,,,,,,,,,,
Used Rain Sensor for 2008 Mazda CX-7 OEM BP4K665G0A,Mazda,,Electrical,UNCLASSIFIED,USED,NEW,OEM,56.83,USD,MAZ-MZ3-2088-EL-D,398121236695,BP4K665G0A,BP4K665G0A,,,https://www.ebay.com/itm/398121236695,1,CONFIRMED,,,,,,,,,,
Used Front HVAC Throttle Valve for 2009 BMW 335i OEM 64119253425,BMW,,General,UNCLASSIFIED,USED,NEW,OEM,87.42,USD,BMW-35i-2687-AC-A,398121236690,64119253425,64119253425,,,https://www.ebay.com/itm/398121236690,1,CONFIRMED,,,,,,,,,,
Heater Actuator Motor Bracket for 2007 Mercedes-Benz C350 AMG OEM A2048350114,Mercedes,,Engine,UNCLASSIFIED,USED,NEW,OEM,43.71,USD,SAPOP44-MT-476,398121236684,A2048350114,A2048350114,,,https://www.ebay.com/itm/398121236684,1,CONFIRMED,,,,,,,,,,
Used Center Engine Bearing for 2001-2005 Lexus IS300 OEM TCB,FEBEST,,Engine,UNCLASSIFIED,USED,NEW,OEM,55.33,USD,SAP-22521,398121236678,TCB-024,TCB-024,,,https://www.ebay.com/itm/398121236678,3,CONFIRMED,,,,,,,,,,
Used Voltage Regulator for 2009 BMW 335i OEM 12317561939,BMW,,General,UNCLASSIFIED,USED,NEW,OEM,52.44,USD,BMW-35i-2687-EN-U,398121236672,12317561939,12317561939,,,https://www.ebay.com/itm/398121236672,1,CONFIRMED,,,,,,,,,,
Used Front Body Pillar A for 2007 Lexus LS460 OEM 61131-50040,Lexus,,General,UNCLASSIFIED,USED,NEW,OEM,201.07,USD,LEX-LS-3145-CH-LL,398121236670,61131-50040,61131-50040,,,https://www.ebay.com/itm/398121236670,1,CONFIRMED,,,,,,,,,,
FEBEST Engine Crankshaft Oil Seal for 2016-2018 Chevrolet Malibu OEM 95PES-3561,FEBEST,,Engine,UNCLASSIFIED,USED,NEW,OEM,30.82,USD,SAP-21141,398121236664,95PES-35610911U; 95PES-3561,95PES-35610911U,,,https://www.ebay.com/itm/398121236664,3,CONFIRMED,,,,,,,,,,
Used Oxygen Lambda Sensor for 2008 Mercedes-Benz GL500 OEM A0035427018,Mercedes-Benz,,Electrical,UNCLASSIFIED,USED,NEW,OEM,52.54,USD,MRC-GL5-9750-EX-C,398121236657,A0035427018,A0035427018,,,https://www.ebay.com/itm/398121236657,1,CONFIRMED,,,,,,,,,,
Used Engine Oil Pump Pickup Tube for 2011 Chevrolet Camaro OEM 12590407,Chevrolet,,Engine,UNCLASSIFIED,USED,NEW,OEM,61.17,USD,SAPOP21-AL-484,398121236656,12590407,12590407,,,https://www.ebay.com/itm/398121236656,1,CONFIRMED,,,,,,,,,,
FEBEST Front Engine Mount for 2009-2010 Toyota 4Runner OEM TM-TRJ120F,FEBEST,,Engine,UNCLASSIFIED,USED,NEW,OEM,86.72,USD,TM-TRJ120F,398121236655,TM-TRJ120F; 4RUNNER,TM-TRJ120F,,,https://www.ebay.com/itm/398121236655,2,CONFIRMED,,,,,,,,,,
Used Folding Seat Release Handle for 2008 Porsche Cayenne OEM,Porsche,,Interior,UNCLASSIFIED,USED,NEW,OEM,52.57,USD,POR-CAY-9697-ST3-J,398121236632,955522652099B9,955522652099B9,,,https://www.ebay.com/itm/398121236632,1,NOT_VERIFIED,,,,,,,,,,
FEBEST Inner CV Joint for 2002-2008 Subaru Forester OEM 0811-B13,FEBEST,,General,UNCLASSIFIED,USED,NEW,OEM,86.72,USD,0811-B13,398121236630,0811-B13,0811-B13,,,https://www.ebay.com/itm/398121236630,2,CONFIRMED,,,,,,,,,,
Used Tailpipe Assembly for 2008 Porsche Cayenne S OEM 95550583801U90,Porsche,,General,UNCLASSIFIED,USED,NEW,OEM,127.01,USD,POR-CAY-9697-BP-NN,398121236629,95550583801U90,95550583801U90,,,https://www.ebay.com/itm/398121236629,1,CONFIRMED,,,,,,,,,,
FEBEST Driveshaft Oil Seal for 2003-2005 Mazda 6 OEM 95JES-39590913X,FEBEST,,General,UNCLASSIFIED,USED,NEW,OEM,86.72,USD,95JES-39590913X,398121236626,95JES-39590913X,95JES-39590913X,,,https://www.ebay.com/itm/398121236626,2,CONFIRMED,,,,,,,,,,
Used Lock Striker for 2007 Audi Q7 OEM 4L0885879K50,Audi,,General,UNCLASSIFIED,USED,NEW,OEM,52.71,USD,AUD-Q7-8323-ST3-QQ,398121236622,4L0885879K50,4L0885879K50,,,https://www.ebay.com/itm/398121236622,1,CONFIRMED,,,,,,,,,,
Used Rear Roof Headliner Panel for 2017 Jaguar XF OEM T2H4797,Jaguar,,Body,UNCLASSIFIED,USED,NEW,OEM,78.82,USD,JAG-XF-9202-RF-KK,398121236605,T2H4797,T2H4797,,,https://www.ebay.com/itm/398121236605,1,CONFIRMED,,,,,,,,,,
Used Steering Wheel Upper Trim Cover for 2018 Jaguar F-Pace OEM,Jaguar,,Interior,UNCLASSIFIED,USED,NEW,OEM,87.41,USD,SAPOP24-SJ-207,398121236597,"",,,,https://www.ebay.com/itm/398121236597,1,CONFIRMED,,,,,,,,,,
FEBEST Lower Intermediate Steering Shaft for 2007-2014 Toyota Highlander OEM AST,FEBEST,,General,UNCLASSIFIED,USED,NEW,OEM,74.45,USD,AST-GVU48,398121236575,"",,,,https://www.ebay.com/itm/398121236575,2,CONFIRMED,,,,,,,,,,
Used Left Rear Inner Door Pull Handle for 2007 Audi Q7 OEM 4L0867371,Audi,,Body,UNCLASSIFIED,USED,NEW,OEM,52.45,USD,SAPOP16-AL-940,398121236564,4L0867371,4L0867371,,,https://www.ebay.com/itm/398121236564,1,CONFIRMED,,,,,,,,,,
Used Cowl Side Trim Panel for 2013 Dodge Charger OEM 1KL46DX9AB,Dodge,,Body,UNCLASSIFIED,USED,NEW,OEM,61.19,USD,DOG-CHG-3627-CH-J,398121236554,1KL46DX9AB,1KL46DX9AB,,,https://www.ebay.com/itm/398121236554,1,CONFIRMED,,,,,,,,,,
Used Computer Control Module for 2011 Audi A6 Quattro OEM 4G0035678,Audi,,Electrical,UNCLASSIFIED,USED,NEW,OEM,175.72,USD,AUD-QUA-4094-DB-I,398121236536,4G0035678,4G0035678,,,https://www.ebay.com/itm/398121236536,1,CONFIRMED,,,,,,,,,,
Used Right Rear Bumper Extension for 2007 Lexus LS460 OEM 52106-50010,Lexus,,Body,UNCLASSIFIED,USED,NEW,OEM,43.78,USD,LEX-LS-3145-BP1-E,398121236533,52106-50010,52106-50010,,,https://www.ebay.com/itm/398121236533,1,CONFIRMED,,,,,,,,,,
Used Front Stabilizer Sway Bar Link for 2016 Ford Fiesta OEM,Ford,,Suspension,UNCLASSIFIED,USED,NEW,OEM,96.17,USD,FOR-FIE-0110-SU-S,398121236526,BE8Z-5482-A,BE8Z-5482-A,,,https://www.ebay.com/itm/398121236526,1,CONFIRMED,,,,,,,,,,
Used Engine Coolant Thermostat for 2002 Lexus LS430 OEM 9091603100,Lexus,,Engine,UNCLASSIFIED,USED,NEW,OEM,43.71,USD,SAPOP42-AL-85,398121236524,9091603100,9091603100,,,https://www.ebay.com/itm/398121236524,1,CONFIRMED,,,,,,,,,,
Used Automatic Transmission Mount for 2007 Lexus LS 460 OEM 12371-38050,Lexus,,Transmission,UNCLASSIFIED,USED,NEW,OEM,87.56,USD,LEX-LS-3145-EN-E,398121236522,12371-38050,12371-38050,,,https://www.ebay.com/itm/398121236522,1,CONFIRMED,,,,,,,,,,
FEBEST CV Joint for 2007-2014 Toyota Highlander OEM 0111-GSU40RH,FEBEST,,General,UNCLASSIFIED,USED,NEW,OEM,109.49,USD,0111-GSU40RH,398121236514,0111-GSU40RH,0111-GSU40RH,,,https://www.ebay.com/itm/398121236514,2,CONFIRMED,,,,,,,,,,
Used Brake Dust Shield for 2011 Audi A6 OEM 8R0615611B,Audi,,Brakes,UNCLASSIFIED,USED,NEW,OEM,96.15,USD,AUD-QUA-4094-BR-K,398121236513,8R0615611B,8R0615611B,,,https://www.ebay.com/itm/398121236513,1,CONFIRMED,,,,,,,,,,
Used HVAC Blower Motor for 2011 Cadillac CTS OEM 19130001,Cadillac,,Engine,UNCLASSIFIED,USED,NEW,OEM,61.3,USD,CAD-CTS-7984-AI-O,398121236504,19130001,19130001,,,https://www.ebay.com/itm/398121236504,1,CONFIRMED,,,,,,,,,,
Used Rear Seat Lower Cushion Base for 2011 Audi A6 OEM 4G0885375,Audi,,Interior,UNCLASSIFIED,USED,NEW,OEM,192.32,USD,AUD-QUA-4094-ST3-A,398121236505,4G0885375,4G0885375,,,https://www.ebay.com/itm/398121236505,1,CONFIRMED,,,,,,,,,,
Used Driver Side Rear Suspension Joint for 2011 Cadillac CTS,Cadillac,,Suspension,UNCLASSIFIED,USED,NEW,OEM,109.27,USD,CAD-CTS-7984-SU-R,398121236496,"",,,,https://www.ebay.com/itm/398121236496,1,CONFIRMED,,,,,,,,,,
Used Air Deflector Plate for 2008 Mercedes GL500 OEM A1645002016,Mercedes-Benz,,General,UNCLASSIFIED,USED,NEW,OEM,56.94,USD,MRC-GL5-9750-CL-F,398121236495,A1645002016,A1645002016,,,https://www.ebay.com/itm/398121236495,1,CONFIRMED,,,,,,,,,,
Left front stabilizer link Mitsubishi Grandis 2007-2009 0423-94L,FEBEST,,General,UNCLASSIFIED,USED,NEW,OEM,30.45,USD,SAP-22327,398121236486,0423-94L,0423-94L,,,https://www.ebay.com/itm/398121236486,3,CONFIRMED,,,,,,,,,,
Push start switch Toyota Camry 2018 used OEM 89611-30142,Toyota,,General,UNCLASSIFIED,USED,NEW,OEM,56.83,USD,TOY-CAM-9731- DB-A,398121236485,"89611-30142, 8961130142; 89611-30142","89611-30142, 8961130142",,,https://www.ebay.com/itm/398121236485,1,CONFIRMED,,,,,,,,,,
Mazda 3 2008 rear panel used OEM JM7BK326081392088,Mazda,,Body,UNCLASSIFIED,USED,NEW,OEM,192.32,USD,MAZ-MZ3-2088-CH-Y,398121236476,B33D7075XE; JM7BK326081392088,B33D7075XE,,,https://www.ebay.com/itm/398121236476,1,CONFIRMED,,,,,,,,,,
Hood release cable Audi Q7 2007 used OEM 4L1823531,Audi,,Body,UNCLASSIFIED,USED,NEW,OEM,52.53,USD,AUD-Q7-8323-BN-J,398121236470,4L1823531,4L1823531,,,https://www.ebay.com/itm/398121236470,1,CONFIRMED,,,,,,,,,,
Door hinge assembly Ford Fiesta 2016 used OEM AE8Z-5822811-A,Ford,,Body,UNCLASSIFIED,USED,NEW,OEM,43.71,USD,FOR-FIE-0110-DR1-C,398121236469,AE8Z-5822811-A,AE8Z-5822811-A,,,https://www.ebay.com/itm/398121236469,1,CONFIRMED,,,,,,,,,,
Pedal mounting bracket Porsche Cayenne 2008 used OEM 95542316510,Porsche,,General,UNCLASSIFIED,USED,NEW,OEM,96.39,USD,POR-CAY-9697-TR-ZZ,398121236466,95542316510,95542316510,,,https://www.ebay.com/itm/398121236466,1,CONFIRMED,,,,,,,,,,
Fuel tank Audi Q7 2007 used OEM 4L0201075C,Audi,,General,UNCLASSIFIED,USED,NEW,OEM,542.06,USD,AUDI-Q7-1712-FTK-1,398121236464,4L0201075C,4L0201075C,,,https://www.ebay.com/itm/398121236464,1,CONFIRMED,,,,,,,,,,
Front wheel bearing FEBEST 1997 Infiniti QX4 95HDS-57790814X,FEBEST,,Wheels,UNCLASSIFIED,USED,NEW,OEM,86.72,USD,95HDS-57790814X,398121236460,95HDS-57790814X,95HDS-57790814X,,,https://www.ebay.com/itm/398121236460,2,CONFIRMED,,,,,,,,,,
Fog light assembly BMW 740Li 2012 used OEM 63177182196,BMW,,General,UNCLASSIFIED,USED,NEW,OEM,96.18,USD,BMW-740-C576-LT2-A,398121236440,63177182196,63177182196,,,https://www.ebay.com/itm/398121236440,1,CONFIRMED,,,,,,,,,,
Mazda 3 2008 rear right quarter window door used OEM BN8V72661A,Mazda,,Body,UNCLASSIFIED,USED,NEW,OEM,87.42,USD,MAZ-MZ3-2088-WS2-B,398121236432,BN8V72661A,BN8V72661A,,,https://www.ebay.com/itm/398121236432,1,CONFIRMED,,,,,,,,,,
Bumper cover rail support Volkswagen Tiguan 2010 used OEM 5N0807941,Volkswagen,,Body,UNCLASSIFIED,USED,NEW,OEM,43.79,USD,VOL-TIG-0710-BP1-G,398121236422,5N0807941,5N0807941,,,https://www.ebay.com/itm/398121236422,1,CONFIRMED,,,,,,,,,,
Rear transverse link Subaru Forester SAB-S11R Febest 2001-2007,FEBEST,,General,UNCLASSIFIED,USED,NEW,OEM,31.75,USD,SAP-17757,398121236365,SAB-S11R,SAB-S11R,,,https://www.ebay.com/itm/398121236365,3,CONFIRMED,,,,,,,,,,
FEBEST 2021 Ford F-150 right upper front control arm 2124-TFDFUR,FEBEST,,Suspension,UNCLASSIFIED,USED,NEW,OEM,74.45,USD,2124-TFDFUR,398121236360,2124-TFDFUR,2124-TFDFUR,,,https://www.ebay.com/itm/398121236360,2,CONFIRMED,,,,,,,,,,
Hood latch Cadillac CTS 2011 used OEM 25869079,Cadillac,,Body,UNCLASSIFIED,USED,NEW,OEM,52.44,USD,CAD-CTS-7984-BN-F,398121236359,25869079,25869079,,,https://www.ebay.com/itm/398121236359,1,CONFIRMED,,,,,,,,,,
Left mirror cover BMW X5 2008 used OEM 51337214063,BMW,,Body,UNCLASSIFIED,USED,NEW,OEM,52.45,USD,BMW-X5-4619-DR1-D,398121236358,51337214063,51337214063,,,https://www.ebay.com/itm/398121236358,1,CONFIRMED,,,,,,,,,,
Seat adjustment handle Volkswagen Tiguan 2010 used OEM 3C0881254,Volkswagen,,Interior,UNCLASSIFIED,USED,NEW,OEM,87.59,USD,VOL-TIG-0710-ST2-L,398121236349,3C0881254,3C0881254,,,https://www.ebay.com/itm/398121236349,1,NOT_VERIFIED,,,,,,,,,,
Front trunk trim cover Lexus LS 460 2007 used,Lexus,,Body,UNCLASSIFIED,USED,NEW,OEM,69.93,USD,LEX-LS-3145-TK-CC,398121236337,"",,,,https://www.ebay.com/itm/398121236337,1,CONFIRMED,,,,,,,,,,
Front wheel bearing repair kit Febest 2011-2016 Peugeot 3008 DAC45,FEBEST,,Wheels,UNCLASSIFIED,USED,NEW,OEM,58.61,USD,SAP-21899,398121236336,"",,,,https://www.ebay.com/itm/398121236336,3,NEEDS_REVIEW,,,,,,,,,,
Left rear air duct guide Lexus LS 460 2007 used OEM 87216-50030,Lexus,,General,UNCLASSIFIED,USED,NEW,OEM,43.7,USD,LEX-LS-3145-AC-YY,398121236333,87216-50030,87216-50030,,,https://www.ebay.com/itm/398121236333,1,CONFIRMED,,,,,,,,,,
Front center bumper closeout panel Dodge Charger 2013,Dodge,,Body,UNCLASSIFIED,USED,NEW,OEM,109.28,USD,DOG-CHG-3627-BP1-C,398121236331,"",,,,https://www.ebay.com/itm/398121236331,1,CONFIRMED,,,,,,,,,,
FEBEST 1993-1997 Lexus GS300 rear transverse link bushing TAB-474,FEBEST,,General,UNCLASSIFIED,USED,NEW,OEM,86.72,USD,TAB-474,398121236318,TAB-474,TAB-474,,,https://www.ebay.com/itm/398121236318,2,CONFIRMED,,,,,,,,,,
Rear windshield wiper arm Audi A6 2011 used OEM 4,Audi,,General,UNCLASSIFIED,USED,NEW,OEM,43.77,USD,AUD-QUA-4094-WS2-B,398121236310,4G9955407,4G9955407,,,https://www.ebay.com/itm/398121236310,1,CONFIRMED,,,,,,,,,,
Fender filler panel Porsche Cayenne S 2008 used OEM 955504777,Porsche,,Body,UNCLASSIFIED,USED,NEW,OEM,52.55,USD,POR-CAY-9697-FD-C,398121236306,955504777,955504777,,,https://www.ebay.com/itm/398121236306,1,CONFIRMED,,,,,,,,,,
Rear engine mount FEBEST Nissan NM-021,FEBEST,,Engine,UNCLASSIFIED,USED,NEW,OEM,86.72,USD,NM-021,398121236302,NM-021,NM-021,,,https://www.ebay.com/itm/398121236302,2,NEEDS_REVIEW,,,,,,,,,,
BMW M5 2008 interior trim cover used OEM 52209120174,BMW,,Wheels,UNCLASSIFIED,USED,NEW,OEM,52.45,USD,BMW-X5-4619-ST3-L,398121236298,52209120174,52209120174,,,https://www.ebay.com/itm/398121236298,1,CONFIRMED,,,,,,,,,,
Fuel sender wiring harness Cadillac CTS 2011 used OEM 22,Cadillac,,Electrical,UNCLASSIFIED,USED,NEW,OEM,52.54,USD,CAD-CTS-7984-FL-G,398121236293,"",,,,https://www.ebay.com/itm/398121236293,1,CONFIRMED,,,,,,,,,,
Front dome light assembly Cadillac CTS 2011 used OEM 22805047,Cadillac,,General,UNCLASSIFIED,USED,NEW,OEM,144.25,USD,CAD-CTS-7984-RF-L,398121236288,22805047,22805047,,,https://www.ebay.com/itm/398121236288,1,CONFIRMED,,,,,,,,,,
Inner lower hinge pillar panel Chevrolet Camaro 2011 22867324,Chevrolet,,Body,UNCLASSIFIED,USED,NEW,OEM,148.96,USD,SAPOP21-MT-338,398121236287,"",,,,https://www.ebay.com/itm/398121236287,1,CONFIRMED,,,,,,,,,,
Rear leaf spring bushing Ford Transit FEBEST 2014-2020 FDAB-095,FEBEST,,Suspension,UNCLASSIFIED,USED,NEW,OEM,34.16,USD,FDAB-095,398121236282,FDAB-095,FDAB-095,,,https://www.ebay.com/itm/398121236282,2,CONFIRMED,,,,,,,,,,
Left rear door service hole cover Lexus IS 250 2007 used,Lexus,,Body,UNCLASSIFIED,USED,NEW,OEM,61.52,USD,LEX-IS-1277-DR3-C,398121236276,"",,,,https://www.ebay.com/itm/398121236276,1,CONFIRMED,,,,,,,,,,
Dodge Charger wheel house extension 2013 used OEM 68042313AA,Dodge,,Wheels,UNCLASSIFIED,USED,NEW,OEM,56.82,USD,DOG-CHG-3627-FD3-C,398121236271,68042313AA,68042313AA,,,https://www.ebay.com/itm/398121236271,1,CONFIRMED,,,,,,,,,,
Oil pan deflector shield Jaguar F Pace 2018 used OEM T4,Jaguar,,General,UNCLASSIFIED,USED,NEW,OEM,61.17,USD,SAPOP24-SJ-44,398121236256,"",,,,https://www.ebay.com/itm/398121236256,1,NOT_VERIFIED,,,,,,,,,,
Steering wheel wiring Jaguar XF 2017 used OEM C2Z29254,Jaguar,,Electrical,UNCLASSIFIED,USED,NEW,OEM,78.67,USD,JAG-XF-9202-DB-EEEE,398121236254,C2Z29254,C2Z29254,,,https://www.ebay.com/itm/398121236254,1,CONFIRMED,,,,,,,,,,
Speaker housing Porsche Cayenne S 2008 used OEM 95564513200,Porsche,,General,UNCLASSIFIED,USED,NEW,OEM,47.98,USD,POR-CAY-9697-EL-KKKK,398121236251,95564513200,95564513200,,,https://www.ebay.com/itm/398121236251,1,CONFIRMED,,,,,,,,,,
Axle housing oil seal FEBEST Nissan 95HAS-40751220L,FEBEST,,General,UNCLASSIFIED,USED,NEW,OEM,86.72,USD,95HAS-40751220L,398121236244,95HAS-40751220L,95HAS-40751220L,,,https://www.ebay.com/itm/398121236244,2,NEEDS_REVIEW,,,,,,,,,,
BMW 740Li 2012 quarter panel assembly used OEM 41217204487,BMW,,Body,UNCLASSIFIED,USED,NEW,OEM,480.89,USD,BMW-740-C576-FD3-A,398121236236,41217204487,41217204487,,,https://www.ebay.com/itm/398121236236,1,CONFIRMED,,,,,,,,,,
Rear spoiler Ford Fiesta 2016 used OEM C1BZ-5844210-AA,Ford,,General,UNCLASSIFIED,USED,NEW,OEM,113.66,USD,FOR-FIE-0110-TK-K,398121236223,C1BZ-5844210-AA,C1BZ-5844210-AA,,,https://www.ebay.com/itm/398121236223,1,CONFIRMED,,,,,,,,,,
Automatic shift lever Audi Q7 2007 used OEM 4L1713105A,Audi,,General,UNCLASSIFIED,USED,NEW,OEM,305.32,USD,AUD-Q7-8323-TR-T,398121236218,4L1713105A,4L1713105A,,,https://www.ebay.com/itm/398121236218,1,CONFIRMED,,,,,,,,,,
Left coolant hose Porsche Cayenne S 2008 used,Porsche,,General,UNCLASSIFIED,USED,NEW,OEM,52.45,USD,POR-CAY-9697-AC-F,398121236212,"",,,,https://www.ebay.com/itm/398121236212,1,CONFIRMED,,,,,,,,,,
Trunk compartment trim Toyota Camry 2018 LHD used OEM 64721-,Toyota,,Body,UNCLASSIFIED,USED,NEW,OEM,48.06,USD,TOY-CAM-9731-TK-D,398121236201,64721,64721,,,https://www.ebay.com/itm/398121236201,1,CONFIRMED,,,,,,,,,,
A/C refrigerant line Volkswagen Tiguan 2010 used OEM,Volkswagen,,General,UNCLASSIFIED,USED,NEW,OEM,109.5,USD,VOL-TIG-0710-AC-U,398121236195,5N0820741C,5N0820741C,,,https://www.ebay.com/itm/398121236195,1,CONFIRMED,,,,,,,,,,
Front brake line Lexus LS460 2007 #3 used OEM 47313-50200,Lexus,,Brakes,UNCLASSIFIED,USED,NEW,OEM,78.85,USD,LEX-LS-3145-BR-X,398121236194,47313-50200,47313-50200,,,https://www.ebay.com/itm/398121236194,1,CONFIRMED,,,,,,,,,,
2009 BMW 335i rear center console armrest hook bracket used OEM,BMW,,Interior,UNCLASSIFIED,USED,NEW,OEM,52.45,USD,BMW-35i-2687-CC-L,398100765398,51167153716,51167153716,,,https://www.ebay.com/itm/398100765398,1,CONFIRMED,,,,,,,,,,
BMW 335i oil cooler 2009 used OEM 17227521376,BMW,,General,UNCLASSIFIED,USED,NEW,OEM,152.99,USD,BMW-35i-2687-CL-F,398100765452,17227521376,17227521376,,,https://www.ebay.com/itm/398100765452,1,CONFIRMED,,,,,,,,,,
BMW 335i exhaust hanger 2009 used OEM 18207571004,BMW,,Exhaust,UNCLASSIFIED,USED,NEW,OEM,87.42,USD,BMW-35i-2687-EX-L,398100765544,18207571004,18207571004,,,https://www.ebay.com/itm/398100765544,1,CONFIRMED,,,,,,,,,,
2009 BMW 335i ABS control unit bracket used OEM 34506781281,BMW,,General,UNCLASSIFIED,USED,NEW,OEM,52.45,USD,BMW-35i-2687-BR-U,398100766171,34506781281,34506781281,,,https://www.ebay.com/itm/398100766171,1,CONFIRMED,,,,,,,,,,
BMW 335i rear center console cover 2009 used OEM 51169134610,BMW,,Interior,UNCLASSIFIED,USED,NEW,OEM,78.68,USD,BMW-35i-2687-CC-K,398100766175,51169134610,51169134610,,,https://www.ebay.com/itm/398100766175,1,CONFIRMED,,,,,,,,,,
2009 BMW 335i dashboard trim cover used OEM 51457963938,BMW,,Interior,UNCLASSIFIED,USED,NEW,OEM,76.93,USD,BMW-35i-2687-DB-Y,398100766206,51457963938,51457963938,,,https://www.ebay.com/itm/398100766206,1,CONFIRMED,,,,,,,,,,
2009 BMW 335i rear console front cover used OEM 51167963945,BMW,,Interior,UNCLASSIFIED,USED,NEW,OEM,69.94,USD,BMW-35i-2687-DB-Z,398100766215,51167963945,51167963945,,,https://www.ebay.com/itm/398100766215,1,CONFIRMED,,,,,,,,,,
BMW 335i power steering reservoir bracket 2009 used OEM,BMW,,General,UNCLASSIFIED,USED,NEW,OEM,52.45,USD,BMW-35i-2687-DB-N,398100766225,32416771807,32416771807,,,https://www.ebay.com/itm/398100766225,1,CONFIRMED,,,,,,,,,,
BMW 335i oxygen sensor bracket 2009 used OEM 11787548283,BMW,,Electrical,UNCLASSIFIED,USED,NEW,OEM,52.45,USD,BMW-35i-2687-EX-D,398100766237,11787548283,11787548283,,,https://www.ebay.com/itm/398100766237,1,CONFIRMED,,,,,,,,,,
BMW 335i front cigarette lighter element 2009 used OEM 61349308246,BMW,,General,UNCLASSIFIED,USED,NEW,OEM,65.56,USD,BMW-35i-2687-CC-A,398100766252,61349308246,61349308246,,,https://www.ebay.com/itm/398100766252,1,CONFIRMED,,,,,,,,,,
2009 BMW 335i active power steering gear used OEM 32106784553,BMW,,General,UNCLASSIFIED,USED,NEW,OEM,227.31,USD,BMW-35i-2687-DB-B,398100766471,32106784553,32106784553,,,https://www.ebay.com/itm/398100766471,1,CONFIRMED,,,,,,,,,,
2009 BMW 335i front center armrest gray Dakota leather used OEM 51169133813,BMW,,General,UNCLASSIFIED,USED,NEW,OEM,78.62,USD,BMW-35i-2687-CC-R,398100766587,51169133813,51169133813,,,https://www.ebay.com/itm/398100766587,1,CONFIRMED,,,,,,,,,,
BMW 335i steering knuckle 2009 used OEM 31216793924,BMW,,General,UNCLASSIFIED,USED,NEW,OEM,118.02,USD,BMW-35i-2687-SU-J,398100766756,31216793924,31216793924,,,https://www.ebay.com/itm/398100766756,1,CONFIRMED,,,,,,,,,,
BMW 335i front brake pad set 2009 with wear sensors used OEM,BMW,,Brakes,UNCLASSIFIED,USED,NEW,OEM,52.45,USD,BMW-35i-2687-BR-A,398100767538,34112288870,34112288870,,,https://www.ebay.com/itm/398100767538,1,CONFIRMED,,,,,,,,,,
2009 BMW 335i A/C compressor line holder used OEM 64539132483,BMW,,General,UNCLASSIFIED,USED,NEW,OEM,52.45,USD,BMW-35i-2687-AC-W,398100769691,64539132483,64539132483,,,https://www.ebay.com/itm/398100769691,1,CONFIRMED,,,,,,,,,,
2009 BMW 335i interior corner trim used OEM 51337184197,BMW,,Wheels,UNCLASSIFIED,USED,NEW,OEM,87.42,USD,BMW-35i-2687-DR1-P,398100770186,51337184197,51337184197,,,https://www.ebay.com/itm/398100770186,1,CONFIRMED,,,,,,,,,,
2008 Mazda 3 suspension subframe crossmember BR5S28800D,Mazda,,Suspension,UNCLASSIFIED,USED,NEW,OEM,262.29,USD,MAZ-MZ3-2088-SU-K,398100770672,BR5S28800D,BR5S28800D,,,https://www.ebay.com/itm/398100770672,1,CONFIRMED,,,,,,,,,,
2009 BMW 335i frame longitudinal support right used OEM 41117185250,BMW,,General,UNCLASSIFIED,USED,NEW,OEM,61.19,USD,BMW-35i-2687-TK-V,398100771494,41117185250,41117185250,,,https://www.ebay.com/itm/398100771494,1,CONFIRMED,,,,,,,,,,
BMW 335i A/C refrigerant hose 2009 used OEM 64539151738,BMW,,General,UNCLASSIFIED,USED,NEW,OEM,86.07,USD,BMW-35i-2687-AC-U,398100771802,64539151738,64539151738,,,https://www.ebay.com/itm/398100771802,1,CONFIRMED,,,,,,,,,,
BMW 335i condensate drain hose 2009 used OEM 64119301572,BMW,,General,UNCLASSIFIED,USED,NEW,OEM,52.45,USD,BMW-35i-2687-AC-CC,398100772967,64119301572,64119301572,,,https://www.ebay.com/itm/398100772967,1,CONFIRMED,,,,,,,,,,
2009 BMW 335i HVAC evaporator temperature sensor used OEM 64116930015,BMW,,Electrical,UNCLASSIFIED,USED,NEW,OEM,85.9,USD,BMW-35i-2687-AC-L,398100773130,64116930015,64116930015,,,https://www.ebay.com/itm/398100773130,1,CONFIRMED,,,,,,,,,,
2009 BMW 335i hood seal lower left used OEM 51767124759,BMW,,Body,UNCLASSIFIED,USED,NEW,OEM,67.85,USD,BMW-35i-2687-BN-K,398100775589,51767124759,51767124759,,,https://www.ebay.com/itm/398100775589,1,CONFIRMED,,,,,,,,,,
2009 BMW 335i vibration damper bracket used OEM 41127201973,BMW,,General,UNCLASSIFIED,USED,NEW,OEM,52.45,USD,BMW-35i-2687-TK-M,398100775625,41127201973,41127201973,,,https://www.ebay.com/itm/398100775625,1,CONFIRMED,,,,,,,,,,
2009 BMW 335i lower bumper grille cover block off plate used,BMW,,Body,UNCLASSIFIED,USED,NEW,OEM,52.45,USD,BMW-35i-2687-BP1-K,398100776003,51117175318,51117175318,,,https://www.ebay.com/itm/398100776003,1,CONFIRMED,,,,,,,,,,
2009 BMW 335i trunk lid seal used OEM 51767193576,BMW,,Body,UNCLASSIFIED,USED,NEW,OEM,111.85,USD,BMW-35i-2687-TK-A,398100799353,51767193576,51767193576,,,https://www.ebay.com/itm/398100799353,1,CONFIRMED,,,,,,,,,,
2009 BMW 335i rear module mount upper left used OEM 411179575,BMW,,Electrical,UNCLASSIFIED,USED,NEW,OEM,52.45,USD,BMW-35i-2687-TK-Y,398100800033,41117179575; 411179575,41117179575,,,https://www.ebay.com/itm/398100800033,1,CONFIRMED,,,,,,,,,,
A/C and heater control module Dodge Charger 2013 used,Dodge,,Electrical,UNCLASSIFIED,USED,NEW,OEM,441.51,USD,DOG-CHG-3627-AC-H,398121172233,55111919AO,55111919AO,,,https://www.ebay.com/itm/398121172233,1,CONFIRMED,,,,,,,,,,
Front engine mount Toyota Land Cruiser TM-120 Febest 2017,FEBEST,,Engine,UNCLASSIFIED,USED,NEW,OEM,86.72,USD,TM-120,398121172003,TM-120,TM-120,,,https://www.ebay.com/itm/398121172003,2,CONFIRMED,,,,,,,,,,
Engine coolant thermostat housing Mercedes-Benz A,Mercedes-Benz,,Engine,UNCLASSIFIED,USED,NEW,OEM,96.17,USD,SAPOP31-GB-275,398121172232,"",,,,https://www.ebay.com/itm/398121172232,1,NEEDS_REVIEW,,,,,,,,,,
Rear shock absorber FEBEST 2015 Hyundai ix35 12110-006R,FEBEST,,Suspension,UNCLASSIFIED,USED,NEW,OEM,74.45,USD,12110-006R,398121172132,12110-006R,12110-006R,,,https://www.ebay.com/itm/398121172132,2,CONFIRMED,,,,,,,,,,
Rear door ashtray Audi Q7 2007 used OEM 4B0857405B,Audi,,Body,UNCLASSIFIED,USED,NEW,OEM,61.29,USD,AUD-Q7-8323-DB-BBB,398121172009,4B0857405B,4B0857405B,,,https://www.ebay.com/itm/398121172009,1,CONFIRMED,,,,,,,,,,
Brake power supply support Toyota Camry 2018 assembled used OEM 479,Toyota,,Brakes,UNCLASSIFIED,USED,NEW,OEM,87.62,USD,TOY-CAM-9731-BR-S,398121171959,"",,,,https://www.ebay.com/itm/398121171959,1,CONFIRMED,,,,,,,,,,
Foam cushion trim Jaguar XF 2017 used OEM T2H7082,Jaguar,,Wheels,UNCLASSIFIED,USED,NEW,OEM,52.73,USD,JAG-XF-9202-FD1-I,398121172235,T2H7082,T2H7082,,,https://www.ebay.com/itm/398121172235,1,CONFIRMED,,,,,,,,,,
Right side engine oil radiator line Lexus IS 250 2007 used OEM 15772-31010,Lexus,,Engine,UNCLASSIFIED,USED,NEW,OEM,100.59,USD,LEX-IS-1277-EN-F,398121172309,15772-31010,15772-31010,,,https://www.ebay.com/itm/398121172309,1,CONFIRMED,,,,,,,,,,
Hydraulic ABS control unit block BMW 740Li 2012 used OEM 34516850069,BMW,,General,UNCLASSIFIED,USED,NEW,OEM,78.68,USD,BMW-740-C576-BR-H,398121172087,34516850069,34516850069,,,https://www.ebay.com/itm/398121172087,1,CONFIRMED,,,,,,,,,,
Febest Mitsubishi 1832A019 ignition coil tip MCP-005,FEBEST,,General,UNCLASSIFIED,USED,NEW,OEM,34.16,USD,MCP-005,398121180399,MCP-005; 1832A019,MCP-005,,,https://www.ebay.com/itm/398121180399,2,NEEDS_REVIEW,,,,,,,,,,
Engine crankshaft oil seal FEBEST 2011 Mazda CX-9 95HBY-40650915R,FEBEST,,Engine,UNCLASSIFIED,USED,NEW,OEM,34.16,USD,95HBY-40650915R,398121180604,95HBY-40650915R,95HBY-40650915R,,,https://www.ebay.com/itm/398121180604,2,CONFIRMED,,,,,,,,,,
Trunk compartment cover Volkswagen Tiguan 2010 used OEM 5N0,Volkwagen,,Body,UNCLASSIFIED,USED,NEW,OEM,175.72,USD,VOL-TIG-0710-TK-R,398121180740,"",,,,https://www.ebay.com/itm/398121180740,1,CONFIRMED,,,,,,,,,,
Used engine coolant tube for 2007 Audi Q7 OEM 7L0121065E,Audi,,Engine,UNCLASSIFIED,USED,NEW,OEM,52.55,USD,AUD-Q7-8323-EN-YY,398121180368,7L0121065E,7L0121065E,,,https://www.ebay.com/itm/398121180368,1,CONFIRMED,,,,,,,,,,
Used steering wheel assembly for 2011 Audi A6 Quattro OEM 4H0419689B6PS,Audi,,Interior,UNCLASSIFIED,USED,NEW,OEM,56.82,USD,AUD-QUA-4094-DB-M,398121180712,4H0419689B6PS,4H0419689B6PS,,,https://www.ebay.com/itm/398121180712,1,CONFIRMED,,,,,,,,,,
Control arm bushing for 2011-2018 BMW X3 Febest rear rod BMAB-025,FEBEST,,Suspension,UNCLASSIFIED,USED,NEW,OEM,30.4,USD,SAP-18609,398121180395,BMAB-025,BMAB-025,,,https://www.ebay.com/itm/398121180395,3,CONFIRMED,,,,,,,,,,
Used height control hose for 2007 Lexus LS 460 OEM 48943-30150,Lexus,,General,UNCLASSIFIED,USED,NEW,OEM,43.7,USD,LEX-LS-3145-SU-RRR,398121180821,48943-30150,48943-30150,,,https://www.ebay.com/itm/398121180821,1,CONFIRMED,,,,,,,,,,
Used sun visor assembly for 2007 Lexus LS 460 left side LHD OEM 74320-50340-B0,Lexus,,General,UNCLASSIFIED,USED,NEW,OEM,109.25,USD,LEX-LS-3145-RF-B,398121180745,74320-50340-B0,74320-50340-B0,,,https://www.ebay.com/itm/398121180745,1,CONFIRMED,,,,,,,,,,
Front shock absorber support for 2003-2009 Subaru Legacy Febest SBSS-B13F,FEBEST,,Suspension,UNCLASSIFIED,USED,NEW,OEM,86.72,USD,SBSS-B13F,398121180781,SBSS-B13F,SBSS-B13F,,,https://www.ebay.com/itm/398121180781,2,CONFIRMED,,,,,,,,,,
Febest engine mount kit for 2004-2010 Chevrolet Optra 1111-ESP,FEBEST,,Engine,UNCLASSIFIED,USED,NEW,OEM,86.72,USD,1111-ESP,398121180587,1111-ESP,1111-ESP,,,https://www.ebay.com/itm/398121180587,2,CONFIRMED,,,,,,,,,,
Used inner door handle sub-assembly for 2007 Lexus IS250 right side OEM 69207-30070-C0,Lexus,,Body,UNCLASSIFIED,USED,NEW,OEM,52.48,USD,LEX-IS-1277-DR4-K,398121180452,69207-30070-C0,69207-30070-C0,,,https://www.ebay.com/itm/398121180452,1,CONFIRMED,,,,,,,,,,
Used high-pressure fuel pump for 2011 Audi A6 Quattro OEM 06E127025S,Audi,,General,UNCLASSIFIED,USED,NEW,OEM,162.11,USD,AUD-QUA-4094-EN-SS,398121180554,06E127025S,06E127025S,,,https://www.ebay.com/itm/398121180554,1,CONFIRMED,,,,,,,,,,
Used front door lock hinge for 2008 Mercedes-Benz GL500 OEM A164720...,Mercedes-Benz,,Body,UNCLASSIFIED,USED,NEW,OEM,64.53,USD,MRC-GL5-9750-DR1-P,398121180393,A1647200004; A164720,A1647200004,,,https://www.ebay.com/itm/398121180393,1,CONFIRMED,,,,,,,,,,
Used door handle for 2013 Dodge Charger OEM 1TN63DX9AB,Dodge,,Body,UNCLASSIFIED,USED,NEW,OEM,56.82,USD,DOG-CHG-3627-RF-M,398121180559,1TN63DX9AB,1TN63DX9AB,,,https://www.ebay.com/itm/398121180559,1,CONFIRMED,,,,,,,,,,
Rear engine mount Febest for Nissan 11320-93J00 NM-P10MRR,FEBEST,,Engine,UNCLASSIFIED,USED,NEW,OEM,86.72,USD,NM-P10MRR,398121180489,11320-93J00; NM-P10MRR,11320-93J00,,,https://www.ebay.com/itm/398121180489,2,NEEDS_REVIEW,,,,,,,,,,
Used brake hydraulic tube for 2013 Dodge Charger OEM 68103985AA,Dodge,,Brakes,UNCLASSIFIED,USED,NEW,OEM,52.45,USD,DOG-CHG-3627-BR-Z,398121180544,68103985AA,68103985AA,,,https://www.ebay.com/itm/398121180544,1,CONFIRMED,,,,,,,,,,
Engine crankshaft oil seal Febest for 2003-2005 Mazda 6 95JES-39590913X,FEBEST,,Engine,UNCLASSIFIED,USED,NEW,OEM,86.72,USD,95JES-39590913X,398121180847,95JES-39590913X,95JES-39590913X,,,https://www.ebay.com/itm/398121180847,2,CONFIRMED,,,,,,,,,,
Used shift knob for 2008 Porsche Cayenne OEM 95555263301A03,Porsche,,General,UNCLASSIFIED,USED,NEW,OEM,52.45,USD,POR-CAY-9697-CC-F,398121180865,95555263301A03,95555263301A03,,,https://www.ebay.com/itm/398121180865,1,CONFIRMED,,,,,,,,,,
Suspension subframe reinforcement support for 2018 Jaguar F-Pace T4A30552,Jaguar,,Suspension,UNCLASSIFIED,USED,NEW,OEM,43.71,USD,Jaguar-F-Pace-2307-SSRB,398121180808,T4A30552,T4A30552,,,https://www.ebay.com/itm/398121180808,1,CONFIRMED,,,,,,,,,,
Used air cleaner cap sub-assembly for 2007 Lexus LS460 OEM 17705-38081,Lexus,,General,UNCLASSIFIED,USED,NEW,OEM,43.71,USD,LEX-LS-3145-AI-B,398121180975,17705-38081,17705-38081,,,https://www.ebay.com/itm/398121180975,1,CONFIRMED,,,,,,,,,,
Position indicator housing sub-assembly for 2018-2019 Toyota Corolla 3590702120,Toyota Corolla,,General,UNCLASSIFIED,USED,NEW,OEM,87.6,USD,SAPOP52-AL-105,398121180369,"",,,,https://www.ebay.com/itm/398121180369,1,CONFIRMED,,,,,,,,,,
Rear transverse rod bushing Febest for 1993-1999 Toyota Celica TAB-ST200...,FEBEST,,General,UNCLASSIFIED,USED,NEW,OEM,86.72,USD,TAB-ST200LRUB,398121180633,TAB-ST200,TAB-ST200,,,https://www.ebay.com/itm/398121180633,2,CONFIRMED,,,,,,,,,,
Used rear stabilizer link for 2007 Lexus IS250 OEM 48830-30090,Lexus,,General,UNCLASSIFIED,USED,NEW,OEM,52.44,USD,LEX-IS-1277-SU-K,398121180901,48830-30090,48830-30090,,,https://www.ebay.com/itm/398121180901,1,CONFIRMED,,,,,,,,,,
Used lane departure camera for 2019 Toyota Corolla OEM 8640112020,Toyota Corolla,,General,UNCLASSIFIED,USED,NEW,OEM,43.71,USD,SAPOP52-MT-292,398121180906,8640112020,8640112020,,,https://www.ebay.com/itm/398121180906,1,CONFIRMED,,,,,,,,,,
Used fuel tank shield for 2011 Cadillac CTS OEM 20903276,Cadillac,,General,UNCLASSIFIED,USED,NEW,OEM,52.54,USD,CAD-CTS-7984-FL-J,398121180492,20903276,20903276,,,https://www.ebay.com/itm/398121180492,1,CONFIRMED,,,,,,,,,,
Engine mount Jaguar 2017-2020 Jaguar F-Pace T4A1047,Jaguar,,Engine,UNCLASSIFIED,USED,NEW,OEM,131.1,USD,SAPOP23-GB-29,398121180384,T4A1047,T4A1047,,,https://www.ebay.com/itm/398121180384,1,NEEDS_REVIEW,,,,,,,,,,
Inner CV joint Hyundai Santa Fe 2006-2010 Febest 1211-SFCLRH,FEBEST,,General,UNCLASSIFIED,USED,NEW,OEM,86.72,USD,1211-SFCLRH,398121180569,1211-SFCLRH,1211-SFCLRH,,,https://www.ebay.com/itm/398121180569,2,CONFIRMED,,,,,,,,,,
Side marker light Mazda 2 2008 used OEM GJ6A51120D,Mazda,,General,UNCLASSIFIED,USED,NEW,OEM,52.45,USD,MAZ-MZ3-2088-LT-J,398121180743,GJ6A51120D,GJ6A51120D,,,https://www.ebay.com/itm/398121180743,2,CONFIRMED,,,,,,,,,,
Hood release cable Audi TT 2009 used OEM 8J1823531C,Audi,,Body,UNCLASSIFIED,USED,NEW,OEM,43.74,USD,AUD-TT-4018- BN-H,398121180924,8J1823531C,8J1823531C,,,https://www.ebay.com/itm/398121180924,1,CONFIRMED,,,,,,,,,,
Safety catch Jaguar XF 2017 used OEM T2H41039,Jaguar,,General,UNCLASSIFIED,USED,NEW,OEM,87.89,USD,JAG-XF-9202-BN-L,398121180667,T2H41039,T2H41039,,,https://www.ebay.com/itm/398121180667,1,CONFIRMED,,,,,,,,,,
Front upper right seat belt assembly BMW 740li 2012 used OEM...,BMW,,Interior,UNCLASSIFIED,USED,NEW,OEM,118.21,USD,BMW-740-C576-ST2-H,398121180496,"",,,,https://www.ebay.com/itm/398121180496,1,NOT_VERIFIED,,,,,,,,,,
Front brake caliper repair kit Febest 0175-AE110F,FEBEST,,Brakes,UNCLASSIFIED,USED,NEW,OEM,86.72,USD,0175-AE110F,398121180976,0175-AE110F,0175-AE110F,,,https://www.ebay.com/itm/398121180976,2,NEEDS_REVIEW,,,,,,,,,,
Engine timing chain guide Volkswagen Tiguan 2017 used OEM...,VolksWagen,,Engine,UNCLASSIFIED,USED,NEW,OEM,43.71,USD,SAPOP40-SJ-331,398121180695,"",,,,https://www.ebay.com/itm/398121180695,1,CONFIRMED,,,,,,,,,,
Engine control unit BMW X5 2008 DME 12147599047,BMW,,Engine,UNCLASSIFIED,USED,NEW,OEM,218.96,USD,BMW-X5-4619-EN-SSS,398121180590,12147599047,12147599047,,,https://www.ebay.com/itm/398121180590,1,CONFIRMED,,,,,,,,,,
Lower bumper cover Audi TT 2009 OEM 8J0807421 used,Audi,,Body,UNCLASSIFIED,USED,NEW,OEM,135.6,USD,AUD-TT-4018- BP2-K,398121180830,8J0807421,8J0807421,,,https://www.ebay.com/itm/398121180830,1,CONFIRMED,,,,,,,,,,
FEBEST Renault drive shaft joint kit 2410-MEGII,FEBEST,,General,UNCLASSIFIED,USED,NEW,OEM,65.69,USD,2410-MEGII,398121180977,2410-MEGII,2410-MEGII,,,https://www.ebay.com/itm/398121180977,2,NEEDS_REVIEW,,,,,,,,,,
Rear seat cushion Jaguar XF 2017 used OEM T2H5534,Jaguar,,Interior,UNCLASSIFIED,USED,NEW,OEM,104.91,USD,JAG-XF-9202-ST3-S,398121180949,T2H5534,T2H5534,,,https://www.ebay.com/itm/398121180949,1,NOT_VERIFIED,,,,,,,,,,
Fuel tank filler tube Cadillac CTS 2011 used OEM 20931175,Cadillac,,General,UNCLASSIFIED,USED,NEW,OEM,65.68,USD,CAD-CTS-7984-FL-C,398121180672,20931175,20931175,,,https://www.ebay.com/itm/398121180672,1,CONFIRMED,,,,,,,,,,
Dashboard firewall support Audi Q7 2007-2016 4L0803147,Audi,,Interior,UNCLASSIFIED,USED,NEW,OEM,393.44,USD,AUDI-Q7-1712-DPS-2,398121180497,4L0803147,4L0803147,,,https://www.ebay.com/itm/398121180497,1,CONFIRMED,,,,,,,,,,
Seat cover BMW X5 2008 used OEM 52107165379,BMW,,Interior,UNCLASSIFIED,USED,NEW,OEM,52.48,USD,BMW-X5-4619-ST1-M,398121180597,52107165379,52107165379,,,https://www.ebay.com/itm/398121180597,1,CONFIRMED,,,,,,,,,,
Steam canister Jaguar XF 2017 used OEM 114123470,Jaguar,,General,UNCLASSIFIED,USED,NEW,OEM,104.9,USD,JAG-XF-9202-EL-KK,398121180669,114123470,114123470,,,https://www.ebay.com/itm/398121180669,1,CONFIRMED,,,,,,,,,,
Front shock absorber FEBEST 08-15 Mitsubishi Montero Sport 04110-002F,FEBEST,,Suspension,UNCLASSIFIED,USED,NEW,OEM,78.83,USD,04110-002F,398121180673,04110-002F,04110-002F,,,https://www.ebay.com/itm/398121180673,2,NEEDS_REVIEW,,,,,,,,,,
Seat adjustment switch Mercedes-Benz C-350 2008 used OEM A204...,MERCEDES-BENZ,,Interior,UNCLASSIFIED,USED,NEW,OEM,43.73,USD,MRC-C350-8867-ST1-D,398121180531,A204,A204,,,https://www.ebay.com/itm/398121180531,1,NOT_VERIFIED,,,,,,,,,,
Rear seat emblem holder Cadillac CTS 2011 Cadillac used OEM 22958609,Cadillac,,Interior,UNCLASSIFIED,USED,NEW,OEM,56.83,USD,CAD-CTS-7984-ST3-C,398121180634,22958609,22958609,,,https://www.ebay.com/itm/398121180634,1,CONFIRMED,,,,,,,,,,
Front left inner door handle Audi TT 2009 black used OEM 8J...,Audi,,Body,UNCLASSIFIED,USED,NEW,OEM,52.55,USD,AUD-TT-4018- DR2-Y,398121180535,8J0837019A,8J0837019A,,,https://www.ebay.com/itm/398121180535,1,CONFIRMED,,,,,,,,,,
Fuel tank filler tube shield Cadillac CTS 2011 used OEM 20911533,Cadillac,,General,UNCLASSIFIED,USED,NEW,OEM,87.58,USD,CAD-CTS-7984-FL-B,398121180355,20911533,20911533,,,https://www.ebay.com/itm/398121180355,1,CONFIRMED,,,,,,,,,,
BMW 740Li hydraulic power steering pump 2012 used OEM 32416794351,BMW,,General,UNCLASSIFIED,USED,NEW,OEM,188.07,USD,BMW-740-C576-DB-F,398121180676,32416794351,32416794351,,,https://www.ebay.com/itm/398121180676,1,CONFIRMED,,,,,,,,,,
Fender apron assembly Volkswagen Tiguan 2010 used OEM 5N0805147,Volkwagen,,Body,UNCLASSIFIED,USED,NEW,OEM,62.21,USD,VOL-TIG-0710-CH-FFFF,398121180660,5N0805147,5N0805147,,,https://www.ebay.com/itm/398121180660,1,CONFIRMED,,,,,,,,,,
Transmission output shaft oil seal Nissan Pathfinder FEBEST 1997-2012 95JD...,FEBEST,,Transmission,UNCLASSIFIED,USED,NEW,OEM,86.72,USD,95JDS-57740914X,398121180682,"",,,,https://www.ebay.com/itm/398121180682,2,CONFIRMED,,,,,,,,,,
Hood grille Mazda 3 2008 used OEM BN8V507S0G,Mazda,,Body,UNCLASSIFIED,USED,NEW,OEM,52.45,USD,MAZ-MZ3-2088-BP-N,398121180946,BN8V507S0G,BN8V507S0G,,,https://www.ebay.com/itm/398121180946,1,CONFIRMED,,,,,,,,,,
Rear left driver fender liner BMW 740Li 2012 used OEM 51717185269,BMW,,Body,UNCLASSIFIED,USED,NEW,OEM,109.29,USD,BMW-740-C576-FD1-D,398121180831,51717185269,51717185269,,,https://www.ebay.com/itm/398121180831,1,CONFIRMED,,,,,,,,,,
Front engine coolant radiator tube Ford Fiesta 2016...,Ford,,Engine,UNCLASSIFIED,USED,NEW,OEM,43.71,USD,FOR-FIE-0110-CL-K,398121180516,8V2Z-6B851-B,8V2Z-6B851-B,,,https://www.ebay.com/itm/398121180516,1,CONFIRMED,,,,,,,,,,
Transfer case solenoid valve kit Mercedes GL500 2008 used OEM A1642800058,Mercedes-Benz,,General,UNCLASSIFIED,USED,NEW,OEM,78.8,USD,MRC-GL5-9750-TR-J,398121180804,A1642800058,A1642800058,,,https://www.ebay.com/itm/398121180804,1,CONFIRMED,,,,,,,,,,
Air filter box cap Audi Q7 2007 used OEM 7L6129653,Audi,,General,UNCLASSIFIED,USED,NEW,OEM,43.71,USD,SAPOP16-MT-749,398121180611,7L6129653,7L6129653,,,https://www.ebay.com/itm/398121180611,1,CONFIRMED,,,,,,,,,,
BMW X5 2008 rear right interior eucalyptus wood door trim used OEM...,BMW,,Body,UNCLASSIFIED,USED,NEW,OEM,104.91,USD,BMW-X5-4619-DB-PPP,398121180555,"",,,,https://www.ebay.com/itm/398121180555,1,CONFIRMED,,,,,,,,,,
Mercedes GL500 2008 roof headliner reinforcement used OEM A1646570616,Mercedes-Benz,,General,UNCLASSIFIED,USED,NEW,OEM,254.02,USD,MRC-GL5-9750-RF-F,398121180874,A1646570616,A1646570616,,,https://www.ebay.com/itm/398121180874,1,CONFIRMED,,,,,,,,,,
Rear door glass Mercedes C-350 2008 used OEM A2047350110,Mercedes-Benz,,Body,UNCLASSIFIED,USED,NEW,OEM,87.89,USD,MRC-C350-8867-DR3-M,398121180870,A2047350110,A2047350110,,,https://www.ebay.com/itm/398121180870,1,CONFIRMED,,,,,,,,,,
Seat belt buckle Volkswagen Tiguan 2010 used OEM 5N0857756H,Volkswagen,,Interior,UNCLASSIFIED,USED,NEW,OEM,84.08,USD,VOL-TIG-0710-ST2-P,398121180356,5N0857756H,5N0857756H,,,https://www.ebay.com/itm/398121180356,1,NOT_VERIFIED,,,,,,,,,,
Dashboard reinforcement crossmember Mercedes GL500 2008 used OEM A1...,Mercedes-Benz,,Interior,UNCLASSIFIED,USED,NEW,OEM,78.8,USD,MRC-GL5-9750-DB-LL,398121180403,"",,,,https://www.ebay.com/itm/398121180403,1,CONFIRMED,,,,,,,,,,
Right rear quarter glass Porsche Cayenne 2008 used OEM 95554311219,Porsche,,General,UNCLASSIFIED,USED,NEW,OEM,92,USD,POR-CAY-9697-WS2-C,398121180364,95554311219,95554311219,,,https://www.ebay.com/itm/398121180364,1,CONFIRMED,,,,,,,,,,
Fuel line Audi TT 2009 with breather OEM 8J0201544AM used,Audi,,General,UNCLASSIFIED,USED,NEW,OEM,87.59,USD,AUD-TT-4018-FL-J,398121180557,8J0201544AM,8J0201544AM,,,https://www.ebay.com/itm/398121180557,1,CONFIRMED,,,,,,,,,,
Audi Q7 C-pillar trim panel 2007 used OEM 4L0867288BH82,Audi,,Body,UNCLASSIFIED,USED,NEW,OEM,52.55,USD,AUD-Q7-8323-CH-C,398121180890,4L0867288BH82,4L0867288BH82,,,https://www.ebay.com/itm/398121180890,1,CONFIRMED,,,,,,,,,,
Shift selector rod BMW 335i 2009 used OEM 25117524722,BMW,,General,UNCLASSIFIED,USED,NEW,OEM,58.57,USD,BMW-35i-2687-TR-Q,398121180962,25117524722,25117524722,,,https://www.ebay.com/itm/398121180962,1,CONFIRMED,,,,,,,,,,
Front left bumper cover support rail Mazda 3 2008 used OEM...,Mazda,,Body,UNCLASSIFIED,USED,NEW,OEM,52.45,USD,MAZ-MZ3-2088-BP-B,398121180552,"",,,,https://www.ebay.com/itm/398121180552,1,CONFIRMED,,,,,,,,,,
Keyless entry control module Audi Q7 2007 used OEM 4L0907335,Audi,,Electrical,UNCLASSIFIED,USED,NEW,OEM,183.94,USD,AUD-Q7-8323-EL-CC,398121180636,4L0907335,4L0907335,,,https://www.ebay.com/itm/398121180636,1,CONFIRMED,,,,,,,,,,
Radiator air seal Audi Q7 Allroad 2007 used OEM 7L0121345,Audi,,Cooling,UNCLASSIFIED,USED,NEW,OEM,52.71,USD,AUD-Q7-8323-CL-H,398121180579,7L0121345,7L0121345,,,https://www.ebay.com/itm/398121180579,1,CONFIRMED,,,,,,,,,,
Audi 2012-2017 A4 suspension crossmember brace 8K1399345C,Audi,,Suspension,UNCLASSIFIED,USED,NEW,OEM,87.42,USD,SAPOP14-MT-145,398121180504,8K1399345C,8K1399345C,,,https://www.ebay.com/itm/398121180504,1,NEEDS_REVIEW,,,,,,,,,,
Engine balance shaft Audi A6 Quattro 2011 used OEM 06E103273AD,Audi,,Engine,UNCLASSIFIED,USED,NEW,OEM,170.48,USD,AUD-QUA-4094-EN-U,398121180425,06E103273AD,06E103273AD,,,https://www.ebay.com/itm/398121180425,1,CONFIRMED,,,,,,,,,,
Audio auxiliary jack Jaguar XF 2017 used OEM T2H17460,Jaguar,,General,UNCLASSIFIED,USED,NEW,OEM,70.32,USD,JAG-XF-9202-DB-H,398121180525,T2H17460,T2H17460,,,https://www.ebay.com/itm/398121180525,1,CONFIRMED,,,,,,,,,,
Right engine camshaft Lexus LX570 2014 1305338010,Lexus,,Engine,UNCLASSIFIED,USED,NEW,OEM,245.24,USD,SAPOP47-AL-691,398121180447,"",,,,https://www.ebay.com/itm/398121180447,1,CONFIRMED,,,,,,,,,,
Seat back tilt mechanism cover Toyota 2018 used OEM7187...,Toyota,,Interior,UNCLASSIFIED,USED,NEW,OEM,43.69,USD,TOY-CAM-9731-ST2-E,398121180683,7187; OEM7187,7187,,,https://www.ebay.com/itm/398121180683,1,NOT_VERIFIED,,,,,,,,,,
Rubber mounting group MAZDA 3 2008 used OEM BP4K39060C,Mazda,,General,UNCLASSIFIED,USED,NEW,OEM,52.45,USD,MAZ-MZ3-2088-TR-L,398121180988,BP4K39060C,BP4K39060C,,,https://www.ebay.com/itm/398121180988,1,CONFIRMED,,,,,,,,,,
FEBEST 2012-2017 Honda CR-V rear gas shock absorber twin tube 03110-003R,FEBEST,,Suspension,UNCLASSIFIED,USED,NEW,OEM,74.45,USD,03110-003R,398121180727,03110-003R,03110-003R,,,https://www.ebay.com/itm/398121180727,2,CONFIRMED,,,,,,,,,,
Left side cover BMW 740Li 2012 used OEM 51459160052,BMW,,General,UNCLASSIFIED,USED,NEW,OEM,69.94,USD,BMW-740-C576-DB-FF,398121180506,51459160052,51459160052,,,https://www.ebay.com/itm/398121180506,1,CONFIRMED,,,,,,,,,,
Left side heater air duct MAZDA 3 2008 used OEM BP4K61158B,Mazda,,General,UNCLASSIFIED,USED,NEW,OEM,52.45,USD,MAZ-MZ3-2088-AC-C,398121180878,BP4K61158B,BP4K61158B,,,https://www.ebay.com/itm/398121180878,1,CONFIRMED,,,,,,,,,,
Engine coolant tube BMW 335i 2009 used OEM 17127548203,BMW,,Engine,UNCLASSIFIED,USED,NEW,OEM,52.45,USD,BMW-35i-2687-CL-U,398121180754,17127548203,17127548203,,,https://www.ebay.com/itm/398121180754,1,CONFIRMED,,,,,,,,,,
Rear interior light Mini Cooper Countryman 2016 63319391888,Mini,,General,UNCLASSIFIED,USED,NEW,OEM,96.13,USD,SAPOP33-AL-306,398121180378,"",,,,https://www.ebay.com/itm/398121180378,1,CONFIRMED,,,,,,,,,,
Outer door handle base Lexus LS460 2007 used OEM 69203-50040,Lexus,,Body,UNCLASSIFIED,USED,NEW,OEM,74.29,USD,LEX-LS-3145-DR3-P,398121180596,69203-50040,69203-50040,,,https://www.ebay.com/itm/398121180596,1,CONFIRMED,,,,,,,,,,
Throttle body support Dodge Charger 2013 used OEM...,Dodge,,General,UNCLASSIFIED,USED,NEW,OEM,52.45,USD,DOG-CHG-3627-EN-BB,398121180856,"",,,,https://www.ebay.com/itm/398121180856,1,CONFIRMED,,,,,,,,,,
Fuel tank strap support Audi Q7 2007 used OEM...,Audi,,General,UNCLASSIFIED,USED,NEW,OEM,43.71,USD,SAPOP16-MT-755,398121180545,"",,,,https://www.ebay.com/itm/398121180545,1,CONFIRMED,,,,,,,,,,
Tailgate emblem Volkswagen Tiguan 2010 used OEM 1Q0853675B739,Volkswagen,,Body,UNCLASSIFIED,USED,NEW,OEM,43.79,USD,VOL-TIG-0710-BP3-F,398121186217,1Q0853675B739,1Q0853675B739,,,https://www.ebay.com/itm/398121186217,1,CONFIRMED,,,,,,,,,,
Passenger side hood hinge Ford Fiesta 2016 used OEM 8A6Z16796A,Ford,,Body,UNCLASSIFIED,USED,NEW,OEM,43.71,USD,FOR-FIE-0110-BN-B,398121202772,8A6Z16796A,8A6Z16796A,,,https://www.ebay.com/itm/398121202772,1,CONFIRMED,,,,,,,,,,
Parking brake cable FEBEST HYUNDAI 12100-I30LH,FEBEST,,Brakes,UNCLASSIFIED,USED,NEW,OEM,42.92,USD,12100-I30LH,398121202506,12100-I30LH,12100-I30LH,,,https://www.ebay.com/itm/398121202506,2,NEEDS_REVIEW,,,,,,,,,,
Seat belt receptacle Audi Q7 2007 used OEM 4L0857739G01C,Audi,,Interior,UNCLASSIFIED,USED,NEW,OEM,52.53,USD,AUD-Q7-8323-ST3-H,398121202399,4L0857739G01C,4L0857739G01C,,,https://www.ebay.com/itm/398121202399,1,NOT_VERIFIED,,,,,,,,,,
Front shock absorber bearing FEBEST Mercedes-Benz BZB-447F,FEBEST,,Suspension,UNCLASSIFIED,USED,NEW,OEM,86.72,USD,BZB-447F,398121202370,BZB-447F,BZB-447F,,,https://www.ebay.com/itm/398121202370,2,NEEDS_REVIEW,,,,,,,,,,
Crankshaft damper pulley Jaguar F Pace 2018 used OEM JDE38407,Jaguar,,Engine,UNCLASSIFIED,USED,NEW,OEM,113.61,USD,SAPOP24-SJ-68,398121202521,JDE38407,JDE38407,,,https://www.ebay.com/itm/398121202521,1,NOT_VERIFIED,,,,,,,,,,
Right front power window regulator motor Lexus IS 250 2007 ASSY Used...,Lexus,,Engine,UNCLASSIFIED,USED,NEW,OEM,179.32,USD,LEX-IS-1277-DR4-O,398121202439,"",,,,https://www.ebay.com/itm/398121202439,1,CONFIRMED,,,,,,,,,,
Door lock rod cover Jaguar XJ 2017 used OEM C2D39612,Jaguar,,Body,UNCLASSIFIED,USED,NEW,OEM,43.94,USD,JAG-XF-9202-DR3-A,398121202451,C2D39612,C2D39612,,,https://www.ebay.com/itm/398121202451,1,CONFIRMED,,,,,,,,,,
Bumper stop cushion Dodge 2013 used OEM 5054227AA,Dodge,,Body,UNCLASSIFIED,USED,NEW,OEM,56.82,USD,DOG-CHG-3627-BN-D,398121202672,5054227AA,5054227AA,,,https://www.ebay.com/itm/398121202672,1,NEEDS_REVIEW,,,,,,,,,,
Seat back adjustment wiring Porsche Cayenne 2008 used OEM 9556127...,Porsche,,Electrical,UNCLASSIFIED,USED,NEW,OEM,56.74,USD,POR-CAY-9697-ST1-V,398121202382,95561275602; 9556127,95561275602,,,https://www.ebay.com/itm/398121202382,1,NOT_VERIFIED,,,,,,,,,,
Water pump pulley Audi Q7 2007 used OEM 021121031D,Audi,,Cooling,UNCLASSIFIED,USED,NEW,OEM,166.37,USD,AUD-Q7-8323-EN-MM,398121202327,021121031D,021121031D,,,https://www.ebay.com/itm/398121202327,1,CONFIRMED,,,,,,,,,,
Fender splash shield Audi A6 Quattro 2011 used OEM 4G0821134D,Audi,,Body,UNCLASSIFIED,USED,NEW,OEM,83.46,USD,AUD-QUA-4094-FD1-B,398121202374,4G0821134D,4G0821134D,,,https://www.ebay.com/itm/398121202374,1,CONFIRMED,,,,,,,,,,
Rear stabilizer bar Febest 1998-2003 Mitsubishi Galant bush MSB-EA2R,FEBEST,,General,UNCLASSIFIED,USED,NEW,OEM,86.72,USD,MSB-EA2R,398121202448,MSB-EA2R,MSB-EA2R,,,https://www.ebay.com/itm/398121202448,2,CONFIRMED,,,,,,,,,,
Radiator support tie rod Lexus IS250 2007 used OEM 5321653030,Lexus,,Cooling,UNCLASSIFIED,USED,NEW,OEM,183.19,USD,LEX-IS-1277-DB-HHH,398121202565,5321653030,5321653030,,,https://www.ebay.com/itm/398121202565,1,CONFIRMED,,,,,,,,,,
Front differential cover Jaguar XF 2017 used OEM T2H34638,Jaguar,,Transmission,UNCLASSIFIED,USED,NEW,OEM,651.27,USD,JAG-XF-9202-SU-A,398121202826,T2H34638,T2H34638,,,https://www.ebay.com/itm/398121202826,1,CONFIRMED,,,,,,,,,,
Left rear corner panel MAZDA 3 2008 OEM JM7BK326081392088 used,Mazda,,Body,UNCLASSIFIED,USED,NEW,OEM,122.4,USD,MAZ-MZ3-2088-CH-BB,398121202276,BSYJ70480; JM7BK326081392088,BSYJ70480,,,https://www.ebay.com/itm/398121202276,1,CONFIRMED,,,,,,,,,,
Brake pedal pad Jaguar F-Pace 2018 used OEM T2H6582,Jaguar,,Brakes,UNCLASSIFIED,USED,NEW,OEM,43.71,USD,SAPOP24-SJ-142,398121202400,T2H6582,T2H6582,,,https://www.ebay.com/itm/398121202400,1,CONFIRMED,,,,,,,,,,
Brake caliper repair kit FEBEST BMW 1975-F30F,FEBEST,,Brakes,UNCLASSIFIED,USED,NEW,OEM,34.16,USD,1975-F30F,398121202378,1975-F30F,1975-F30F,,,https://www.ebay.com/itm/398121202378,2,NEEDS_REVIEW,,,,,,,,,,
FEBEST 2011-2014 Hyundai Azera front lower control arm ball joint 1220-SONLOWF,FEBEST,,Suspension,UNCLASSIFIED,USED,NEW,OEM,34.16,USD,1220-SONLOWF,398121202900,1220-SONLOWF,1220-SONLOWF,,,https://www.ebay.com/itm/398121202900,2,CONFIRMED,,,,,,,,,,
Fuel vapor sensor Lexus LS 460 2007 used OEM 88931-50040,Lexus,,Electrical,UNCLASSIFIED,USED,NEW,OEM,61.19,USD,LEX-LS-3145-AC-U,398121202485,88931-50040,88931-50040,,,https://www.ebay.com/itm/398121202485,1,CONFIRMED,,,,,,,,,,
Rear stabilizer bushing FEBEST 2013 Lexus IS250 TSB-GSE30R,FEBEST,,General,UNCLASSIFIED,USED,NEW,OEM,34.16,USD,TSB-GSE30R,398121202886,TSB-GSE30R,TSB-GSE30R,,,https://www.ebay.com/itm/398121202886,2,CONFIRMED,,,,,,,,,,
Driveshaft output flange Porsche Cayenne S 2008 used OEM 955...,Porsche,,General,UNCLASSIFIED,USED,NEW,OEM,61.2,USD,POR-CAY-9697-TR-P,398121202580,95534127100,95534127100,,,https://www.ebay.com/itm/398121202580,1,CONFIRMED,,,,,,,,,,
CVC fan motor housing support Jaguar XF 2017 used OEM...,Jaguar,,Engine,UNCLASSIFIED,USED,NEW,OEM,52.44,USD,JAG-XF-9202-AC-GG,398121202422,"",,,,https://www.ebay.com/itm/398121202422,1,CONFIRMED,,,,,,,,,,
Lower steering wheel cover Jaguar F Pace 2018 used OEM T4N19134,Jaguar,,Interior,UNCLASSIFIED,USED,NEW,OEM,87.41,USD,SAPOP24-SJ-208,398121202663,T4N19134,T4N19134,,,https://www.ebay.com/itm/398121202663,1,NOT_VERIFIED,,,,,,,,,,
Fuel tank tension strap bmw x5 2008 used OEM 16117430972,BMW,,General,UNCLASSIFIED,USED,NEW,OEM,52.45,USD,BMW-X5-4619-FL-T,398121202493,16117430972,16117430972,,,https://www.ebay.com/itm/398121202493,1,CONFIRMED,,,,,,,,,,
Used Volkswagen Tiguan 2010 electronic parking brake control module OEM 3...,Volkswagen,,Brakes,UNCLASSIFIED,USED,NEW,OEM,87.59,USD,VOL-TIG-0710-BR-N,398121202306,3AA907801J,3AA907801J,,,https://www.ebay.com/itm/398121202306,1,CONFIRMED,,,,,,,,,,
Used Audi Q7 2007 rear door ashtray OEM 4B0857406B,Audi,,Body,UNCLASSIFIED,USED,NEW,OEM,43.71,USD,SAPOP16-MT-426,398121202899,4B0857406B,4B0857406B,,,https://www.ebay.com/itm/398121202899,1,CONFIRMED,,,,,,,,,,
Left rear engine mount Mini Cooper Clubman 2024 41007386991,Mini,,Engine,UNCLASSIFIED,USED,NEW,OEM,126.77,USD,SAPOP33-SJ-469,398121202419,"",,,,https://www.ebay.com/itm/398121202419,1,CONFIRMED,,,,,,,,,,
Used Audi Q7 2007 rear stabilizer bar OEM 7L0511025B,Audi,,General,UNCLASSIFIED,USED,NEW,OEM,131.14,USD,AUDI-Q7-1712-RSB-1,398121202570,7L0511025B,7L0511025B,,,https://www.ebay.com/itm/398121202570,1,CONFIRMED,,,,,,,,,,
Used MAZDA 3 2008 front bumper assembly OEM JM7BK326081392088,Mazda,,Body,UNCLASSIFIED,USED,NEW,OEM,415.25,USD,MAZ-MZ3-2088-RF-M,398121202275,JM7BK326081392088,JM7BK326081392088,,,https://www.ebay.com/itm/398121202275,1,CONFIRMED,,,,,,,,,,
Used Porsche Cayenne 2008 exhaust system support OEM 955572...,Porsche,,Exhaust,UNCLASSIFIED,USED,NEW,OEM,52.45,USD,POR-CAY-9697-AC-CCC,398121202843,955572,955572,,,https://www.ebay.com/itm/398121202843,1,CONFIRMED,,,,,,,,,,
Used Dodge Charger 2013 illuminated sun visor OEM 1MZ75DX9AF,Dodge,,General,UNCLASSIFIED,USED,NEW,OEM,90.13,USD,DOG-CHG-3627-RF-I,398121202408,1MZ75DX9AF,1MZ75DX9AF,,,https://www.ebay.com/itm/398121202408,1,CONFIRMED,,,,,,,,,,
Used Jaguar XF 2017 caliper spring OEM C2C27293,Jaguar,,Brakes,UNCLASSIFIED,USED,NEW,OEM,52.44,USD,JAG-XF-9202-BR-X,398121202571,C2C27293,C2C27293,,,https://www.ebay.com/itm/398121202571,1,CONFIRMED,,,,,,,,,,
Front upper control arm bushing Honda CR-V HAB-020 Febest 1997-2001,FEBEST,,Suspension,UNCLASSIFIED,USED,NEW,OEM,86.72,USD,HAB-020,398121202650,HAB-020,HAB-020,,,https://www.ebay.com/itm/398121202650,2,CONFIRMED,,,,,,,,,,
Rear lower control arm bushing Nissan Micra 2015-2016 NAB-K13B,FEBEST,,Suspension,UNCLASSIFIED,USED,NEW,OEM,32.46,USD,SAP-21464,398121202815,NAB-K13B,NAB-K13B,,,https://www.ebay.com/itm/398121202815,3,CONFIRMED,,,,,,,,,,
Used Cadillac CTS 2011 wiper cowl vent panel OEM 25949050,Cadillac,,Body,UNCLASSIFIED,USED,NEW,OEM,56.92,USD,CAD-CTS-7984-WS1-A,398121202798,25949050,25949050,,,https://www.ebay.com/itm/398121202798,1,CONFIRMED,,,,,,,,,,
2007 Lexus LS460 ABS skid control module computer assembly used OEM 89540-50250,Lexus,,Electrical,UNCLASSIFIED,USED,NEW,OEM,105.13,USD,LEX-LS-3145-BR-O,398121202315,89540-50250,89540-50250,,,https://www.ebay.com/itm/398121202315,1,CONFIRMED,,,,,,,,,,
Used BMW 335i 2009 cover OEM 64116929826,BMW,,General,UNCLASSIFIED,USED,NEW,OEM,52.45,USD,BMW-35i-2687-AC-AA,398121202548,64116929826,64116929826,,,https://www.ebay.com/itm/398121202548,1,CONFIRMED,,,,,,,,,,
Used BMW 335i 2009 door weatherstrip OEM 51767162404,BMW,,Body,UNCLASSIFIED,USED,NEW,OEM,83.05,USD,BMW-35i-2687-DR2-I,398121202319,51767162404,51767162404,,,https://www.ebay.com/itm/398121202319,1,CONFIRMED,,,,,,,,,,
FEBEST 2002-2009 Toyota 4Runner rear shock absorber jounce bumper TD-008,FEBEST,,Suspension,UNCLASSIFIED,USED,NEW,OEM,86.72,USD,TD-008,398121202609,4RUNNER; TD-008,4RUNNER,,,https://www.ebay.com/itm/398121202609,2,CONFIRMED,,,,,,,,,,
Nissan Murano Febest 2003-2007 lateral control arm bushing...,FEBEST,,Suspension,UNCLASSIFIED,USED,NEW,OEM,30.71,USD,SAP-22584,398121202934,"",,,,https://www.ebay.com/itm/398121202934,3,CONFIRMED,,,,,,,,,,
FEBEST 2000-2008 Toyota Corolla outer CV joint 0110-ZZE120A48,FEBEST,,General,UNCLASSIFIED,USED,NEW,OEM,86.72,USD,0110-ZZE120A48,398121202768,0110-ZZE120A48,0110-ZZE120A48,,,https://www.ebay.com/itm/398121202768,2,CONFIRMED,,,,,,,,,,
Used Mercedes-Benz GL500 2008 rear floor ventilation duct...,Mercedes-Benz,,General,UNCLASSIFIED,USED,NEW,OEM,52.54,USD,MRC-GL5-9750-AI-J,398121202454,"",,,,https://www.ebay.com/itm/398121202454,1,CONFIRMED,,,,,,,,,,
Lexus LS 460 2007 front right side outer member sub-assembly used OEM 57025-50010,Lexus,,General,UNCLASSIFIED,USED,NEW,OEM,218.55,USD,LEX-LS-3145-CH-Z,398121202405,57025-50010,57025-50010,,,https://www.ebay.com/itm/398121202405,1,CONFIRMED,,,,,,,,,,
Used Audi Q7 2007 engine coolant pipe OEM 7L0121073F,Audi,,Engine,UNCLASSIFIED,USED,NEW,OEM,65.69,USD,AUD-Q7-8323-EN-WW,398121202242,7L0121073F,7L0121073F,,,https://www.ebay.com/itm/398121202242,1,CONFIRMED,,,,,,,,,,
Audi 2009-2017 Q5 headlight mounting panel 8R0805608B,Audi,,Body,UNCLASSIFIED,USED,NEW,OEM,157.37,USD,HDL-022,398121202616,8R0805608B,8R0805608B,,,https://www.ebay.com/itm/398121202616,1,NEEDS_REVIEW,,,,,,,,,,
FEBEST 2006-2017 Hyundai Santa Fe rear wheel hub 1282-009M,FEBEST,,Wheels,UNCLASSIFIED,USED,NEW,OEM,86.72,USD,1282-009M,398121202725,1282-009M,1282-009M,,,https://www.ebay.com/itm/398121202725,2,CONFIRMED,,,,,,,,,,
Used Volkswagen Tiguan 2010 AC evaporator drain tube OEM 1...,Volkswagen,,General,UNCLASSIFIED,USED,NEW,OEM,110.36,USD,VOL-TIG-0710-AC-M,398121202655,1K1260113D,1K1260113D,,,https://www.ebay.com/itm/398121202655,1,CONFIRMED,,,,,,,,,,
Jaguar F-Pace 2018 fuel tank filler neck OEM...,Jaguar,,General,UNCLASSIFIED,USED,NEW,OEM,122.39,USD,SAPOP24-SJ-168,398121202658,"",,,,https://www.ebay.com/itm/398121202658,1,CONFIRMED,,,,,,,,,,
Used Audi Q7 2007 C-pillar trim panel OEM 4L0867287BH82,Audi,,Body,UNCLASSIFIED,USED,NEW,OEM,52.55,USD,AUD-Q7-8323-CH-D,398121202690,4L0867287BH82,4L0867287BH82,,,https://www.ebay.com/itm/398121202690,1,CONFIRMED,,,,,,,,,,
Used MAZDA 3 2008 front left door window switch bezel OEM...,Mazda,,Body,UNCLASSIFIED,USED,NEW,OEM,52.45,USD,MAZ-MZ3-2088-DR1-O,398121202537,"",,,,https://www.ebay.com/itm/398121202537,1,CONFIRMED,,,,,,,,,,
Used Lexus LS460 2008-2010 rear console trim panel OEM 5...,Lexus,,Body,UNCLASSIFIED,USED,NEW,OEM,65.55,USD,LEX-LS-3145-CC-V,398121202737,589F4-50010-B0,589F4-50010-B0,,,https://www.ebay.com/itm/398121202737,1,CONFIRMED,,,,,,,,,,
Used Audi Q7 2007 trunk hinge OEM 4L0827300B,Audi,,Body,UNCLASSIFIED,USED,NEW,OEM,87.56,USD,AUD-Q7-8323-TK-C,398121202309,4L0827300B,4L0827300B,,,https://www.ebay.com/itm/398121202309,1,CONFIRMED,,,,,,,,,,
Used BMW 740Li 2012 lower steering shaft joint OEM 32306789856,BMW,,General,UNCLASSIFIED,USED,NEW,OEM,285.66,USD,BMW-740-C576-DB-K,398121202563,32306789856,32306789856,,,https://www.ebay.com/itm/398121202563,1,CONFIRMED,,,,,,,,,,
Febest TOYOTA 48704-28040 rear suspension arm bushing TAB-101,FEBEST,,Suspension,UNCLASSIFIED,USED,NEW,OEM,29.02,USD,SAP-18607,398121202368,TAB-101,TAB-101,,,https://www.ebay.com/itm/398121202368,3,NEEDS_REVIEW,,,,,,,,,,
Used Lexus LS460 2007 high-mounted center rear LED stop light OEM ...,Lexus,,General,UNCLASSIFIED,USED,NEW,OEM,131.13,USD,LEX-LS-3145-LT3-F,398121202896,"",,,,https://www.ebay.com/itm/398121202896,1,CONFIRMED,,,,,,,,,,
Used Audi Q7 2007 fuel tank shield OEM 7L0201546A,Audi,,General,UNCLASSIFIED,USED,NEW,OEM,61.19,USD,SAPOP16-MT-763,398121202517,7L0201546A,7L0201546A,,,https://www.ebay.com/itm/398121202517,1,CONFIRMED,,,,,,,,,,
Used BMW X5 2008 seat belt buckle OEM 72117161655,BMW,,Interior,UNCLASSIFIED,USED,NEW,OEM,52.48,USD,BMW-X5-4619-ST3-BB,398121202277,72117161655,72117161655,,,https://www.ebay.com/itm/398121202277,1,CONFIRMED,,,,,,,,,,
Used Ford Fiesta 2016 front refrigerant discharge hose OEM...,Ford,,General,UNCLASSIFIED,USED,NEW,OEM,87.42,USD,FOR-FIE-0110-AC-V,398121202845,"",,,,https://www.ebay.com/itm/398121202845,1,CONFIRMED,,,,,,,,,,
Used Audi Q7 2007 luggage compartment trim OEM 4L0863888ATPL,Audi,,Wheels,UNCLASSIFIED,USED,NEW,OEM,131.34,USD,AUD-Q7-8323-TK-X,398121202263,4L0863888ATPL,4L0863888ATPL,,,https://www.ebay.com/itm/398121202263,1,CONFIRMED,,,,,,,,,,
Used Lexus LS 460 2007 left rear ashtray assembly OEM...,Lexus,,General,UNCLASSIFIED,USED,NEW,OEM,43.69,USD,LEX-LS-3145-CC-EE,398121202347,"",,,,https://www.ebay.com/itm/398121202347,1,CONFIRMED,,,,,,,,,,
Used MAZDA 3 2008 right rear wheel well liner panel OEM...,Mazda,,Body,UNCLASSIFIED,USED,NEW,OEM,113.66,USD,MAZ-MZ3-2088-CH-XX,398121202554,BN8V704A1B,BN8V704A1B,,,https://www.ebay.com/itm/398121202554,1,CONFIRMED,,,,,,,,,,
Dodge CRCB-300 engine crankshaft bearing February 2011,FEBEST,,Engine,UNCLASSIFIED,USED,NEW,OEM,86.72,USD,CRCB-300,398121202727,CRCB-300,CRCB-300,,,https://www.ebay.com/itm/398121202727,2,NEEDS_REVIEW,,,,,,,,,,
Used Mercedes C-350 2008 front left window regulator motor OEM A2...,MERCEDES-BENZ,,Engine,UNCLASSIFIED,USED,NEW,OEM,43.71,USD,MRC-C350-8867-DR-N,398121202853,"",,,,https://www.ebay.com/itm/398121202853,1,CONFIRMED,,,,,,,,,,
FEBEST 2015 INFINITI Q40 driveshaft oil seal 95HBY-50731118L,FEBEST,,General,UNCLASSIFIED,USED,NEW,OEM,86.72,USD,95HBY-50731118L,398121202888,95HBY-50731118L,95HBY-50731118L,,,https://www.ebay.com/itm/398121202888,2,CONFIRMED,,,,,,,,,,
Used Audi Q7 2007 headlight mounting panel OEM 4L0941614,Audi,,Body,UNCLASSIFIED,USED,NEW,OEM,113.65,USD,AUDI-Q7-1712-HMP-1,398121202909,4L0941614,4L0941614,,,https://www.ebay.com/itm/398121202909,1,CONFIRMED,,,,,,,,,,
Used Audi Q7 2007 deformation element OEM 4L0809536,Audi,,General,UNCLASSIFIED,USED,NEW,OEM,52.53,USD,AUD-Q7-8323-RF-P,398121202496,4L0809536,4L0809536,,,https://www.ebay.com/itm/398121202496,1,CONFIRMED,,,,,,,,,,
FEBEST 2001-2007 Toyota Corolla right hydro engine mount TM-11,FEBEST,,Engine,UNCLASSIFIED,USED,NEW,OEM,86.72,USD,TM-11,398121202250,TM-11,TM-11,,,https://www.ebay.com/itm/398121202250,2,CONFIRMED,,,,,,,,,,
Used Toyota Corolla 2019 HVAC radiator pipe OEM 8720902091,Toyota Corolla,,Cooling,UNCLASSIFIED,USED,NEW,OEM,43.68,USD,SAPOP52-MT-318,398121202699,8720902091,8720902091,,,https://www.ebay.com/itm/398121202699,1,CONFIRMED,,,,,,,,,,
Used BMW 335i 2009 left lower front bumper grille cover OEM...,BMW,,Body,UNCLASSIFIED,USED,NEW,OEM,52.44,USD,BMW-35i-2687-BP1-J,398121202417,51117175317,51117175317,,,https://www.ebay.com/itm/398121202417,1,CONFIRMED,,,,,,,,,,
Used MAZDA 3 2008 left side sill reinforcement OEM JM7BK326081392088,Mazda,,General,UNCLASSIFIED,USED,NEW,OEM,61.19,USD,MAZ-MZ3-2088-CH-EEEE,398121202457,BP4K56451D; JM7BK326081392088,BP4K56451D,,,https://www.ebay.com/itm/398121202457,1,CONFIRMED,,,,,,,,,,
Used Audi Q7 2007 sunroof guide rail OEM 4L0877049C,Audi,,General,UNCLASSIFIED,USED,NEW,OEM,429.06,USD,AUD-Q7-8323-RF-B,398121202926,4L0877049C,4L0877049C,,,https://www.ebay.com/itm/398121202926,1,CONFIRMED,,,,,,,,,,
Used Audi TT 2009 hood molding OEM 8J0823126B,Audi,,Body,UNCLASSIFIED,USED,NEW,OEM,87.48,USD,AUD-TT-4018- BN-N,398121202844,8J0823126B,8J0823126B,,,https://www.ebay.com/itm/398121202844,1,CONFIRMED,,,,,,,,,,
Febest HONDA rear shock absorber 52688-S0A-004 HSHB-CL7R,FEBEST,,Suspension,UNCLASSIFIED,USED,NEW,OEM,31.67,USD,SAP-21366,398121202325,52688-S0A-004; HSHB-CL7R,52688-S0A-004,,,https://www.ebay.com/itm/398121202325,3,NEEDS_REVIEW,,,,,,,,,,
Mercedes-Benz CLA250 2014-2020 engine compartment shield A2465201523,Mercedes,,Engine,UNCLASSIFIED,USED,NEW,OEM,100.54,USD,SAPOP30-SJ-219,398121202937,A2465201523; CLA250,A2465201523,,,https://www.ebay.com/itm/398121202937,1,CONFIRMED,,,,,,,,,,
Used Jaguar F Pace 2018 engine balance shaft gear OEM JDE39446,Jaguar,,Engine,UNCLASSIFIED,USED,NEW,OEM,104.87,USD,SAPOP24-SJ-25,398121229207,JDE39446,JDE39446,,,https://www.ebay.com/itm/398121229207,1,NOT_VERIFIED,,,,,,,,,,
FEBEST 2013-2019 Buick Encore engine mount joint kit 1811-MOKR,FEBEST,,Engine,UNCLASSIFIED,USED,NEW,OEM,65.69,USD,1811-MOKR,398121202938,1811-MOKR,1811-MOKR,,,https://www.ebay.com/itm/398121202938,2,CONFIRMED,,,,,,,,,,
Used Cadillac CTS 2011 EVAP canister purge valve OEM...,Cadillac,,General,UNCLASSIFIED,USED,NEW,OEM,52.54,USD,CAD-CTS-7984-FL-S,398121202656,"",,,,https://www.ebay.com/itm/398121202656,1,CONFIRMED,,,,,,,,,,
Used BMW X5 2008 right side panel painted OEM 51120430328,BMW,,Body,UNCLASSIFIED,USED,NEW,OEM,174.86,USD,BMW-X5-4619-BP-MM,398121202929,51120430328,51120430328,,,https://www.ebay.com/itm/398121202929,1,CONFIRMED,,,,,,,,,,
Used Cadillac CTS 2011 steering wheel remote control switch OEM 25850372,Cadillac,,Interior,UNCLASSIFIED,USED,NEW,OEM,56.92,USD,CAD-CTS-7984-DB-C,398121202366,25850372,25850372,,,https://www.ebay.com/itm/398121202366,1,CONFIRMED,,,,,,,,,,
Used Audi Q7 2007 fuel tank cap with tether OEM...,Audi,,General,UNCLASSIFIED,USED,NEW,OEM,52.53,USD,AUD-Q7-8323-FL-J,398121202285,7L8201550C,7L8201550C,,,https://www.ebay.com/itm/398121202285,1,CONFIRMED,,,,,,,,,,
2018 Jaguar F-Pace Vapor Pipe Shield Bracket Used OEM T4A34139,Jaguar,,General,UNCLASSIFIED,USED,NEW,OEM,49.99,USD,SAPOP24-SJ-175,397868053243,"HK839S276AA, HK839S276AB, T4A34139; T4A34139",T4A34139,,,https://www.ebay.com/itm/397868053243,1,CONFIRMED,,,,,,,,,,
2018 Jaguar F-Pace Vapor Pipe Used OEM T4A2716,Jaguar,,General,UNCLASSIFIED,USED,NEW,OEM,109.99,USD,SAPOP24-SJ-154,397868057050,"HK839K334AC, HK83-9K334-AC, LR092388, T4A2716; T4A2716",T4A2716,,,https://www.ebay.com/itm/397868057050,1,CONFIRMED,,,,,,,,,,
2018 Jaguar F-Pace Vapor Pipe Used OEM T4A2716,Jaguar,,General,UNCLASSIFIED,USED,NEW,OEM,82.36,USD,SAPOP24-SJ-154,397868081084,"HK839K334AC, HK83-9K334-AC, LR092388, T4A2716; T4A2716",T4A2716,,,https://www.ebay.com/itm/397868081084,1,CONFIRMED,,,,,,,,,,
2018 Jaguar F-Pace Vapor Pipe Used OEM T4A2716,Jaguar,,General,UNCLASSIFIED,USED,NEW,OEM,155.95,USD,SAPOP24-SJ-154,398121178544,"HK839K334AC, HK83-9K334-AC, LR092388, T4A2716; T4A2716",T4A2716,,,https://www.ebay.com/itm/398121178544,1,CONFIRMED,,,,,,,,,,
Used OEM Link BMW 335i 2009 Assembly 32106765236,BMW,,General,UNCLASSIFIED,USED,NEW,OEM,52.45,USD,BMW-35i-2687-DB-D,398121236048,LINK,LINK,,,https://www.ebay.com/itm/398121236048,1,CONFIRMED,,,,,,,,,,
Used OEM Rear Center Armrest Cover BMW 740Li 2012 Assembly...,BMW,,General,UNCLASSIFIED,USED,NEW,OEM,432.81,USD,BMW-740-C576-CC-W,398121236013,52207229360; REAR,52207229360,,,https://www.ebay.com/itm/398121236013,1,CONFIRMED,,,,,,,,,,
Used OEM Oil Cooler Pipe Chevrolet Camaro Auto Trans 2011 Assembly...,Chevrolet,,Transmission,UNCLASSIFIED,USED,NEW,OEM,69.92,USD,SAPOP21-AL-95,398121235823,"",,,,https://www.ebay.com/itm/398121235823,1,CONFIRMED,,,,,,,,,,
Used OEM Steering Assist Control Module Toyota Corolla 2019 88150...,Toyota Corolla,,Electrical,UNCLASSIFIED,USED,NEW,OEM,87.6,USD,SAPOP52-MT-230,398121235667,8815002011; STEERING,8815002011,,,https://www.ebay.com/itm/398121235667,1,CONFIRMED,,,,,,,,,,
Used OEM Brake Pedal Assembly 2007 Lexus LS460 47101-50090,Lexus,,Brakes,UNCLASSIFIED,USED,NEW,OEM,131.42,USD,LEX-LS-3145-BR-G,397975338309,47101-50090; BRAKE,47101-50090,,,https://www.ebay.com/itm/397975338309,1,CONFIRMED,,,,,,,,,,
Used OEM Exhaust Heat Shield Insulator Assembly 2011 Cadillac CTS 20971705,Cadillac,,Exhaust,UNCLASSIFIED,USED,NEW,OEM,87.42,USD,CAD-CTS-7984-EX-H,397975800138,20971705; EXHAUST,20971705,,,https://www.ebay.com/itm/397975800138,1,CONFIRMED,,,,,,,,,,
Used OEM Headlight Assembly RHD 2011 Cadillac CTS 1943121,Cadillac,,General,UNCLASSIFIED,USED,NEW,OEM,306,USD,CAD-CTS-7984-LT2-A,397975878227,19433121; HEADLIGHT,19433121,,,https://www.ebay.com/itm/397975878227,1,CONFIRMED,,,,,,,,,,
Used OEM Halogen Headlight Assembly LHD 2011 Cadillac CTS 19433120,Cadillac,,General,UNCLASSIFIED,USED,NEW,OEM,218.57,USD,CAD-CTS-7984-LT1-A,397975880616,19433120; HALOGEN,19433120,,,https://www.ebay.com/itm/397975880616,1,CONFIRMED,,,,,,,,,,
Used OEM Tail Light Assembly Driver Side 2011 Cadillac CTS 22806053,Cadillac,,General,UNCLASSIFIED,USED,NEW,OEM,131.14,USD,CAD-CTS-7984-LT3-A,397975881776,22806053; TAIL,22806053,,,https://www.ebay.com/itm/397975881776,1,CONFIRMED,,,,,,,,,,
"Used OEM Control Assembly, Steering Wheel Heater 2007 Lexus LS 460 55910-50010",Lexus,,Interior,UNCLASSIFIED,USED,NEW,OEM,65.57,USD,LEX-LS-3145-DB-RRR,398121235345,55910-50010; CONTROL,55910-50010,,,https://www.ebay.com/itm/398121235345,1,CONFIRMED,,,,,,,,,,
Used OEM Fuel Filler Cap Assembly 2007 Lexus ES350 77300-52040,Lexus,,General,UNCLASSIFIED,USED,NEW,OEM,43.71,USD,LEX-LS-3145-FL-K,397976305280,77300-52040; FUEL,77300-52040,,,https://www.ebay.com/itm/397976305280,1,CONFIRMED,,,,,,,,,,
Used OEM Side Member Assembly Volkswagen Tiguan 2010 5N08...,Volkwagen,,General,UNCLASSIFIED,USED,NEW,OEM,210.22,USD,VOL-TIG-0710-CH-BBBBBBB,398121235060,SIDE,SIDE,,,https://www.ebay.com/itm/398121235060,1,CONFIRMED,,,,,,,,,,
Used OEM Hood Hinge Assembly 2007 Lexus LS 460 53550-53010,Lexus,,Body,UNCLASSIFIED,USED,NEW,OEM,56.81,USD,LEX-LS-3145-BN-H,398121235052,53550-53010; HOOD,53550-53010,,,https://www.ebay.com/itm/398121235052,1,CONFIRMED,,,,,,,,,,
Used OEM Water Bypass Pipe Assembly Toyota Camry 2018 16260-25021,Toyota,,General,UNCLASSIFIED,USED,NEW,OEM,43.71,USD,TOY-CAM-9731-CL-J,398121235024,WATER,WATER,,,https://www.ebay.com/itm/398121235024,1,CONFIRMED,,,,,,,,,,
Rear Arm Bushing Lexus LX450 TAB-087 February 1996-1997,FEBEST,,General,UNCLASSIFIED,USED,NEW,OEM,29.42,USD,SAP-21133,398121176269,TAB-087,TAB-087,,,https://www.ebay.com/itm/398121176269,3,CONFIRMED,,,,,,,,,,
Rear Rod Bushing Audi Q7 February 2007-2015 VWAB-001,FEBEST,,General,UNCLASSIFIED,USED,NEW,OEM,30.61,USD,SAP-21474,398121176387,VWAB-001,VWAB-001,,,https://www.ebay.com/itm/398121176387,3,CONFIRMED,,,,,,,,,,
Headlight Switch Jaguar F-Pace 2018 Used OEM T4A8447,Jaguar,,General,UNCLASSIFIED,USED,NEW,OEM,87.42,USD,SAPOP24-SJ-790,398121176453,T4A8447,T4A8447,,,https://www.ebay.com/itm/398121176453,1,CONFIRMED,,,,,,,,,,
Gear Shift Lever Support Audi A6 Quattro 2011 Used OEM 8K0711055K,Audi,,General,UNCLASSIFIED,USED,NEW,OEM,140.19,USD,AUD-QUA-4094-TR-B,398121176462,8K0711055K,8K0711055K,,,https://www.ebay.com/itm/398121176462,1,CONFIRMED,,,,,,,,,,
Front Engine Mount Insulator Lexus LS 460 2007 Used OEM 12361-38160,Lexus,,Engine,UNCLASSIFIED,USED,NEW,OEM,78.8,USD,LEX-LS-3145-EN-D,398121176649,12361-38160,12361-38160,,,https://www.ebay.com/itm/398121176649,1,CONFIRMED,,,,,,,,,,
FEBEST 2013 Land Rover Range Rover Rear Stabilizer Link...,FEBEST,,General,UNCLASSIFIED,USED,NEW,OEM,42.92,USD,2923-L409RRH,398121176749,2923-L409RRH,2923-L409RRH,,,https://www.ebay.com/itm/398121176749,2,CONFIRMED,,,,,,,,,,
Heat Shield Sleeve Audi Q7 2007 Used OEM 7L6971461B,Audi,,General,UNCLASSIFIED,USED,NEW,OEM,43.71,USD,SAPOP16-MT-787,398121176790,7L6971461B,7L6971461B,,,https://www.ebay.com/itm/398121176790,1,CONFIRMED,,,,,,,,,,
Coolant Hose Audi Q7 2007 Used OEM 7L6121...,Audi,,General,UNCLASSIFIED,USED,NEW,OEM,52.55,USD,AUD-Q7-8323-EN-III,398121176855,7L6121,7L6121,,,https://www.ebay.com/itm/398121176855,1,CONFIRMED,,,,,,,,,,
Sunroof Cover Lexus IS250 2007 Used OEM 63306-53030-B0,Lexus,,General,UNCLASSIFIED,USED,NEW,OEM,266.79,USD,LEX-IS-1277-RF-F,398121176912,63306-53030-B0,63306-53030-B0,,,https://www.ebay.com/itm/398121176912,1,CONFIRMED,,,,,,,,,,
Mercedes-Benz C350 AMG Brake Caliper Bracket A2044211194 Year 2007,Mercedes,,Brakes,UNCLASSIFIED,USED,NEW,OEM,96.16,USD,SAPOP44-AL-03,398121176944,A2044211194,A2044211194,,,https://www.ebay.com/itm/398121176944,1,CONFIRMED,,,,,,,,,,
Transmission Oil Cooling Hose MAZDA 3 2008 Used...,Mazda,,Transmission,UNCLASSIFIED,USED,NEW,OEM,52.45,USD,MAZ-MZ3-2088-TR-C,398121176977,"",,,,https://www.ebay.com/itm/398121176977,1,CONFIRMED,,,,,,,,,,
Intake Duct Jaguar XF 2017 Used OEM T2H15664,Jaguar,,General,UNCLASSIFIED,USED,NEW,OEM,87.42,USD,JAG-XF-9202-DB-MM,398121176995,T2H15664,T2H15664,,,https://www.ebay.com/itm/398121176995,1,CONFIRMED,,,,,,,,,,
Left Front Stabilizer Link Febest Honda 0323-RT1FL,FEBEST,,General,UNCLASSIFIED,USED,NEW,OEM,42.92,USD,0323-RT1FL,398121177002,0323-RT1FL,0323-RT1FL,,,https://www.ebay.com/itm/398121177002,2,NEEDS_REVIEW,,,,,,,,,,
Solar Sensor Mercedes-Benz GL-500 2008 Used OEM A2518203810,Mercedes-Benz,,Electrical,UNCLASSIFIED,USED,NEW,OEM,56.03,USD,MRC-GL5-9750-DB-R,398121177019,A2518203810; GL-500,A2518203810,,,https://www.ebay.com/itm/398121177019,1,NEEDS_REVIEW,,,,,,,,,,
Trunk Light Jaguar XF 2017 Used OEM T4N3568,Jaguar,,Body,UNCLASSIFIED,USED,NEW,OEM,52.44,USD,JAG-XF-9202-LT3-B,398121177042,T4N3568,T4N3568,,,https://www.ebay.com/itm/398121177042,1,CONFIRMED,,,,,,,,,,
"Rear Bushing FEBEST MITSUBISHI, Lower Control Arm MAB-010",FEBEST,,Suspension,UNCLASSIFIED,USED,NEW,OEM,86.72,USD,MAB-010,398121177203,MAB-010,MAB-010,,,https://www.ebay.com/itm/398121177203,2,NEEDS_REVIEW,,,,,,,,,,
FEBEST Great Wall Brake Pin Slide Pin Bushing GWT-F7F,FEBEST,,Brakes,UNCLASSIFIED,USED,NEW,OEM,34.16,USD,GWT-F7F,398121177278,GWT-F7F,GWT-F7F,,,https://www.ebay.com/itm/398121177278,2,NEEDS_REVIEW,,,,,,,,,,
Control Arm Bushing Febest KAB-SL10RL,FEBEST,,Suspension,UNCLASSIFIED,USED,NEW,OEM,86.72,USD,KAB-SL10RL,398121177286,KAB-SL10RL,KAB-SL10RL,,,https://www.ebay.com/itm/398121177286,2,NEEDS_REVIEW,,,,,,,,,,
Rear Towing Arm Bushing Toyota RAV4 TAB-604 February 2019,FEBEST,,General,UNCLASSIFIED,USED,NEW,OEM,44.24,USD,SAP-21606,398121177321,TAB-604,TAB-604,,,https://www.ebay.com/itm/398121177321,3,CONFIRMED,,,,,,,,,,
Coolant Hose Audi TT 2009 Used OEM 1K0121...,Audi,,General,UNCLASSIFIED,USED,NEW,OEM,52.48,USD,AUD-TT-4018- CL-H,398121177451,1K0121,1K0121,,,https://www.ebay.com/itm/398121177451,1,CONFIRMED,,,,,,,,,,
Heater Hose Support CVC Audi Q7 2007 Used OEM 7L0820339A,Audi,,General,UNCLASSIFIED,USED,NEW,OEM,52.53,USD,AUD-Q7-8323-AC-K,398121177474,7L0820339A,7L0820339A,,,https://www.ebay.com/itm/398121177474,1,CONFIRMED,,,,,,,,,,
Rear Control Arm Bushing Dodge CRAB-037 February 2007-2012,FEBEST,,Suspension,UNCLASSIFIED,USED,NEW,OEM,43.61,USD,SAP-21307,398121177530,CRAB-037,CRAB-037,,,https://www.ebay.com/itm/398121177530,3,NEEDS_REVIEW,,,,,,,,,,
Suspension Arm Support Volkswagen Tiguan CC 2010 Used OEM 3C0505...,Volkwagen,,Suspension,UNCLASSIFIED,USED,NEW,OEM,87.59,USD,VOL-TIG-0710-CH-AAAAAA,398121177573,3C0505,3C0505,,,https://www.ebay.com/itm/398121177573,1,CONFIRMED,,,,,,,,,,
Rear Stabilizer Link Mazda 6 February 2003-2008 0523-005,FEBEST,,General,UNCLASSIFIED,USED,NEW,OEM,86.72,USD,0523-005,398121177691,0523-005,0523-005,,,https://www.ebay.com/itm/398121177691,2,CONFIRMED,,,,,,,,,,
Steering Column Support Audi TT RS 2009 Used OEM 8J1419293,Audi,,General,UNCLASSIFIED,USED,NEW,OEM,87.86,USD,AUD-TT-4018-CH-P,398121177754,8J1419293,8J1419293,,,https://www.ebay.com/itm/398121177754,1,CONFIRMED,,,,,,,,,,
Rear Differential Bushing Febest BMW 33316775782 BMAB-055,FEBEST,,Transmission,UNCLASSIFIED,USED,NEW,OEM,45.93,USD,SAP-22619,398121177819,BMAB-055,BMAB-055,,,https://www.ebay.com/itm/398121177819,3,NEEDS_REVIEW,,,,,,,,,,
Rear Stabilizer Bar Bushing FEBEST 1995-2009 TOYOTA 4RUNNER TSB-...,FEBEST,,General,UNCLASSIFIED,USED,NEW,OEM,86.72,USD,TSB-RZJ120R,398121177833,TSB-RZJ120R; 4RUNNER,TSB-RZJ120R,,,https://www.ebay.com/itm/398121177833,2,CONFIRMED,,,,,,,,,,
2010 Volkswagen Tiguan A-Pillar Body Used OEM 5N0802124,Volkwagen,,General,UNCLASSIFIED,USED,NEW,OEM,96.38,USD,VOL-TIG-0710-CH-VVV,398121177842,5N0802124,5N0802124,,,https://www.ebay.com/itm/398121177842,1,CONFIRMED,,,,,,,,,,
MAZDA 3 A/C Hose 2008 - High Pressure Cooler Line Used...,Mazda,,General,UNCLASSIFIED,USED,NEW,OEM,69.94,USD,MAZ-MZ3-2088-AC-DD,398121177918,"",,,,https://www.ebay.com/itm/398121177918,1,CONFIRMED,,,,,,,,,,
Axle Shaft Assembly Cadillac CTS CV 2011 Used OEM 88957150,Cadillac,,General,UNCLASSIFIED,USED,NEW,OEM,498.29,USD,CAD-CTS-7984-SU-O,398121177958,88957150,88957150,,,https://www.ebay.com/itm/398121177958,1,CONFIRMED,,,,,,,,,,
FEBEST 2001-2005 BMW 530i Rear Stabilizer Link 1923-E60R,FEBEST,,General,UNCLASSIFIED,USED,NEW,OEM,42.92,USD,1923-E60R,398121177968,1923-E60R,1923-E60R,,,https://www.ebay.com/itm/398121177968,2,CONFIRMED,,,,,,,,,,
Dashboard Air Duct Lexus LS460 2010 Used OEM 87215-50060,Lexus,,Interior,UNCLASSIFIED,USED,NEW,OEM,61.19,USD,LEX-LS-3145-AC-XX,398121178014,87215-50060,87215-50060,,,https://www.ebay.com/itm/398121178014,1,CONFIRMED,,,,,,,,,,
Windshield Wiper Motor Assembly Jaguar XF 2017 Used OEM T2H23527,Jaguar,,Engine,UNCLASSIFIED,USED,NEW,OEM,122.39,USD,JAG-XF-9202-WS1-M,398121178020,T2H23527,T2H23527,,,https://www.ebay.com/itm/398121178020,1,CONFIRMED,,,,,,,,,,
Stabilizer Bar Bushing BMW X5 BMBEST 2000-2006 BMSB-X5R2,FEBEST,,General,UNCLASSIFIED,USED,NEW,OEM,86.72,USD,BMSB-X5R2,398121178044,BMSB-X5R2,BMSB-X5R2,,,https://www.ebay.com/itm/398121178044,2,CONFIRMED,,,,,,,,,,
Front Crankcase Breather Hose Audi A4 Quattro 2011 Used OEM 06e133784k,Audi,,General,UNCLASSIFIED,USED,NEW,OEM,43.92,USD,AUD-QUA-4094-EN-HH,398121178223,06E133784K,06E133784K,,,https://www.ebay.com/itm/398121178223,1,CONFIRMED,,,,,,,,,,
Sun Visor Support Lexus LS 460 2007 RH/LH Used OEM 74348-33040-B1,Lexus,,General,UNCLASSIFIED,USED,NEW,OEM,43.69,USD,LEX-LS-3145-RF-C,398121178295,74348-33040-B1,74348-33040-B1,,,https://www.ebay.com/itm/398121178295,1,CONFIRMED,,,,,,,,,,
Used Brake Booster Vacuum Hose Audi TT 2009 OEM 1K0612041GM,Audi,,Brakes,UNCLASSIFIED,USED,NEW,OEM,61.5,USD,AUD-TT-4018-BR-CC,398121178379,1K0612041GM,1K0612041GM,,,https://www.ebay.com/itm/398121178379,1,CONFIRMED,,,,,,,,,,
Stabilizer Bar Bushing FEBEST 2002-2013 Mitsubishi Lancer MSB-CS5WF,FEBEST,,General,UNCLASSIFIED,USED,NEW,OEM,86.72,USD,MSB-CS5WF,398121178391,MSB-CS5WF,MSB-CS5WF,,,https://www.ebay.com/itm/398121178391,2,CONFIRMED,,,,,,,,,,
Used Windshield Wiper Motor Dodge Charger 2013 OEM 68082552AA,Dodge,,Engine,UNCLASSIFIED,USED,NEW,OEM,74.25,USD,DOG-CHG-3627-WS1-A,398121178443,68082552AA,68082552AA,,,https://www.ebay.com/itm/398121178443,1,CONFIRMED,,,,,,,,,,
Used HVAC Heater Hose Assembly Jaguar F-Pace 2018 OEM T2H29951,Jaguar,,General,UNCLASSIFIED,USED,NEW,OEM,87.39,USD,SAPOP24-SJ-87,398121178534,T2H29951,T2H29951,,,https://www.ebay.com/itm/398121178534,1,CONFIRMED,,,,,,,,,,
Used Right Sun Visor Audi Q7 2007 OEM 4L0857552MH82,Audi,,General,UNCLASSIFIED,USED,NEW,OEM,87.56,USD,AUD-Q7-8323-DB-KK,398121178562,4L0857552MH82,4L0857552MH82,,,https://www.ebay.com/itm/398121178562,1,CONFIRMED,,,,,,,,,,
Rear Stabilizer Bar Bushing FEBEST 2003-2008 Toyota Solara TSB-804,FEBEST,,General,UNCLASSIFIED,USED,NEW,OEM,86.72,USD,TSB-804,398121178581,TSB-804,TSB-804,,,https://www.ebay.com/itm/398121178581,2,CONFIRMED,,,,,,,,,,
Front Stabilizer Bar Bushing FEBEST Honda HSB-HRVF25,FEBEST,,General,UNCLASSIFIED,USED,NEW,OEM,86.72,USD,HSB-HRVF25,398121178588,HSB-HRVF25,HSB-HRVF25,,,https://www.ebay.com/itm/398121178588,2,NEEDS_REVIEW,,,,,,,,,,
Used Front Heater Water Hose Lexus LS 460 2007 OEM 9...,Lexus,,General,UNCLASSIFIED,USED,NEW,OEM,43.77,USD,LEX-LS-3145-CL-F,398121178596,"",,,,https://www.ebay.com/itm/398121178596,1,CONFIRMED,,,,,,,,,,
Air Intake Hose Lexus LS430 2002 1787550240,Lexus,,General,UNCLASSIFIED,USED,NEW,OEM,87.43,USD,SAPOP42-MT-108,398121178675,"",,,,https://www.ebay.com/itm/398121178675,1,CONFIRMED,,,,,,,,,,
Rear Rod Bushing Acura TSX February 2004-2008 HAB-097,FEBEST,,General,UNCLASSIFIED,USED,NEW,OEM,33.08,USD,SAP-22445,398121178789,HAB-097,HAB-097,,,https://www.ebay.com/itm/398121178789,3,CONFIRMED,,,,,,,,,,
Used Fuse Holder Toyota Corolla 2019 OEM 8274112120,Toyota Corolla,,General,UNCLASSIFIED,USED,NEW,OEM,140.17,USD,SAPOP52-MT-223,398121178814,8274112120,8274112120,,,https://www.ebay.com/itm/398121178814,1,CONFIRMED,,,,,,,,,,
Used Front Door Protection Strip Toyota Camry 2018 OEM 67861-33120,Toyota,,Body,UNCLASSIFIED,USED,NEW,OEM,65.57,USD,TOY-CAM-9731-DR1-E,398121178844,67861-33120,67861-33120,,,https://www.ebay.com/itm/398121178844,1,CONFIRMED,,,,,,,,,,
Differential Mount Bushing Febest TAB-520,FEBEST,,Transmission,UNCLASSIFIED,USED,NEW,OEM,49.38,USD,SAP-18660,398121179042,TAB-520,TAB-520,,,https://www.ebay.com/itm/398121179042,3,NEEDS_REVIEW,,,,,,,,,,
Control Arm Bushing Mitsubishi Lancer February 2002-2013 Rear Rod MAB-120,FEBEST,,Suspension,UNCLASSIFIED,USED,NEW,OEM,34.16,USD,MAB-120,398121179047,MAB-120,MAB-120,,,https://www.ebay.com/itm/398121179047,2,CONFIRMED,,,,,,,,,,
Used Spark Plug Mercedes GL500 2008 Iridium Platinum OEM A0041594903,Mercedes-Benz,,General,UNCLASSIFIED,USED,NEW,OEM,52.53,USD,MRC-GL5-9750-DB-KK,398121179097,A0041594903,A0041594903,,,https://www.ebay.com/itm/398121179097,1,CONFIRMED,,,,,,,,,,
Front Control Arm Rear Bushing Volvo XC90 VLAB-XC90B February 2003,FEBEST,,Suspension,UNCLASSIFIED,USED,NEW,OEM,31.9,USD,SAP-17952,398121179180,VLAB-XC90B,VLAB-XC90B,,,https://www.ebay.com/itm/398121179180,3,CONFIRMED,,,,,,,,,,
FEBEST 2020-2021 Hyundai Palisade Right Rear Arm Bushing HYAB-SAN1...,FEBEST,,General,UNCLASSIFIED,USED,NEW,OEM,42.92,USD,HYAB-SAN18RRH,398121179190,HYAB-SAN18RH; HYAB-SAN1,HYAB-SAN18RH,,,https://www.ebay.com/itm/398121179190,2,CONFIRMED,,,,,,,,,,
Rear Knuckle Bushing Acura TSX February 2009 HAB-202,FEBEST,,General,UNCLASSIFIED,USED,NEW,OEM,31.11,USD,SAP-17935,398121179247,HAB-202,HAB-202,,,https://www.ebay.com/itm/398121179247,3,CONFIRMED,,,,,,,,,,
Used Steering Wheel Audi A6 2007 OEM 4F0419091DBW88,Audi,,Interior,UNCLASSIFIED,USED,NEW,OEM,52.33,USD,AUD-Q7-8323-DB-A,398121179276,4F0419091DBW88,4F0419091DBW88,,,https://www.ebay.com/itm/398121179276,1,CONFIRMED,,,,,,,,,,
Used Dashboard Audio Speaker Toyota Camry 2018 OEM 86160-...,Toyota,,Interior,UNCLASSIFIED,USED,NEW,OEM,78.86,USD,TOY-CAM-9731-DR3-N,398121179309,86160,86160,,,https://www.ebay.com/itm/398121179309,1,CONFIRMED,,,,,,,,,,
Used Brake Line Audi Q7 2007 OEM 7L0611776A,Audi,,Brakes,UNCLASSIFIED,USED,NEW,OEM,43.71,USD,SAPOP16-MT-350,398121179325,7L0611776A,7L0611776A,,,https://www.ebay.com/itm/398121179325,1,CONFIRMED,,,,,,,,,,
Used Dashboard Spacer Toyota Corolla 2019 OEM 5513702061,Toyota Corolla,,Interior,UNCLASSIFIED,USED,NEW,OEM,43.7,USD,SAPOP52-MT-370,398121179333,5513702061,5513702061,,,https://www.ebay.com/itm/398121179333,1,CONFIRMED,,,,,,,,,,
Front Control Arm with Front Bushing Febest FDAB-060,FEBEST,,Suspension,UNCLASSIFIED,USED,NEW,OEM,36.61,USD,SAP-22288,398121179349,FDAB-060,FDAB-060,,,https://www.ebay.com/itm/398121179349,3,NEEDS_REVIEW,,,,,,,,,,
Rear Shock Absorber Bushing Ford Transit FDAB-005 FEBEST 2007-2016,FEBEST,,Suspension,UNCLASSIFIED,USED,NEW,OEM,34.16,USD,FDAB-005,398121179390,FDAB-005,FDAB-005,,,https://www.ebay.com/itm/398121179390,2,CONFIRMED,,,,,,,,,,
Used Front Axle Brake Line Volkswagen Tiguan 2010 OEM 5N0611701,Volkwagen,,Brakes,UNCLASSIFIED,USED,NEW,OEM,43.79,USD,VOL-TIG-0710-BR-I,398121179395,5N0611701,5N0611701,,,https://www.ebay.com/itm/398121179395,1,CONFIRMED,,,,,,,,,,
Used Door Glass Porsche Cayenne 2008 OEM 95554261210,Porsche,,Body,UNCLASSIFIED,USED,NEW,OEM,109.53,USD,POR-CAY-9697-WS1-B,398121179441,95554261210,95554261210,,,https://www.ebay.com/itm/398121179441,1,CONFIRMED,,,,,,,,,,
Used Fuel Intake Tube Assembly Lexus LS 460 2007...,Lexus,,General,UNCLASSIFIED,USED,NEW,OEM,43.71,USD,LEX-LS-3145-FL-D,398121179455,"",,,,https://www.ebay.com/itm/398121179455,1,CONFIRMED,,,,,,,,,,
Used Fuel Line Support Volkswagen Tiguan Jetta 2010 OEM 1K0...,Volkwagen,,General,UNCLASSIFIED,USED,NEW,OEM,43.79,USD,VOL-TIG-0710-AI-V,398121179568,"",,,,https://www.ebay.com/itm/398121179568,1,CONFIRMED,,,,,,,,,,
Used Windshield Washer Hose Mazda 3 CX-9 2008 OEM BP4L67501,Mazda,,General,UNCLASSIFIED,USED,NEW,OEM,52.45,USD,MAZ-MZ3-2088-EL-Y,398121179585,BP4L67501,BP4L67501,,,https://www.ebay.com/itm/398121179585,1,CONFIRMED,,,,,,,,,,
Rear Stabilizer Bar Bushing FEBEST Toyota TSB-UZJ100R,FEBEST,,General,UNCLASSIFIED,USED,NEW,OEM,86.72,USD,TSB-UZJ100R,398121179590,TSB-UZJ100R,TSB-UZJ100R,,,https://www.ebay.com/itm/398121179590,2,NEEDS_REVIEW,,,,,,,,,,
Control Arm Bushing Audi Q7 February 2007-2015 Rear Rod VWAB-003,FEBEST,,Suspension,UNCLASSIFIED,USED,NEW,OEM,36.33,USD,SAP-15444,398121179599,VWAB-003,VWAB-003,,,https://www.ebay.com/itm/398121179599,3,CONFIRMED,,,,,,,,,,
Febest Rear Control Arm Bushing HAB-197,FEBEST,,Suspension,UNCLASSIFIED,USED,NEW,OEM,29.84,USD,SAP-15388,398121179637,HAB-197,HAB-197,,,https://www.ebay.com/itm/398121179637,3,NEEDS_REVIEW,,,,,,,,,,
Used Front Mud Flap Toyota Camry 2018 OEM 53821-75020,Toyota,,General,UNCLASSIFIED,USED,NEW,OEM,43.71,USD,TOY-CAM-9731-FD2-D,398121179661,53821-75020,53821-75020,,,https://www.ebay.com/itm/398121179661,1,CONFIRMED,,,,,,,,,,
Used Wheel Speed Sensor Harness Toyota Corolla ABS 2019 OEM 895...,Toyota Corolla,,Electrical,UNCLASSIFIED,USED,NEW,OEM,43.7,USD,TOY-CRL-5167-WSS-6,398121179689,"",,,,https://www.ebay.com/itm/398121179689,1,CONFIRMED,,,,,,,,,,
Febest 2013 Infiniti JX35 Front Control Arm Bushing NAB-J32SA,FEBEST,,Suspension,UNCLASSIFIED,USED,NEW,OEM,32.81,USD,SAP-22642,398121179700,NAB-J32SA,NAB-J32SA,,,https://www.ebay.com/itm/398121179700,3,CONFIRMED,,,,,,,,,,
Used Fuel Line Pressure Hose Audi TT 2009 HPFP...,Audi,,General,UNCLASSIFIED,USED,NEW,OEM,48.32,USD,AUD-TT-4018-FL-B,398121179714,"",,,,https://www.ebay.com/itm/398121179714,1,CONFIRMED,,,,,,,,,,
Used Fuel Line Protection Plate Audi Q7 2007 OEM 7L8...,Audi,,General,UNCLASSIFIED,USED,NEW,OEM,52.53,USD,AUD-Q7-8323-FL-CC,398121179719,"",,,,https://www.ebay.com/itm/398121179719,1,CONFIRMED,,,,,,,,,,
Front Stabilizer Bar Bushing Kit FEBEST 2015-2019 Audi Q7 ADSB-4MF...,FEBEST,,General,UNCLASSIFIED,USED,NEW,OEM,34.16,USD,ADSB-4MF-KIT,398121179733,ADSB-4MF-KIT; ADSB-4MF,ADSB-4MF-KIT,,,https://www.ebay.com/itm/398121179733,2,CONFIRMED,,,,,,,,,,
Used Lower Control Arm Bushing Toyota Sequoia February 2001-2007...,FEBEST,,Suspension,UNCLASSIFIED,USED,NEW,OEM,86.72,USD,TAB-486,398121179764,TAB-486,TAB-486,,,https://www.ebay.com/itm/398121179764,2,CONFIRMED,,,,,,,,,,
Front Control Arm Rear Bushing FEBEST Nissan NAB-M11B,FEBEST,,Suspension,UNCLASSIFIED,USED,NEW,OEM,86.72,USD,NAB-M11B,398121179766,NAB-M11B,NAB-M11B,,,https://www.ebay.com/itm/398121179766,2,NEEDS_REVIEW,,,,,,,,,,
Used OEM Steering Speed Isolator Mazda Mazda5 2008 BP4L32229D,Mazda,,General,UNCLASSIFIED,USED,NEW,OEM,52.45,USD,MAZ-MZ3-2088-DB_G,398121179771,STEERING; MAZDA5; BP4L32229D,STEERING,,,https://www.ebay.com/itm/398121179771,1,CONFIRMED,,,,,,,,,,
Used OEM Heating Duct BMW 335i 51477133720,BMW,,General,UNCLASSIFIED,USED,NEW,OEM,135.77,USD,BMW-35i-2687-AI-K,398121179919,51477133720; HEATING,51477133720,,,https://www.ebay.com/itm/398121179919,1,NEEDS_REVIEW,,,,,,,,,,
Used OEM Front Stabilizer Bar Ford Fiesta 2016 BE8Z-5482-A,Ford,,General,UNCLASSIFIED,USED,NEW,OEM,96.17,USD,FOR-FIE-0110-SU-S,398121179987,FRONT; BE8Z-5482-A,FRONT,,,https://www.ebay.com/itm/398121179987,1,CONFIRMED,,,,,,,,,,
Used OEM Shift Hole Cover Sub-Assembly Toyota Camry 2018,Toyota,,General,UNCLASSIFIED,USED,NEW,OEM,48.06,USD,TOY-CAM-9731-DB-H,398121180065,SHIFT,SHIFT,,,https://www.ebay.com/itm/398121180065,1,CONFIRMED,,,,,,,,,,
Used OEM Wheel Arch Sound Absorber Audi Q7 2007-2016 4L0863814B,Audi,,Wheels,UNCLASSIFIED,USED,NEW,OEM,87.43,USD,AUDI-Q7-1712-WHA-5,398121180082,WHEEL; 4L0863814B,WHEEL,,,https://www.ebay.com/itm/398121180082,1,CONFIRMED,,,,,,,,,,
FEBEST Rear Stabilizer Bushing HONDA HSB-RN3R,FEBEST,,General,UNCLASSIFIED,USED,NEW,OEM,86.72,USD,HSB-RN3R,398121180130,HSB-RN3R,HSB-RN3R,,,https://www.ebay.com/itm/398121180130,2,NEEDS_REVIEW,,,,,,,,,,
Rear Bushing Ford Explorer February 2011 FDAB-032Z,FEBEST,,General,UNCLASSIFIED,USED,NEW,OEM,54.27,USD,SAP-21487,398121180162,FDAB-032Z,FDAB-032Z,,,https://www.ebay.com/itm/398121180162,3,CONFIRMED,,,,,,,,,,
Used OEM Sunroof Drain Hose Cadillac CTS 2011 22792192,Cadillac,,General,UNCLASSIFIED,USED,NEW,OEM,52.54,USD,CAD-CTS-7984-RF-I,398121180176,SUNROOF,SUNROOF,,,https://www.ebay.com/itm/398121180176,1,CONFIRMED,,,,,,,,,,
"FEBEST 2006-2010 Infiniti M35 Bushing, Rear Control Arm NAB-288",FEBEST,,Suspension,UNCLASSIFIED,USED,NEW,OEM,30.58,USD,SAP-22522,398121180222,NAB-288,NAB-288,,,https://www.ebay.com/itm/398121180222,3,CONFIRMED,,,,,,,,,,
Used OEM Radiator Coolant Hose Audi Q7 2008,Audi,,Cooling,UNCLASSIFIED,USED,NEW,OEM,43.71,USD,SAPOP16-MT-468,398121180262,RADIATOR,RADIATOR,,,https://www.ebay.com/itm/398121180262,1,CONFIRMED,,,,,,,,,,
FEBEST Front Stabilizer Bushing CITROEN PGSB-M59F,FEBEST,,General,UNCLASSIFIED,USED,NEW,OEM,34.16,USD,PGSB-M59F,398121180417,PGSB-M59F,PGSB-M59F,,,https://www.ebay.com/itm/398121180417,2,NEEDS_REVIEW,,,,,,,,,,
Engine Coolant Hose Toyota Corolla 2018-2019 165770T031,Toyota Corolla,,Engine,UNCLASSIFIED,USED,NEW,OEM,43.8,USD,SAPOP52-AL-58,398121180420,165770T031,165770T031,,,https://www.ebay.com/itm/398121180420,1,CONFIRMED,,,,,,,,,,
Used OEM Engine Radiator MAZDA 3 2008 Z60315200,Mazda,,Engine,UNCLASSIFIED,USED,NEW,OEM,406.5,USD,MAZ-MZ3-2088-EN-II,398121180474,ENGINE; Z60315200,ENGINE,,,https://www.ebay.com/itm/398121180474,1,CONFIRMED,,,,,,,,,,
Used OEM Engine Piston Audi Q7 2007 03H107065N,Audi,,Engine,UNCLASSIFIED,USED,NEW,OEM,201.08,USD,AUDI-Q7-1712-EPT-1,398121180475,ENGINE; 03H107065N,ENGINE,,,https://www.ebay.com/itm/398121180475,1,CONFIRMED,,,,,,,,,,
FEBEST Rear Bushing MITSUBISHI MAB-164,FEBEST,,General,UNCLASSIFIED,USED,NEW,OEM,34.16,USD,MAB-164,398121180500,MAB-164,MAB-164,,,https://www.ebay.com/itm/398121180500,2,NEEDS_REVIEW,,,,,,,,,,
FEBEST Rear Stabilizer Bushing 2010-2014 Hyundai Tucson KSB-...,FEBEST,,General,UNCLASSIFIED,USED,NEW,OEM,34.16,USD,KSB-SL10R,398121180568,KSB-SL10R,KSB-SL10R,,,https://www.ebay.com/itm/398121180568,2,CONFIRMED,,,,,,,,,,
Used OEM Coolant Hose Audi Q7 2007 7L0819925Q,Audi,,General,UNCLASSIFIED,USED,NEW,OEM,43.71,USD,SAPOP16-MT-328,398121180586,COOLANT; 7L0819925Q,COOLANT,,,https://www.ebay.com/itm/398121180586,1,CONFIRMED,,,,,,,,,,
Used OEM Pipe Line Audi A6 2011 06E133714K,Audi,,General,UNCLASSIFIED,USED,NEW,OEM,48.32,USD,AUD-QUA-4094-EN-NN,398121180592,PIPE; 06E133714K,PIPE,,,https://www.ebay.com/itm/398121180592,1,CONFIRMED,,,,,,,,,,
Used OEM Wiper Switch Toyota Corolla 2019 8465206340,Toyota Corolla,,General,UNCLASSIFIED,USED,NEW,OEM,87.41,USD,SAPOP52-MT-241,398121180702,WIPER,WIPER,,,https://www.ebay.com/itm/398121180702,1,CONFIRMED,,,,,,,,,,
FEBEST Rear Cross Link Bushing 2011 Hyundai Azera HYAB-GFR1,FEBEST,,General,UNCLASSIFIED,USED,NEW,OEM,86.72,USD,HYAB-GFR1,398121180722,HYAB-GFR1,HYAB-GFR1,,,https://www.ebay.com/itm/398121180722,2,CONFIRMED,,,,,,,,,,
Used OEM High Pressure Fuel Line Jaguar F Pace 2018 JDE38577,Jaguar,,General,UNCLASSIFIED,USED,NEW,OEM,87.42,USD,SAPOP24-SJ-160,398121180790,HIGH; JDE38577,HIGH,,,https://www.ebay.com/itm/398121180790,1,NOT_VERIFIED,,,,,,,,,,
FEBEST Front Stabilizer Bushing Kit BMW X5 February 2006-2013 BMSB-E7...,FEBEST,,General,UNCLASSIFIED,USED,NEW,OEM,35.2,USD,SAP-21629,398121180877,BMSB-E70F-KIT; BMSB-E7,BMSB-E70F-KIT,,,https://www.ebay.com/itm/398121180877,3,CONFIRMED,,,,,,,,,,
Engine Coolant Hose Lexus LS430 2002 1626450070,Lexus,,Engine,UNCLASSIFIED,USED,NEW,OEM,43.73,USD,SAPOP42-AL-77,398121180883,"",,,,https://www.ebay.com/itm/398121180883,1,CONFIRMED,,,,,,,,,,
Used OEM Lumbar Support Pump BMW 740Li Seat 2012 52107242080,BMW,,Interior,UNCLASSIFIED,USED,NEW,OEM,201.09,USD,BMW-740-C576-ST1-D,398121180888,LUMBAR,LUMBAR,,,https://www.ebay.com/itm/398121180888,1,CONFIRMED,,,,,,,,,,
FEBEST Body Bushing Lexus RX300 TAB-530 February 1999-2003,FEBEST,,General,UNCLASSIFIED,USED,NEW,OEM,43.36,USD,SAP-15522,398121180939,TAB-530,TAB-530,,,https://www.ebay.com/itm/398121180939,3,CONFIRMED,,,,,,,,,,
Used OEM Fuel Hose Audi Q7 2009 7L0919715A,Audi,,General,UNCLASSIFIED,USED,NEW,OEM,78.68,USD,SAPOP16-MT-768,398121180945,FUEL; 7L0919715A,FUEL,,,https://www.ebay.com/itm/398121180945,1,CONFIRMED,,,,,,,,,,
Used OEM Drive Shaft Jaguar XF 2017 T2H3248,Jaguar,,General,UNCLASSIFIED,USED,NEW,OEM,139,USD,JAG-XF-9202-SU-C,398121180991,DRIVE; T2H3248,DRIVE,,,https://www.ebay.com/itm/398121180991,1,CONFIRMED,,,,,,,,,,
Used OEM Sun Visor Switch Cadillac STS 2011 25789090,Cadillac,,General,UNCLASSIFIED,USED,NEW,OEM,52.54,USD,CAD-CTS-7984-RF-J,398121180995,25789090,,,,https://www.ebay.com/itm/398121180995,1,CONFIRMED,,,,,,,,,,
Used OEM Sunroof Shade BMW 740Li 2012 54107209208,BMW,,General,UNCLASSIFIED,USED,NEW,OEM,131.14,USD,BMW-740-C576-RF-C,398121180998,SUNROOF,SUNROOF,,,https://www.ebay.com/itm/398121180998,1,CONFIRMED,,,,,,,,,,
FEBEST Front Stabilizer Bushing 2003-2007 INFINITI G35 NSB-EX35F,FEBEST,,General,UNCLASSIFIED,USED,NEW,OEM,86.72,USD,NSB-EX35F,398121181078,NSB-EX35F,NSB-EX35F,,,https://www.ebay.com/itm/398121181078,2,CONFIRMED,,,,,,,,,,
Used OEM Fuel Hose Audi A6 Quattro 2016-2018 4G0201215BQ,Audi,,General,UNCLASSIFIED,USED,NEW,OEM,104.9,USD,Audi-A6-Quattro-6737-FH,398121181270,FUEL; 4G0201215BQ,FUEL,,,https://www.ebay.com/itm/398121181270,1,CONFIRMED,,,,,,,,,,
Used OEM Engine Mount Bracket Jaguar XF 2017 T2H23754,Jaguar,,Engine,UNCLASSIFIED,USED,NEW,OEM,118.02,USD,JAG-XF-9202-EN-C,398121181295,ENGINE; T2H23754,ENGINE,,,https://www.ebay.com/itm/398121181295,1,CONFIRMED,,,,,,,,,,
Used OEM Oil Cooler Pipe Bracket Jaguar XF 2017 C2D38697,Jaguar,,General,UNCLASSIFIED,USED,NEW,OEM,52.44,USD,JAG-XF-9202-CL-EE,398121181311,C2D38697,C2D38697,,,https://www.ebay.com/itm/398121181311,1,CONFIRMED,,,,,,,,,,
Used OEM Air Suspension Compressor Line Audi Q7 2007 7L0616708B,Audi,,Suspension,UNCLASSIFIED,USED,NEW,OEM,43.71,USD,SAPOP16-MT-748,398121181331,7L0616708B,7L0616708B,,,https://www.ebay.com/itm/398121181331,1,CONFIRMED,,,,,,,,,,
Used OEM Air Duct Volkswagen Tiguan Instrument Panel 2010 5N0819633,Volkwagen,,Body,UNCLASSIFIED,USED,NEW,OEM,43.79,USD,VOL-TIG-0710-AC-FF,398121181334,5N0819633,5N0819633,,,https://www.ebay.com/itm/398121181334,1,CONFIRMED,,,,,,,,,,
FEBEST 1999-2001 INFINITI I30 Front Control Arm Bushing NAB-001S,FEBEST,,Suspension,UNCLASSIFIED,USED,NEW,OEM,29.7,USD,SAP-18527,398121181356,NAB-001S,NAB-001S,,,https://www.ebay.com/itm/398121181356,3,CONFIRMED,,,,,,,,,,
FEBEST Front Stabilizer Link Bushing BZAB-063,FEBEST,,General,UNCLASSIFIED,USED,NEW,OEM,28.89,USD,SAP-21245,398121181385,BZAB-063,BZAB-063,,,https://www.ebay.com/itm/398121181385,3,NEEDS_REVIEW,,,,,,,,,,
Used OEM Engine Oil Cooler MAZDA 3 2008 Z61014700,Mazda,,Engine,UNCLASSIFIED,USED,NEW,OEM,56.82,USD,MAZ-MZ3-2088-EN-X,398121181412,ENGINE; Z61014700,ENGINE,,,https://www.ebay.com/itm/398121181412,1,CONFIRMED,,,,,,,,,,
Used OEM Front Muffler Support BMW X5 2008 18207548741,BMW,,Exhaust,UNCLASSIFIED,USED,NEW,OEM,52.45,USD,BMW-X5-4619-EX-G,398121181432,FRONT,FRONT,,,https://www.ebay.com/itm/398121181432,1,CONFIRMED,,,,,,,,,,
FEBEST Leaf Spring Bushing ISUZU 0634-001,FEBEST,,Suspension,UNCLASSIFIED,USED,NEW,OEM,86.72,USD,0634-001,398121181464,0634-001,0634-001,,,https://www.ebay.com/itm/398121181464,2,NEEDS_REVIEW,,,,,,,,,,
Right Front Fender Dodge Charger 2013 Used OEM 55113584AB,Dodge,,Body,UNCLASSIFIED,USED,NEW,OEM,240.42,USD,DOG-CHG-3627-FD2-D,398121181517,55113584AB,55113584AB,,,https://www.ebay.com/itm/398121181517,1,CONFIRMED,,,,,,,,,,
DVD Player Jaguar XF 2017 Used OEM C2D35999,Jaguar,,General,UNCLASSIFIED,USED,NEW,OEM,244.77,USD,JAG-XF-9202-EL-L,398121181519,C2D35999,C2D35999,,,https://www.ebay.com/itm/398121181519,1,CONFIRMED,,,,,,,,,,
Right Front Brake Caliper Audi TT 2009 Used OEM 1K0615124E,Audi,,Brakes,UNCLASSIFIED,USED,NEW,OEM,52.71,USD,AUD-TT-4018-BR -G,398121181572,1K0615124E,1K0615124E,,,https://www.ebay.com/itm/398121181572,1,CONFIRMED,,,,,,,,,,
Stabilizer Bar Bushing SSB-G13F Subaru Impreza FEBEST 2011-2016,FEBEST,,General,UNCLASSIFIED,USED,NEW,OEM,34.16,USD,SSB-G13F,398121181613,SSB-G13F,SSB-G13F,,,https://www.ebay.com/itm/398121181613,2,CONFIRMED,,,,,,,,,,
Rear Leaf Spring Bushing FEBEST 2000-2008 NISSAN URVAN NAB-225,FEBEST,,Suspension,UNCLASSIFIED,USED,NEW,OEM,86.72,USD,NAB-225,398121181647,NAB-225,NAB-225,,,https://www.ebay.com/itm/398121181647,2,CONFIRMED,,,,,,,,,,
Engine Air Intake Duct Jaguar F Pace 2018 Used OEM...,Jaguar,,Engine,UNCLASSIFIED,USED,NEW,OEM,104.91,USD,SAPOP24-SJ-151,398121181798,"",,,,https://www.ebay.com/itm/398121181798,1,NOT_VERIFIED,,,,,,,,,,
Intake Hose BMW X5 2008 Used OEM 32416785918,BMW,,General,UNCLASSIFIED,USED,NEW,OEM,52.45,USD,BMW-X5-4619-DB-J,398121181854,32416785918,32416785918,,,https://www.ebay.com/itm/398121181854,1,CONFIRMED,,,,,,,,,,
Engine Coolant Hose Jaguar XE 2016-2019 JDE38618,Jaguar,,Engine,UNCLASSIFIED,USED,NEW,OEM,87.23,USD,SAPOP23-AL-11,398121181864,JDE38618,JDE38618,,,https://www.ebay.com/itm/398121181864,1,CONFIRMED,,,,,,,,,,
Right Rear Stabilizer Link Febest 0223-J10RR,FEBEST,,General,UNCLASSIFIED,USED,NEW,OEM,86.72,USD,0223-J10RR,398121181876,0223-J10RR,0223-J10RR,,,https://www.ebay.com/itm/398121181876,2,NEEDS_REVIEW,,,,,,,,,,
Instrument Cluster Lexus LS430 2002 Used OEM 8380150101,Lexus,,General,UNCLASSIFIED,USED,NEW,OEM,131.2,USD,SAPOP42-SJ-586,398121181878,8380150101,8380150101,,,https://www.ebay.com/itm/398121181878,1,CONFIRMED,,,,,,,,,,
Rear Arm Bushing FEBEST TOYOTA TAB-206,FEBEST,,General,UNCLASSIFIED,USED,NEW,OEM,86.72,USD,TAB-206,398121181903,TAB-206,TAB-206,,,https://www.ebay.com/itm/398121181903,2,NEEDS_REVIEW,,,,,,,,,,
A/C Line Support BMW 335i 2009 Used OEM...,BMW,,General,UNCLASSIFIED,USED,NEW,OEM,52.45,USD,BMW-35i-2687-AC-T,398121181911,"",,,,https://www.ebay.com/itm/398121181911,1,CONFIRMED,,,,,,,,,,
Tailgate Strike Plate Lexus LX570 2014 Used OEM 6946060040,Lexus,,Body,UNCLASSIFIED,USED,NEW,OEM,43.61,USD,LXS-LX570-7290-TSP-4,398121181950,6946060040,6946060040,,,https://www.ebay.com/itm/398121181950,1,CONFIRMED,,,,,,,,,,
Front Arm Bushing Land Rover Range Rover LRAB-030 February 2003-2012,FEBEST,,General,UNCLASSIFIED,USED,NEW,OEM,86.72,USD,LRAB-030,398121181952,LRAB-030,LRAB-030,,,https://www.ebay.com/itm/398121181952,2,CONFIRMED,,,,,,,,,,
Rear Crossmember Bushing Volvo S60 February 2001-2009 VLAB-017,FEBEST,,General,UNCLASSIFIED,USED,NEW,OEM,31.11,USD,SAP-21584,398121182004,VLAB-017,VLAB-017,,,https://www.ebay.com/itm/398121182004,3,CONFIRMED,,,,,,,,,,
Dashboard Air Duct Lexus LS460 2007 Used OEM 62974-50020,Lexus,,Interior,UNCLASSIFIED,USED,NEW,OEM,43.7,USD,LEX-LS-3145-AC-FFF,398121182010,62974-50020,62974-50020,,,https://www.ebay.com/itm/398121182010,1,CONFIRMED,,,,,,,,,,
Headlight Assembly Porsche Cayenne 2008 Used OEM 95563117401,Porsche,,General,UNCLASSIFIED,USED,NEW,OEM,393.24,USD,POR-CAY-9697-LT-H,398121182049,95563117401,95563117401,,,https://www.ebay.com/itm/398121182049,1,CONFIRMED,,,,,,,,,,
Engine Cover Lexus IS 250 2007 Used OEM 11209-31200,Lexus,,Engine,UNCLASSIFIED,USED,NEW,OEM,249.18,USD,LEX-IS-1277-EN-H,398121182057,11209-31200,11209-31200,,,https://www.ebay.com/itm/398121182057,1,CONFIRMED,,,,,,,,,,
Oil Pressure Switch Lexus LS 460 2007 Used OEM 83531-50010,Lexus,,General,UNCLASSIFIED,USED,NEW,OEM,43.77,USD,LEX-LS-3145-EN-M,398121182076,83531-50010,83531-50010,,,https://www.ebay.com/itm/398121182076,1,CONFIRMED,,,,,,,,,,
Locking Glass Audi Q7 2007 Used OEM 4L0885879K50,Audi,,General,UNCLASSIFIED,USED,NEW,OEM,52.71,USD,AUD-Q7-8323-ST3-QQ,398121182166,4L0885879K50,4L0885879K50,,,https://www.ebay.com/itm/398121182166,1,CONFIRMED,,,,,,,,,,
FEBEST 2015-2016 Ford Transit Leaf Spring Bushing FDAB-002,FEBEST,,Suspension,UNCLASSIFIED,USED,NEW,OEM,34.16,USD,FDAB-002,398121182230,FDAB-002,FDAB-002,,,https://www.ebay.com/itm/398121182230,2,CONFIRMED,,,,,,,,,,
Front Subframe Bushing Mazda 6 February 2008 MZAB-133,FEBEST,,General,UNCLASSIFIED,USED,NEW,OEM,86.72,USD,MZAB-133,398121182259,MZAB-133,MZAB-133,,,https://www.ebay.com/itm/398121182259,2,CONFIRMED,,,,,,,,,,
Rear Knuckle Bushing Audi A6 February 1998-2005 VWAB-039,FEBEST,,General,UNCLASSIFIED,USED,NEW,OEM,30.76,USD,SAP-21875,398121182277,VWAB-039,VWAB-039,,,https://www.ebay.com/itm/398121182277,3,CONFIRMED,,,,,,,,,,
Door Glass Ford Fiesta 2016 Used OEM BE8Z-5825713-A,Ford,,Body,UNCLASSIFIED,USED,NEW,OEM,56.82,USD,FOR-FIE-0110-DR3-L,398121182294,BE8Z-5825713-A,BE8Z-5825713-A,,,https://www.ebay.com/itm/398121182294,1,CONFIRMED,,,,,,,,,,
Expansion Valve Porsche Cayenne S AC 2008 Used OEM 95557231902,Porsche,,General,UNCLASSIFIED,USED,NEW,OEM,52.45,USD,POR-CAY-9697-AC-GG,398121182381,95557231902,95557231902,,,https://www.ebay.com/itm/398121182381,1,CONFIRMED,,,,,,,,,,
Manual Gear Shift Lever BMW 335i 2009 Used OEM 25117555911,BMW,,General,UNCLASSIFIED,USED,NEW,OEM,78.83,USD,BMW-35i-2687-TR-P,398121182391,25117555911,25117555911,,,https://www.ebay.com/itm/398121182391,1,CONFIRMED,,,,,,,,,,
Fuel Line Audi Q7 2007 Used OEM 03H133321,Audi,,General,UNCLASSIFIED,USED,NEW,OEM,65.67,USD,AUD-Q7-8323-FL-C,398121182412,03H133321,03H133321,,,https://www.ebay.com/itm/398121182412,1,CONFIRMED,,,,,,,,,,
Rear Cross Rod Bushing Ford Fusion February 2013-2020 FDAB-088,FEBEST,,General,UNCLASSIFIED,USED,NEW,OEM,34.16,USD,FDAB-088,398121182486,FDAB-088,FDAB-088,,,https://www.ebay.com/itm/398121182486,2,CONFIRMED,,,,,,,,,,
Rear Stabilizer Link Febest 1623-R172R,FEBEST,,General,UNCLASSIFIED,USED,NEW,OEM,42.92,USD,1623-R172R,398121182666,1623-R172R,1623-R172R,,,https://www.ebay.com/itm/398121182666,2,NEEDS_REVIEW,,,,,,,,,,
Front Stabilizer Bushing SSB-B9F Subaru Tribeca 2008-2014,FEBEST,,General,UNCLASSIFIED,USED,NEW,OEM,34.16,USD,SSB-B9F,398121182683,SSB-B9F,SSB-B9F,,,https://www.ebay.com/itm/398121182683,2,CONFIRMED,,,,,,,,,,
Engine Coolant Hose Audi Q7 2016-2019 06E121044AB,Audi,,Engine,UNCLASSIFIED,USED,NEW,OEM,45.35,USD,Audi-A6-Quattro-6737-ECP,398121182688,06E121044AB,06E121044AB,,,https://www.ebay.com/itm/398121182688,1,CONFIRMED,,,,,,,,,,
Front Strut Mount Bearing Volkswagen Tiguan 2010 Used...,Volkwagen,,Suspension,UNCLASSIFIED,USED,NEW,OEM,74.46,USD,VOL-TIG-0710-SU-B,398121182711,"",,,,https://www.ebay.com/itm/398121182711,1,CONFIRMED,,,,,,,,,,
Front Control Arm with Front Bushing Febest PGAB-BOX3S,FEBEST,,Suspension,UNCLASSIFIED,USED,NEW,OEM,86.72,USD,PGAB-BOX3S,398121182714,PGAB-BOX3S,PGAB-BOX3S,,,https://www.ebay.com/itm/398121182714,2,NEEDS_REVIEW,,,,,,,,,,
FEBEST BMW Right Front Stabilizer Link 1923-E70ADFR,FEBEST,,General,UNCLASSIFIED,USED,NEW,OEM,42.92,USD,1923-E70ADFR,398121182723,1923-E70ADFR,1923-E70ADFR,,,https://www.ebay.com/itm/398121182723,2,NEEDS_REVIEW,,,,,,,,,,
Rear Stabilizer Link FEBEST General Motors 1023-EV4R,FEBEST,,Engine,UNCLASSIFIED,USED,NEW,OEM,42.92,USD,1023-EV4R,398121182727,1023-EV4R,1023-EV4R,,,https://www.ebay.com/itm/398121182727,2,NEEDS_REVIEW,,,,,,,,,,
Cabin Air Intake Duct Audi Q7 2007 Used OEM 7L0819352B,Audi,,General,UNCLASSIFIED,USED,NEW,OEM,87.41,USD,SAPOP16-MT-317,398121182785,7L0819352B,7L0819352B,,,https://www.ebay.com/itm/398121182785,1,CONFIRMED,,,,,,,,,,
Armrest Porsche Cayenne 2008 Used OEM 955552307015Q2,Porsche,,General,UNCLASSIFIED,USED,NEW,OEM,122.67,USD,POR-CAY-9697-CC-D,398121182792,955552307015Q2,955552307015Q2,,,https://www.ebay.com/itm/398121182792,1,CONFIRMED,,,,,,,,,,
Stabilizer Bar Bushing Ford Transit Connect FDSB-TC7RV2 FEBEST 2010-2013,FEBEST,,General,UNCLASSIFIED,USED,NEW,OEM,34.16,USD,FDSB-TC7RV2,398121182802,FDSB-TC7RV2,FDSB-TC7RV2,,,https://www.ebay.com/itm/398121182802,2,CONFIRMED,,,,,,,,,,
Sunroof Reinforcement Lexus LS460 2007 Used OEM 63142-50040,Lexus,,General,UNCLASSIFIED,USED,NEW,OEM,165.18,USD,LEX-LS-3145-RF-K,398121182806,63142-50040,63142-50040,,,https://www.ebay.com/itm/398121182806,1,CONFIRMED,,,,,,,,,,
Headlight Washer Nozzle Volkswagen Tiguan 2010 Used OEM 5N0955979,Volkwagen,,General,UNCLASSIFIED,USED,NEW,OEM,105.11,USD,VOL-TIG-0710-LT1-F,398121182830,5N0955979,5N0955979,,,https://www.ebay.com/itm/398121182830,1,CONFIRMED,,,,,,,,,,
Used Sunroof Cover Jaguar XF 2017 OEM T2H31812PVJ,Jaguar,,General,UNCLASSIFIED,USED,NEW,OEM,91.78,USD,JAG-XF-9202-RF-I,398121182902,T2H31812PVJ,T2H31812PVJ,,,https://www.ebay.com/itm/398121182902,1,CONFIRMED,,,,,,,,,,
Used Closure Valve Jaguar S-Type 2000 XR81358,Jaguar,,General,UNCLASSIFIED,USED,NEW,OEM,52.44,USD,SAPOP25-SJ-100,398121182959,XR81358,XR81358,,,https://www.ebay.com/itm/398121182959,1,CONFIRMED,,,,,,,,,,
Used Fuel Delivery Hose Lexus LS460 2007 OEM 23814-38040,Lexus,,General,UNCLASSIFIED,USED,NEW,OEM,91.8,USD,LEX-LS-3145-FL-LL,398121183023,23814-38040,23814-38040,,,https://www.ebay.com/itm/398121183023,1,CONFIRMED,,,,,,,,,,
Used Front Brake Pad Set Jaguar F-Pace 2018 OEM T4N13434,Jaguar,,Brakes,UNCLASSIFIED,USED,NEW,OEM,87.42,USD,SAPOP24-SJ-116,398121183058,T4N13434,T4N13434,,,https://www.ebay.com/itm/398121183058,1,CONFIRMED,,,,,,,,,,
Used Suspension Spacer Lexus IS250 2007 OEM 48520-59285,Lexus,,Suspension,UNCLASSIFIED,USED,NEW,OEM,153.08,USD,LEX-IS-1277-SU-G,398121183068,48520-59285,48520-59285,,,https://www.ebay.com/itm/398121183068,1,CONFIRMED,,,,,,,,,,
Used Retaining Plate Porsche Cayenne 2008 OEM 95552166505,Porsche,,General,UNCLASSIFIED,USED,NEW,OEM,52.57,USD,POR-CAY-9697-ST2-T,398121183219,95552166505,95552166505,,,https://www.ebay.com/itm/398121183219,1,CONFIRMED,,,,,,,,,,
Used Brake Line Support Porsche Cayenne 2008 OEM 95535550110,Porsche,,Brakes,UNCLASSIFIED,USED,NEW,OEM,52.55,USD,POR-CAY-9697-BR-JJ,398121183250,95535550110,95535550110,,,https://www.ebay.com/itm/398121183250,1,CONFIRMED,,,,,,,,,,
Used Automatic Transmission Assembly Cadillac CTS 2011 OEM 24252370,Cadillac,,Transmission,UNCLASSIFIED,USED,NEW,OEM,524.51,USD,CAD-CTS-7984-TR-A,398121183292,24252370,24252370,,,https://www.ebay.com/itm/398121183292,1,CONFIRMED,,,,,,,,,,
Used Fuel Pipe Plastic Mazda Mazda3 2008 OEM BP1E42610B,Mazda,,General,UNCLASSIFIED,USED,NEW,OEM,52.45,USD,MAZ-MZ3-2088-FL-F,398121183374,BP1E42610B; MAZDA3,BP1E42610B,,,https://www.ebay.com/itm/398121183374,1,NEEDS_REVIEW,,,,,,,,,,
Used Sound Absorber Toyota Camry 2018 OEM 64165-33100,Toyota,,General,UNCLASSIFIED,USED,NEW,OEM,223.76,USD,TOY-CAM-9731-RF-J,398121183429,64165-33100,64165-33100,,,https://www.ebay.com/itm/398121183429,1,CONFIRMED,,,,,,,,,,
Used Fuel Supply Hose Audi Q7 2007 OEM 7L8130295F,Audi,,General,UNCLASSIFIED,USED,NEW,OEM,65.67,USD,AUD-Q7-8323-FL-DD,398121183437,7L8130295F,7L8130295F,,,https://www.ebay.com/itm/398121183437,1,CONFIRMED,,,,,,,,,,
Rear Control Arm Bushing Subaru Forester February 1998-2007 SAB-012,FEBEST,,Suspension,UNCLASSIFIED,USED,NEW,OEM,30.85,USD,SAP-15546,398121183485,SAB-012,SAB-012,,,https://www.ebay.com/itm/398121183485,3,CONFIRMED,,,,,,,,,,
Rear Rod Bushing Lexus LS460 February 2007-2017 TAB-547,FEBEST,,General,UNCLASSIFIED,USED,NEW,OEM,30.34,USD,SAP-18559,398121183502,TAB-547,TAB-547,,,https://www.ebay.com/itm/398121183502,3,CONFIRMED,,,,,,,,,,
FEBEST 2009-2017 BMW X3 Front Stabilizer Bar Bushing Kit BMSB-X4F-KIT,FEBEST,,General,UNCLASSIFIED,USED,NEW,OEM,42.92,USD,BMSB-X4F-KIT,398121183508,BMSB-X4F-KIT,BMSB-X4F-KIT,,,https://www.ebay.com/itm/398121183508,2,CONFIRMED,,,,,,,,,,
Front Control Arm Rear Bushing Febest TAB-140,FEBEST,,Suspension,UNCLASSIFIED,USED,NEW,OEM,32.35,USD,SAP-21423,398121183555,TAB-140,TAB-140,,,https://www.ebay.com/itm/398121183555,3,NEEDS_REVIEW,,,,,,,,,,
FEBEST 1997-2005 Lexus GS300 Rear Knuckle Bushing TAB-124RUB,FEBEST,,General,UNCLASSIFIED,USED,NEW,OEM,28.52,USD,SAP-18663,398121183650,TAB-124RUB,TAB-124RUB,,,https://www.ebay.com/itm/398121183650,3,CONFIRMED,,,,,,,,,,
Rear Stabilizer Bar Bushing FEBEST NISSAN NSB-P12R2,FEBEST,,General,UNCLASSIFIED,USED,NEW,OEM,86.72,USD,NSB-P12R2,398121183664,NSB-P12R2,NSB-P12R2,,,https://www.ebay.com/itm/398121183664,2,NEEDS_REVIEW,,,,,,,,,,
Used Hazard Switch Assembly Audi Q7 2007 OEM 4L2927137B5PR,Audi,,General,UNCLASSIFIED,USED,NEW,OEM,91.97,USD,AUD-Q7-8323-EL-SSS,398121183697,4L2927137B5PR,4L2927137B5PR,,,https://www.ebay.com/itm/398121183697,1,CONFIRMED,,,,,,,,,,
FEBEST 2003-2010 Porsche Cayenne Stabilizer Rod 2323-002,FEBEST,,General,UNCLASSIFIED,USED,NEW,OEM,86.72,USD,2323-002,398121183833,2323-002,2323-002,,,https://www.ebay.com/itm/398121183833,2,CONFIRMED,,,,,,,,,,
Front Stabilizer Bar Bushing FEBEST 1990-1994 NSB-003 Nissan Axxess,FEBEST,,General,UNCLASSIFIED,USED,NEW,OEM,86.72,USD,NSB-003,398121183943,NSB-003,NSB-003,,,https://www.ebay.com/itm/398121183943,2,CONFIRMED,,,,,,,,,,
Used Manifold Absolute Pressure Sensor Ford Fiesta 2016 ASSY...,Ford,,Electrical,UNCLASSIFIED,USED,NEW,OEM,43.71,USD,FOR-FIE-0110-EX-H,398121184012,"",,,,https://www.ebay.com/itm/398121184012,1,CONFIRMED,,,,,,,,,,
Used Wheel Arch Liner Mercedes-Benz GL-500 2008 OEM A1646201830,Mercedes-Benz,,Wheels,UNCLASSIFIED,USED,NEW,OEM,534.91,USD,MRC-GL5-9750-FD1-E,398121184027,A1646201830; GL-500,A1646201830,,,https://www.ebay.com/itm/398121184027,1,NEEDS_REVIEW,,,,,,,,,,
Rear Subframe Bushing FEBEST 2003 Volvo XC90 VLAB-XC90SSR,FEBEST,,General,UNCLASSIFIED,USED,NEW,OEM,34.16,USD,VLAB-XC90SSR,398121184080,VLAB-XC90SSR,VLAB-XC90SSR,,,https://www.ebay.com/itm/398121184080,2,CONFIRMED,,,,,,,,,,
Used Heat Shield Porsche Cayenne S 2008 OEM 95550551610,Porsche,,General,UNCLASSIFIED,USED,NEW,OEM,74.46,USD,POR-CAY-9697-BP-FF,398121184108,95550551610,95550551610,,,https://www.ebay.com/itm/398121184108,1,CONFIRMED,,,,,,,,,,
Used Front Door Speaker Porsche Cayenne S 2008 OEM 95564502001,Porsche,,Body,UNCLASSIFIED,USED,NEW,OEM,126.56,USD,POR-CAY-9697-EL-PPPP,398121184141,95564502001,95564502001,,,https://www.ebay.com/itm/398121184141,1,CONFIRMED,,,,,,,,,,
Used Engine Compartment Insulation Porsche Cayenne 2008 OEM 95555671501,Porsche,,Engine,UNCLASSIFIED,USED,NEW,OEM,59.57,USD,POR-CAY-9697-BN-T,398121184193,95555671501,95555671501,,,https://www.ebay.com/itm/398121184193,1,CONFIRMED,,,,,,,,,,
Used Oil Cooler Transmission Output Hose BMW 335i...,Toyota,,Transmission,UNCLASSIFIED,USED,NEW,OEM,48.09,USD,TOY-CAM-9731-RF-G,398121184197,"",,,,https://www.ebay.com/itm/398121184197,1,NEEDS_REVIEW,,,,,,,,,,
Used Wireless Door Lock Buzzer Toyota Corolla Cross 2022 OEM ...,Toyota Corolla,,Body,UNCLASSIFIED,USED,NEW,OEM,43.69,USD,TOY-CRL-5167-WDL-1,398121184268,"",,,,https://www.ebay.com/itm/398121184268,1,CONFIRMED,,,,,,,,,,
Used Wheel Speed Sensor ABS Lexus IS 250 2007 OEM 89543-30260,Lexus,,Electrical,UNCLASSIFIED,USED,NEW,OEM,122.4,USD,LEX-IS-1277-BR-L,398121184341,89543-30260,89543-30260,,,https://www.ebay.com/itm/398121184341,1,CONFIRMED,,,,,,,,,,
Used Rubber Covered Hose BMW X5 2008 OEM 34326777715,BMW,,General,UNCLASSIFIED,USED,NEW,OEM,52.45,USD,BMW-X5-4619-BR-S,398121184369,34326777715,34326777715,,,https://www.ebay.com/itm/398121184369,1,CONFIRMED,,,,,,,,,,
Rear Tow Hook Bushing Toyota Corolla 1992-1997 TAB-018,FEBEST,,General,UNCLASSIFIED,USED,NEW,OEM,86.72,USD,TAB-018,398121184397,TAB-018,TAB-018,,,https://www.ebay.com/itm/398121184397,2,CONFIRMED,,,,,,,,,,
Used Antenna Assembly Lexus IS 250 2007 Cord OEM 86101-53480,Lexus,,General,UNCLASSIFIED,USED,NEW,OEM,52.48,USD,LEX-IS-1277-DB-II,398121184475,86101-53480,86101-53480,,,https://www.ebay.com/itm/398121184475,1,CONFIRMED,,,,,,,,,,
Used Fuel Hose Audi A6 Quattro 2011 OEM 06E127513C,Audi,,General,UNCLASSIFIED,USED,NEW,OEM,79.07,USD,AUD-QUA-4094-EN-XX,398121184479,06E127513C,06E127513C,,,https://www.ebay.com/itm/398121184479,1,CONFIRMED,,,,,,,,,,
FEBEST 1997-2001 Honda CR-V Right Rear Stabilizer Link 032...,FEBEST,,General,UNCLASSIFIED,USED,NEW,OEM,86.72,USD,0323-208,398121184481,0323-208,0323-208,,,https://www.ebay.com/itm/398121184481,2,CONFIRMED,,,,,,,,,,
Used Antenna Amplifier Audi Q7 2007 OEM 4L0035225J,Audi,,General,UNCLASSIFIED,USED,NEW,OEM,43.71,USD,SAPOP16-SJ-809,398121184572,4L0035225J,4L0035225J,,,https://www.ebay.com/itm/398121184572,1,CONFIRMED,,,,,,,,,,
Rear Crossmember Bushing Subaru Forester SAB-020 February 2012-2020,FEBEST,,General,UNCLASSIFIED,USED,NEW,OEM,86.72,USD,SAB-020,398121184639,SAB-020,SAB-020,,,https://www.ebay.com/itm/398121184639,2,CONFIRMED,,,,,,,,,,
Rear Differential Bushing FEBEST Great Wall GWAB-005,FEBEST,,Transmission,UNCLASSIFIED,USED,NEW,OEM,34.16,USD,GWAB-005,398121184661,GWAB-005,GWAB-005,,,https://www.ebay.com/itm/398121184661,2,NEEDS_REVIEW,,,,,,,,,,
Used Dashboard Support Cover Lexus LX570 2010-2020 5539460020C0,Lexus,,Interior,UNCLASSIFIED,USED,NEW,OEM,43.79,USD,SAPOP47-GB-825,398121184721,5539460020C0,5539460020C0,,,https://www.ebay.com/itm/398121184721,1,CONFIRMED,,,,,,,,,,
Used Heat Shield Volkswagen Tiguan 2010 OEM 5N0825671B,Volkwagen,,General,UNCLASSIFIED,USED,NEW,OEM,65.69,USD,VOL-TIG-0710-CH-HHHHH,398121184738,5N0825671B,5N0825671B,,,https://www.ebay.com/itm/398121184738,1,CONFIRMED,,,,,,,,,,
Front Stabilizer Link Bushing FEBEST for 2007 Toyota Land Cruiser...,FEBEST,,General,UNCLASSIFIED,USED,NEW,OEM,34.16,USD,TSB-718,398121184765,TSB-718,TSB-718,,,https://www.ebay.com/itm/398121184765,2,NOT_VERIFIED,,,,,,,,,,
Tensioner Pulley OEM ZJ0115980B for 2008 Mazda 3 Used,Mazda,,General,UNCLASSIFIED,USED,NEW,OEM,65.35,USD,MAZ-MZ3-2088-EN-ZZ,398121184821,ZJ0115980B,ZJ0115980B,,,https://www.ebay.com/itm/398121184821,1,CONFIRMED,,,,,,,,,,
Rear Control Arm Bushing FEBEST for 2009-2017 BMW X3 BMAB-021Z,FEBEST,,Suspension,UNCLASSIFIED,USED,NEW,OEM,37.04,USD,SAP-17755,398121184857,BMAB-021Z,BMAB-021Z,,,https://www.ebay.com/itm/398121184857,3,CONFIRMED,,,,,,,,,,
Dashboard Reinforcement OEM 4780921AC for 2013 Dodge Challenger Used,Dodge,,Interior,UNCLASSIFIED,USED,NEW,OEM,109.28,USD,DOG-CHG-3627-DB-HHH,398121184965,4780921AC,4780921AC,,,https://www.ebay.com/itm/398121184965,1,CONFIRMED,,,,,,,,,,
Control Arm Bushing FEBEST for 1991-1996 Toyota Camry TAB-076,FEBEST,,Suspension,UNCLASSIFIED,USED,NEW,OEM,86.72,USD,TAB-076,398121184972,TAB-076,TAB-076,,,https://www.ebay.com/itm/398121184972,2,CONFIRMED,,,,,,,,,,
Front Stabilizer Sway Bar Link FEBEST for 2007-2008 Cadillac BLS 2223-SORF,FEBEST,,Suspension,UNCLASSIFIED,USED,NEW,OEM,34.16,USD,2223-SORF,398121185143,2223-SORF,2223-SORF,,,https://www.ebay.com/itm/398121185143,2,CONFIRMED,,,,,,,,,,
Lower Control Arm Bushing FEBEST for BMW BMSI-F25LOWF,FEBEST,,Suspension,UNCLASSIFIED,USED,NEW,OEM,34.16,USD,BMSI-F25LOWF,398121185187,BMSI-F25LOWF,BMSI-F25LOWF,,,https://www.ebay.com/itm/398121185187,2,NEEDS_REVIEW,,,,,,,,,,
Solar Charge Sensor OEM J9C6214 for 2018 Jaguar F-Pace Used,Jaguar,,Electrical,UNCLASSIFIED,USED,NEW,OEM,48.08,USD,SAPOP24-SJ-102,398121185247,J9C6214,J9C6214,,,https://www.ebay.com/itm/398121185247,1,CONFIRMED,,,,,,,,,,
Suspension Control Arm OEM 4G0407694J for 2011 Audi A6 Quattro Used,Audi,,Suspension,UNCLASSIFIED,USED,NEW,OEM,157.36,USD,AUD-QUA-4094-SU-B,398121185274,4G0407694J,4G0407694J,,,https://www.ebay.com/itm/398121185274,1,CONFIRMED,,,,,,,,,,
Front Dashboard Assembly OEM for 2016 Ford Fiesta Used...,Ford,,Interior,UNCLASSIFIED,USED,NEW,OEM,209.82,USD,FOR-FIE-0110-CH-A,398121185294,"",,,,https://www.ebay.com/itm/398121185294,1,CONFIRMED,,,,,,,,,,
Right Front Windshield Wiper Arm OEM 61617182594 for 2012 BMW 740Li Used,BMW,,General,UNCLASSIFIED,USED,NEW,OEM,87.43,USD,BMW-740-C576-WS1-C,398121185347,61617182594,61617182594,,,https://www.ebay.com/itm/398121185347,1,CONFIRMED,,,,,,,,,,
Engine Air Intake Hose OEM 7L0129684B for 2007 Audi Q7 Used,Audi,,Engine,UNCLASSIFIED,USED,NEW,OEM,96.35,USD,AUD-Q7-8323-EN-QQQ,398121185357,7L0129684B,7L0129684B,,,https://www.ebay.com/itm/398121185357,1,CONFIRMED,,,,,,,,,,
Intercooler Hose OEM 1K0145838AG for 2017 Volkswagen Tiguan Used,VolksWagen,,General,UNCLASSIFIED,USED,NEW,OEM,43.71,USD,SAPOP40-SJ-564,398121185370,1K0145838AG,1K0145838AG,,,https://www.ebay.com/itm/398121185370,1,CONFIRMED,,,,,,,,,,
Automatic Transmission Oil Cooling Hose for 2017 Jaguar F-Pace...,Jaguar,,Transmission,UNCLASSIFIED,USED,NEW,OEM,100.54,USD,SAPOP24-SJ-781,398121185381,"",,,,https://www.ebay.com/itm/398121185381,1,CONFIRMED,,,,,,,,,,
Sunroof Switch OEM 4L0959561A13U for 2007 Audi Q7 Used,Audi,,General,UNCLASSIFIED,USED,NEW,OEM,52.55,USD,AUD-Q7-8323-LT-V,398121185407,4L0959561A13U,4L0959561A13U,,,https://www.ebay.com/itm/398121185407,1,CONFIRMED,,,,,,,,,,
Front Lower Control Arm Bushing FEBEST TAB-465,FEBEST,,Suspension,UNCLASSIFIED,USED,NEW,OEM,86.72,USD,TAB-465,398121185499,TAB-465,TAB-465,,,https://www.ebay.com/itm/398121185499,2,NEEDS_REVIEW,,,,,,,,,,
Ignition Immobilizer Module for 2010 Volkswagen Tiguan Beetle Used O...,Volkwagen,,Electrical,UNCLASSIFIED,USED,NEW,OEM,61.3,USD,VOL-TIG-0710-DB-TT,398121185554,"",,,,https://www.ebay.com/itm/398121185554,1,CONFIRMED,,,,,,,,,,
Parking Brake Lever OEM 46602-50050 for 2007 Lexus LS460 Used,Lexus,,Brakes,UNCLASSIFIED,USED,NEW,OEM,131.42,USD,LEX-LS-3145-BR-E,398121185588,46602-50050,46602-50050,,,https://www.ebay.com/itm/398121185588,1,CONFIRMED,,,,,,,,,,
Trunk Motor Closure Actuator OEM 857... for 2007 Lexus LS 460 Used,Lexus,,Engine,UNCLASSIFIED,USED,NEW,OEM,131.13,USD,LEX-LS-3145-TK-N,398121185659,"",,,,https://www.ebay.com/itm/398121185659,1,CONFIRMED,,,,,,,,,,
Engine Oil Fill Cap OEM 079... for 2011 Audi A6 Quattro Used,Audi,,Engine,UNCLASSIFIED,USED,NEW,OEM,43.8,USD,AUD-QUA-4094-EN-HHH,398121185689,"",,,,https://www.ebay.com/itm/398121185689,1,CONFIRMED,,,,,,,,,,
Rear Suspension Control Arm Bushing FEBEST BAB-002Z,FEBEST,,Suspension,UNCLASSIFIED,USED,NEW,OEM,86.72,USD,BAB-002Z,398121185695,BAB-002Z,BAB-002Z,,,https://www.ebay.com/itm/398121185695,2,NEEDS_REVIEW,,,,,,,,,,
Door Lock Cylinder Cover OEM T2H17446 for 2018 Jaguar F-Pace Used,Jaguar,,Engine,UNCLASSIFIED,USED,NEW,OEM,43.71,USD,SAPOP24-SJ-708,398121185744,T2H17446,T2H17446,,,https://www.ebay.com/itm/398121185744,1,CONFIRMED,,,,,,,,,,
Brake Hose OEM 90947-02E69 for 2007 Lexus LS460 Used,FEBEST,,Brakes,UNCLASSIFIED,USED,NEW,OEM,86.72,USD,NAB-117,398121185755,NAB-117; 90947-02E69,NAB-117,,,https://www.ebay.com/itm/398121185755,2,CONFIRMED,,,,,,,,,,
Upper Control Arm Bushing FEBEST for 2007 Mazda MZAB-087,FEBEST,,Suspension,UNCLASSIFIED,USED,NEW,OEM,86.72,USD,MZAB-087,398121185838,MZAB-087,MZAB-087,,,https://www.ebay.com/itm/398121185838,2,NEEDS_REVIEW,,,,,,,,,,
Rear Control Rod Bushing FEBEST for 2007-2014 Ford Edge FDAB-037,FEBEST,,General,UNCLASSIFIED,USED,NEW,OEM,34.82,USD,SAP-18020,398121185866,FDAB-037,FDAB-037,,,https://www.ebay.com/itm/398121185866,3,CONFIRMED,,,,,,,,,,
Rear Subframe Bushing FEBEST for 2014-2018 Infiniti QX60 NAB-329,FEBEST,,General,UNCLASSIFIED,USED,NEW,OEM,60.05,USD,SAP-17658,398121185923,NAB-329,NAB-329,,,https://www.ebay.com/itm/398121185923,3,CONFIRMED,,,,,,,,,,
Engine Mount OEM 22887775 for 2011 Cadillac CTS Used,Cadillac,,Engine,UNCLASSIFIED,USED,NEW,OEM,87.41,USD,CAD-CTS-7984-EN-B,398121185944,22887775,22887775,,,https://www.ebay.com/itm/398121185944,1,CONFIRMED,,,,,,,,,,
Differential Mount Bushing FEBEST for 2013 Mazda CX-5 MZAB-153,FEBEST,,Transmission,UNCLASSIFIED,USED,NEW,OEM,86.72,USD,MZAB-153,398121185975,MZAB-153,MZAB-153,,,https://www.ebay.com/itm/398121185975,2,CONFIRMED,,,,,,,,,,
Door Lock Cylinder OEM 95553103401 for 2008 Porsche Cayenne Used,Porsche,,Engine,UNCLASSIFIED,USED,NEW,OEM,162.11,USD,POR-CAY-9697-DR1-R,398121186021,95553103401,95553103401,,,https://www.ebay.com/itm/398121186021,1,CONFIRMED,,,,,,,,,,
Engine Air Intake Hose OEM T2H6635 for 2017 Jaguar XF Used,Jaguar,,Engine,UNCLASSIFIED,USED,NEW,OEM,52.44,USD,JAG-XF-9202-AI-D,398121186040,T2H6635,T2H6635,,,https://www.ebay.com/itm/398121186040,1,CONFIRMED,,,,,,,,,,
Engine Oil Level Sensor OEM 89491-50041 for 2007 Lexus LS460 Used,Lexus,,Engine,UNCLASSIFIED,USED,NEW,OEM,83.19,USD,LEX-LS-3145-EN-S,398121186142,89491-50041,89491-50041,,,https://www.ebay.com/itm/398121186142,1,CONFIRMED,,,,,,,,,,
Rear Control Arm Bushing FEBEST TAB-600,FEBEST,,Suspension,UNCLASSIFIED,USED,NEW,OEM,59.87,USD,SAP-21753,398121186195,TAB-600,TAB-600,,,https://www.ebay.com/itm/398121186195,3,NEEDS_REVIEW,,,,,,,,,,
Rear Stabilizer Link FEBEST for 2003-2008 Honda Accord Right 0...,FEBEST,,General,UNCLASSIFIED,USED,NEW,OEM,86.72,USD,0323-020,398121186220,0323-020,0323-020,,,https://www.ebay.com/itm/398121186220,2,CONFIRMED,,,,,,,,,,
Front Stabilizer Link Left FEBEST for Tesla Motors 6723-MSFLH,FEBEST,,Engine,UNCLASSIFIED,USED,NEW,OEM,42.92,USD,6723-MSFLH,398121186238,6723-MSFLH,6723-MSFLH,,,https://www.ebay.com/itm/398121186238,2,NEEDS_REVIEW,,,,,,,,,,
Headlight Washer Cover OEM 61677171659 for 2009 BMW 335i Used,BMW,,General,UNCLASSIFIED,USED,NEW,OEM,52.45,USD,BMW-35i-2687-WS1-AA,398121186299,61677171659,61677171659,,,https://www.ebay.com/itm/398121186299,1,CONFIRMED,,,,,,,,,,
Windshield Wiper Motor Assembly OEM 85110-33430 for 2018 Toyota Camry Used,Toyota,,Engine,UNCLASSIFIED,USED,NEW,OEM,122.41,USD,TOY-CAM-9731-WS1-A,398121186305,85110-33430,85110-33430,,,https://www.ebay.com/itm/398121186305,1,CONFIRMED,,,,,,,,,,
Front Stabilizer Bushing Kit FEBEST BMSB-F20F-KIT for BMW,FEBEST,,General,UNCLASSIFIED,USED,NEW,OEM,42.92,USD,BMSB-F20F-KIT,398121186395,BMSB-F20F-KIT,BMSB-F20F-KIT,,,https://www.ebay.com/itm/398121186395,2,NEEDS_REVIEW,,,,,,,,,,
Front Control Arm with Front Bushing FEBEST TAB-S412S,FEBEST,,Suspension,UNCLASSIFIED,USED,NEW,OEM,28.66,USD,SAP-17660,398121186439,TAB-S412S,TAB-S412S,,,https://www.ebay.com/itm/398121186439,3,NEEDS_REVIEW,,,,,,,,,,
Front Stabilizer Link FEBEST for 2000-2007 Subaru Impreza 0823-20AL,FEBEST,,General,UNCLASSIFIED,USED,NEW,OEM,86.72,USD,0823-20AL,398121186527,0823-20AL,0823-20AL,,,https://www.ebay.com/itm/398121186527,2,CONFIRMED,,,,,,,,,,
Used OEM Rail End for Toyota Corolla 2019 5761502920,Toyota Corolla,,General,UNCLASSIFIED,USED,NEW,OEM,87.39,USD,SAPOP52-MT-387,398121186667,RAIL,RAIL,,,https://www.ebay.com/itm/398121186667,1,CONFIRMED,,,,,,,,,,
Used OEM Front Wheel Well Liner for Audi A6 Quattro 2011 4G0098629,Audi,,Wheels,UNCLASSIFIED,USED,NEW,OEM,43.8,USD,AUD-QUA-4094-FD1-C,398121186712,FRONT; 4G0098629,FRONT,,,https://www.ebay.com/itm/398121186712,1,CONFIRMED,,,,,,,,,,
Used OEM Engine Oil Pan for Porsche Cayenne 2008 95510705501,Porsche,,Engine,UNCLASSIFIED,USED,NEW,OEM,132.26,USD,POR-CAY-9697-EN-NN,398121186716,ENGINE,ENGINE,,,https://www.ebay.com/itm/398121186716,1,CONFIRMED,,,,,,,,,,
Fuel Vapor Feed Pipe for Lexus LS430 2002 2382950150,Lexus,,General,UNCLASSIFIED,USED,NEW,OEM,43.71,USD,SAPOP42-MT-112,398121186753,"",,,,https://www.ebay.com/itm/398121186753,1,CONFIRMED,,,,,,,,,,
Used OEM Air Intake Hose for Ford Fiesta 2016...,Ford,,General,UNCLASSIFIED,USED,NEW,OEM,52.46,USD,FOR-FIE-0110-AI-A,398121186854,"",,,,https://www.ebay.com/itm/398121186854,1,CONFIRMED,,,,,,,,,,
Used OEM Parking Sensor for Jaguar XF 2017 JDE28658,Jaguar,,Electrical,UNCLASSIFIED,USED,NEW,OEM,52.45,USD,JAG-XF-9202-BP2-P,398121187067,PARKING; JDE28658,PARKING,,,https://www.ebay.com/itm/398121187067,1,CONFIRMED,,,,,,,,,,
Used OEM Protection Plate for Audi Q7 2007 7L0615703,Audi,,General,UNCLASSIFIED,USED,NEW,OEM,52.53,USD,AUD-Q7-8323-BR-AAA,398121187130,PROTECTION; 7L0615703,PROTECTION,,,https://www.ebay.com/itm/398121187130,1,CONFIRMED,,,,,,,,,,
Used OEM Front Bumper Assembly for BMW 740Li 2012 51118049635,BMW,,Body,UNCLASSIFIED,USED,NEW,OEM,869.98,USD,BMW-740-C576-BP1-A,398121187235,FRONT,FRONT,,,https://www.ebay.com/itm/398121187235,1,CONFIRMED,,,,,,,,,,
Used OEM Dashboard Radio Display for Mazda 3 2008 BP4R611J0A,Mazda,,Interior,UNCLASSIFIED,USED,NEW,OEM,157.37,USD,MAZ-MZ3-2088-EL-II,398121187318,DASHBOARD; BP4R611J0A,DASHBOARD,,,https://www.ebay.com/itm/398121187318,1,CONFIRMED,,,,,,,,,,
Used OEM Front Air Intake Duct for Jaguar F-Pace 2018 T2H15664,Jaguar,,General,UNCLASSIFIED,USED,NEW,OEM,87.39,USD,SAPOP24-SJ-100,398121187349,FRONT; T2H15664,FRONT,,,https://www.ebay.com/itm/398121187349,1,CONFIRMED,,,,,,,,,,
Used OEM Driveshaft for Jaguar F-Pace 2018 T4A3283,Jaguar,,General,UNCLASSIFIED,USED,NEW,OEM,236.05,USD,SAPOP24-SJ-769,398121187365,DRIVESHAFT; T4A3283,DRIVESHAFT,,,https://www.ebay.com/itm/398121187365,1,CONFIRMED,,,,,,,,,,
Used OEM Cup Holder for BMW 740Li 2012 51169113863,BMW,,General,UNCLASSIFIED,USED,NEW,OEM,87.43,USD,BMW-740-C576-CC-P,398121187441,"",,,,https://www.ebay.com/itm/398121187441,1,CONFIRMED,,,,,,,,,,
Used OEM Fuel Pressure Sensor for Jaguar F-Pace 2018 T2H19878,Jaguar,,Electrical,UNCLASSIFIED,USED,NEW,OEM,91.79,USD,SAPOP24-SJ-157,398121187446,FUEL; T2H19878,FUEL,,,https://www.ebay.com/itm/398121187446,1,CONFIRMED,,,,,,,,,,
Used OEM Engine Control Module Bracket for Jaguar XF 2017 T2H7827,Jaguar,,Engine,UNCLASSIFIED,USED,NEW,OEM,48.07,USD,JAG-XF-9202-EN-E,398121187479,ENGINE; T2H7827,ENGINE,,,https://www.ebay.com/itm/398121187479,1,CONFIRMED,,,,,,,,,,
Front Stabilizer Bushing FEBEST VAG ADSB-001,FEBEST,,General,UNCLASSIFIED,USED,NEW,OEM,34.16,USD,ADSB-001,398121187528,ADSB-001,ADSB-001,,,https://www.ebay.com/itm/398121187528,2,NEEDS_REVIEW,,,,,,,,,,
Used OEM Door Lock Control Rod for BMW 335i 2009 51217119600,BMW,,Body,UNCLASSIFIED,USED,NEW,OEM,93.54,USD,BMW-35i-2687-DR2-K,398121187574,DOOR,DOOR,,,https://www.ebay.com/itm/398121187574,1,CONFIRMED,,,,,,,,,,
Used OEM Body Control Module Bracket for Cadillac CTS 2011...,Cadillac,,Electrical,UNCLASSIFIED,USED,NEW,OEM,52.54,USD,CAD-CTS-7984-DB-WW,398121187592,BODY,BODY,,,https://www.ebay.com/itm/398121187592,1,CONFIRMED,,,,,,,,,,
Steering Knuckle Bushing for Honda Insight FEBEST 2011-2022 HAB-210,FEBEST,,General,UNCLASSIFIED,USED,NEW,OEM,86.72,USD,HAB-210,398121187652,HAB-210,HAB-210,,,https://www.ebay.com/itm/398121187652,2,CONFIRMED,,,,,,,,,,
Front Stabilizer Bushing FEBEST MERCEDES-BENZ BZSB-251F,FEBEST,,General,UNCLASSIFIED,USED,NEW,OEM,86.72,USD,BZSB-251F,398121187711,BZSB-251F,BZSB-251F,,,https://www.ebay.com/itm/398121187711,2,NEEDS_REVIEW,,,,,,,,,,
Rear Control Arm Bushing FEBEST MITSUBISHI MAB-062,FEBEST,,Suspension,UNCLASSIFIED,USED,NEW,OEM,34.16,USD,MAB-062,398121187748,MAB-062,MAB-062,,,https://www.ebay.com/itm/398121187748,2,NEEDS_REVIEW,,,,,,,,,,
Used OEM Stop Light Switch for Toyota Corolla 2019 8434009310,Toyota Corolla,,General,UNCLASSIFIED,USED,NEW,OEM,43.7,USD,SAPOP52-MT-229,398121187845,STOP,STOP,,,https://www.ebay.com/itm/398121187845,1,CONFIRMED,,,,,,,,,,
Rear Cross Rod Bushing FEBEST NISSAN SZAB-053,FEBEST,,General,UNCLASSIFIED,USED,NEW,OEM,86.72,USD,SZAB-053,398121187862,SZAB-053,SZAB-053,,,https://www.ebay.com/itm/398121187862,2,NEEDS_REVIEW,,,,,,,,,,
Rear Crossmember Bushing for Mazda CX-5 February 2013-2017 MZAB-159,FEBEST,,General,UNCLASSIFIED,USED,NEW,OEM,50.76,USD,SAP-21805,398121187873,MZAB-159,MZAB-159,,,https://www.ebay.com/itm/398121187873,3,CONFIRMED,,,,,,,,,,
Used OEM Engine Coolant Overflow Pipe for Audi TT 2009 8J0...,Audi,,Engine,UNCLASSIFIED,USED,NEW,OEM,47.9,USD,AUD-TT-4018- CL-W,398121187876,ENGINE,ENGINE,,,https://www.ebay.com/itm/398121187876,1,CONFIRMED,,,,,,,,,,
Used OEM Seat Back Cushion for BMW X5 2008 52107156992,BMW,,Interior,UNCLASSIFIED,USED,NEW,OEM,104.91,USD,BMW-X5-4619-ST1-A,398121187892,SEAT,SEAT,,,https://www.ebay.com/itm/398121187892,2,NOT_VERIFIED,,,,,,,,,,
Used OEM Turbocharger Intercooler Pipe for Volkswagen Tiguan 2017...,VolksWagen,,General,UNCLASSIFIED,USED,NEW,OEM,48.08,USD,SAPOP40-SJ-563,398121187922,TURBOCHARGER,TURBOCHARGER,,,https://www.ebay.com/itm/398121187922,1,CONFIRMED,,,,,,,,,,
Front Stabilizer Link FEBEST Tesla 6723-M3FRH,FEBEST,,General,UNCLASSIFIED,USED,NEW,OEM,61.31,USD,6723-M3FRH,398121187964,6723-M3FRH,6723-M3FRH,,,https://www.ebay.com/itm/398121187964,2,NEEDS_REVIEW,,,,,,,,,,
Rear Stabilizer Link for Audi A1 February 2011-2018 2323-B6R,FEBEST,,General,UNCLASSIFIED,USED,NEW,OEM,86.72,USD,2323-B6R,398121187979,2323-B6R,2323-B6R,,,https://www.ebay.com/itm/398121187979,2,CONFIRMED,,,,,,,,,,
Used OEM Engine for Lexus IS250 2007 Front Cover 5141053060,Lexus,,Engine,UNCLASSIFIED,USED,NEW,OEM,327.83,USD,LEX-IS-1277-EN-N,398121188119,ENGINE,ENGINE,,,https://www.ebay.com/itm/398121188119,1,CONFIRMED,,,,,,,,,,
Used OEM Active Suspension Control Module for Jaguar XF F-Type 2017...,Jaguar,,Suspension,UNCLASSIFIED,USED,NEW,OEM,87.41,USD,JAG-XF-9202-SU-V,398121188207,ACTIVE,ACTIVE,,,https://www.ebay.com/itm/398121188207,1,CONFIRMED,,,,,,,,,,
Used OEM Headlight Bracket for BMW 335i 51117156557,BMW,,General,UNCLASSIFIED,USED,NEW,OEM,63.26,USD,BMW-35i-2687-LT1-L,398121188258,HEADLIGHT,HEADLIGHT,,,https://www.ebay.com/itm/398121188258,1,NEEDS_REVIEW,,,,,,,,,,
Rear Control Arm Bushing for Toyota Previa FEBEST 1991-1997 TAB-057,FEBEST,,Suspension,UNCLASSIFIED,USED,NEW,OEM,86.72,USD,TAB-057,398121188270,TAB-057,TAB-057,,,https://www.ebay.com/itm/398121188270,2,CONFIRMED,,,,,,,,,,
Front Control Arm Bushing FEBEST MAZDA MZAB-050,FEBEST,,Suspension,UNCLASSIFIED,USED,NEW,OEM,86.72,USD,MZAB-050,398121188307,MZAB-050,MZAB-050,,,https://www.ebay.com/itm/398121188307,2,NEEDS_REVIEW,,,,,,,,,,
Used OEM Headlight Level Control Switch for Volkswagen Tiguan 2010...,Volkwagen,,General,UNCLASSIFIED,USED,NEW,OEM,52.54,USD,VOL-TIG-0710-DB-EEE,398121188345,HEADLIGHT,HEADLIGHT,,,https://www.ebay.com/itm/398121188345,1,CONFIRMED,,,,,,,,,,
Rear Knuckle Bushing for Hyundai Sonata FEBEST 1999-2006 HYAB-EF2,FEBEST,,General,UNCLASSIFIED,USED,NEW,OEM,86.72,USD,HYAB-EF2,398121188374,HYAB-EF2,HYAB-EF2,,,https://www.ebay.com/itm/398121188374,2,CONFIRMED,,,,,,,,,,
Used OEM Fog Light Assembly for Mercedes GL500 2008 A1698201656,Mercedes-Benz,,General,UNCLASSIFIED,USED,NEW,OEM,52.55,USD,MRC-GL5-9750-LT2-B,398121188578,A1698201656,A1698201656,,,https://www.ebay.com/itm/398121188578,1,CONFIRMED,,,,,,,,,,
Right Front Stabilizer Link for BMW X3 February 2017 1923-G01FR,FEBEST,,General,UNCLASSIFIED,USED,NEW,OEM,42.92,USD,1923-G01FR,398121188583,1923-G01FR,1923-G01FR,,,https://www.ebay.com/itm/398121188583,2,CONFIRMED,,,,,,,,,,
Rear Stabilizer Bushing FEBEST 1991-2002 TOYOTA COROLLA TSB-712,FEBEST,,General,UNCLASSIFIED,USED,NEW,OEM,86.72,USD,TSB-712,398121188617,TSB-712,TSB-712,,,https://www.ebay.com/itm/398121188617,2,CONFIRMED,,,,,,,,,,
Used OEM High Pressure Fuel Line for BMW 335i 2009 13537536566,BMW,,General,UNCLASSIFIED,USED,NEW,OEM,52.44,USD,BMW-35i-2687-FL-A,398121188630,HIGH,HIGH,,,https://www.ebay.com/itm/398121188630,1,CONFIRMED,,,,,,,,,,
Brake Vacuum Hose for Toyota Corolla Union to Check Valve 2018-2019 44...,Toyota Corolla,,Brakes,UNCLASSIFIED,USED,NEW,OEM,43.8,USD,SAPOP52-AL-144,398121188666,"",,,,https://www.ebay.com/itm/398121188666,1,CONFIRMED,,,,,,,,,,
Rear Stabilizer Link FEBEST 2006-2011 Hyundai Elantra 1223-ENR,FEBEST,,General,UNCLASSIFIED,USED,NEW,OEM,86.72,USD,1223-ENR,398121188716,1223-ENR,1223-ENR,,,https://www.ebay.com/itm/398121188716,2,CONFIRMED,,,,,,,,,,
Center Console Partition BMW 335i 2009 Used OEM 51169162980,BMW,,Interior,UNCLASSIFIED,USED,NEW,OEM,148.62,USD,BMW-35i-2687-CC-Q,398121188815,51169162980,51169162980,,,https://www.ebay.com/itm/398121188815,1,CONFIRMED,,,,,,,,,,
Dashboard Ventilation Porsche Cayenne 2008 Used OEM 9555522280,Porsche,,Interior,UNCLASSIFIED,USED,NEW,OEM,52.57,USD,POR-CAY-9697-DB-BB,398121188870,9555522280,9555522280,,,https://www.ebay.com/itm/398121188870,1,CONFIRMED,,,,,,,,,,
Heater Blend Door Actuator Audi Q5 2009-2017 Used K9749006,AUDI,,Body,UNCLASSIFIED,USED,NEW,OEM,83.05,USD,BLA-03917,398121188880,K9749006,K9749006,,,https://www.ebay.com/itm/398121188880,1,CONFIRMED,,,,,,,,,,
Water Outlet Jaguar F-Pace 2018 Used OEM JDE38625,Jaguar,,General,UNCLASSIFIED,USED,NEW,OEM,48.06,USD,SAPOP24-SJ-72,398121188886,JDE38625,JDE38625,,,https://www.ebay.com/itm/398121188886,1,CONFIRMED,,,,,,,,,,
Fuel Connection Hose Audi TT 2009 Used OEM 8J0201994M,Audi,,General,UNCLASSIFIED,USED,NEW,OEM,87.59,USD,AUD-TT-4018-FL-N,398121188950,8J0201994M,8J0201994M,,,https://www.ebay.com/itm/398121188950,1,CONFIRMED,,,,,,,,,,
Rear Trailing Arm Bushing Febest MZAB-116,FEBEST,,General,UNCLASSIFIED,USED,NEW,OEM,86.72,USD,MZAB-116,398121189027,MZAB-116,MZAB-116,,,https://www.ebay.com/itm/398121189027,2,NEEDS_REVIEW,,,,,,,,,,
Rear Control Arm Bushing Febest TAB-451,FEBEST,,Suspension,UNCLASSIFIED,USED,NEW,OEM,33.14,USD,SAP-21225,398121189031,TAB-451,TAB-451,,,https://www.ebay.com/itm/398121189031,3,NEEDS_REVIEW,,,,,,,,,,
Front Stabilizer Bar Bushing FEBEST MITSUBISHI MSB-Z21F,FEBEST,,General,UNCLASSIFIED,USED,NEW,OEM,86.72,USD,MSB-Z21F,398121189050,MSB-Z21F,MSB-Z21F,,,https://www.ebay.com/itm/398121189050,2,NEEDS_REVIEW,,,,,,,,,,
Dashboard Spacer Toyota Corolla 2019 Used OEM 5513802051,Toyota Corolla,,Interior,UNCLASSIFIED,USED,NEW,OEM,43.69,USD,SAPOP52-MT-371,398121189061,5513802051,5513802051,,,https://www.ebay.com/itm/398121189061,1,CONFIRMED,,,,,,,,,,
Engine Connecting Rod Audi A3 2015 Used OEM 03H198401A,Audi,,Engine,UNCLASSIFIED,USED,NEW,OEM,106.45,USD,AUDI-Q7-1712-ECR-2,398121189096,03H198401A,03H198401A,,,https://www.ebay.com/itm/398121189096,1,CONFIRMED,,,,,,,,,,
Lower Control Arm Bushing Febest Suzuki 09319-12044 SZAB...,FEBEST,,Suspension,UNCLASSIFIED,USED,NEW,OEM,31.69,USD,SAP-17666,398121189124,SZAB-001,SZAB-001,,,https://www.ebay.com/itm/398121189124,3,NEEDS_REVIEW,,,,,,,,,,
2009 BMW 335i Shift Lever ASSY Auto Trans Steptronic Used OEM...,BMW,,Transmission,UNCLASSIFIED,USED,NEW,OEM,87.42,USD,BMW-35i-2687-TR-X,398121189133,"",,,,https://www.ebay.com/itm/398121189133,1,CONFIRMED,,,,,,,,,,
Wheel Arch Trim Volkswagen Tiguan 2010 Used OEM 5N0853817C,Volkwagen,,Wheels,UNCLASSIFIED,USED,NEW,OEM,96.34,USD,VOL-TIG-0710-CH-P,398121189283,5N0853817C,5N0853817C,,,https://www.ebay.com/itm/398121189283,1,CONFIRMED,,,,,,,,,,
Volkswagen Tiguan Uniside 2010 Used OEM 5N0809835,Volkwagen,,General,UNCLASSIFIED,USED,NEW,OEM,613.38,USD,VOL-TIG-0710-CH-MMM,398121189293,5N0809835,5N0809835,,,https://www.ebay.com/itm/398121189293,1,CONFIRMED,,,,,,,,,,
Rear Stabilizer Bar Bushing FEBEST 1998-2007 Lexus LX470 TSB-767,FEBEST,,General,UNCLASSIFIED,USED,NEW,OEM,86.72,USD,TSB-767,398121189354,TSB-767,TSB-767,,,https://www.ebay.com/itm/398121189354,2,CONFIRMED,,,,,,,,,,
"Febest Bushing, Front Lower Control Arm BZAB-013",FEBEST,,Suspension,UNCLASSIFIED,USED,NEW,OEM,86.72,USD,BZAB-013,398121189409,BZAB-013,BZAB-013,,,https://www.ebay.com/itm/398121189409,2,NEEDS_REVIEW,,,,,,,,,,
Front Shock Absorber Bushing Lincoln Mark LT February 2006-2014 FDAB-035,FEBEST,,Suspension,UNCLASSIFIED,USED,NEW,OEM,31.6,USD,SAP-15374,398121189442,FDAB-035,FDAB-035,,,https://www.ebay.com/itm/398121189442,3,NOT_VERIFIED,,,,,,,,,,
Control Arm Bushing Febest Mitsubishi for Lower Lateral Control Arm MA...,FEBEST,,Suspension,UNCLASSIFIED,USED,NEW,OEM,34.16,USD,MAB-083,398121189454,MAB-083,MAB-083,,,https://www.ebay.com/itm/398121189454,2,NEEDS_REVIEW,,,,,,,,,,
Windshield Wiper Motor Cover Audi Q7 2007 Used OEM 4L1955205A1P9,Audi,,Engine,UNCLASSIFIED,USED,NEW,OEM,65.69,USD,AUD-Q7-8323-EL-JJJJ,398121189518,4L1955205A1P9,4L1955205A1P9,,,https://www.ebay.com/itm/398121189518,1,CONFIRMED,,,,,,,,,,
Fuel Injector Audi Q7 2007 Used OEM 03H906036,Audi,,General,UNCLASSIFIED,USED,NEW,OEM,604.19,USD,AUD-Q7-8323-FL-G,398121189530,03H906036,03H906036,,,https://www.ebay.com/itm/398121189530,3,CONFIRMED,,,,,,,,,,
Mounting Bracket Volkswagen Tiguan 2010 Used OEM 5N1805367,Volkwagen,,General,UNCLASSIFIED,USED,NEW,OEM,48.19,USD,VOL-TIG-0710-CH-HHHH,398121189539,5N1805367,5N1805367,,,https://www.ebay.com/itm/398121189539,1,CONFIRMED,,,,,,,,,,
February 2013-2014 Nissan Sentra Front Control Arm Bushing ...,FEBEST,,Suspension,UNCLASSIFIED,USED,NEW,OEM,29.58,USD,SAP-21220,398121189551,NAB-B13,NAB-B13,,,https://www.ebay.com/itm/398121189551,3,CONFIRMED,,,,,,,,,,
FEBEST 2006-2009 Kia Sorento Front Lower Control Arm Bushing KAB-023,FEBEST,,Suspension,UNCLASSIFIED,USED,NEW,OEM,86.72,USD,KAB-023,398121189609,KAB-023,KAB-023,,,https://www.ebay.com/itm/398121189609,2,CONFIRMED,,,,,,,,,,
Febest 2005 SsangYong Rexton Left Front Stabilizer Link 1...,FEBEST,,General,UNCLASSIFIED,USED,NEW,OEM,42.92,USD,1423-KYRFL-KIT,398121189658,1423-KYRFL-KIT,1423-KYRFL-KIT,,,https://www.ebay.com/itm/398121189658,2,NEEDS_REVIEW,,,,,,,,,,
Packaging Tray Lexus IS250 2007 Used OEM 64101-53040,Lexus,,General,UNCLASSIFIED,USED,NEW,OEM,371.76,USD,LEX-IS-1277-RF-C,398121189969,64101-53040,64101-53040,,,https://www.ebay.com/itm/398121189969,1,CONFIRMED,,,,,,,,,,
Febest 02-12 Honda Accord Right Rear Control Arm Bushing KAB-SPF1RR,FEBEST,,Suspension,UNCLASSIFIED,USED,NEW,OEM,42.92,USD,KAB-SPF1RR,398121190072,KAB-SPF1RR,KAB-SPF1RR,,,https://www.ebay.com/itm/398121190072,2,NEEDS_REVIEW,,,,,,,,,,
Air Conditioning Compressor BMW 740Li 2012 Used OEM 64529205096,BMW,,General,UNCLASSIFIED,USED,NEW,OEM,210.2,USD,BMW-740-C576-AC-B,398121190169,64529205096,64529205096,,,https://www.ebay.com/itm/398121190169,1,CONFIRMED,,,,,,,,,,
Cover BMW 335i 2009 Used OEM 52107228450,BMW,,General,UNCLASSIFIED,USED,NEW,OEM,82.7,USD,BMW-35i-2687-ST2-F,398121190719,52107228450,52107228450,,,https://www.ebay.com/itm/398121190719,1,CONFIRMED,,,,,,,,,,
Engine Coolant Water Hose Audi TT 2009 Used OEM 06F121056C,Audi,,Engine,UNCLASSIFIED,USED,NEW,OEM,87.48,USD,AUD-TT-4018- CL-B,398121190742,06F121056C,06F121056C,,,https://www.ebay.com/itm/398121190742,1,CONFIRMED,,,,,,,,,,
Door Lock Cylinder Cover Porsche Cayenne 2008 Used OEM 955...,Porsche,,Engine,UNCLASSIFIED,USED,NEW,OEM,52.54,USD,POR-CAY-9697-DR1-P,398121190746,"",,,,https://www.ebay.com/itm/398121190746,1,CONFIRMED,,,,,,,,,,
Rear Control Arm Bushing Lexus CT200h February 2011-2017 TAB-TSL7,FEBEST,,Suspension,UNCLASSIFIED,USED,NEW,OEM,86.72,USD,TAB-TSL7,398121190772,TAB-TSL7; CT200H,TAB-TSL7,,,https://www.ebay.com/itm/398121190772,2,CONFIRMED,,,,,,,,,,
Crankshaft Position Sensor Dodge Charger 2013 Used OEM...,Dodge,,Engine,UNCLASSIFIED,USED,NEW,OEM,83.05,USD,DOG-CHG-3627-EN-HH,398121190765,"",,,,https://www.ebay.com/itm/398121190765,1,CONFIRMED,,,,,,,,,,
Rear Knuckle Bushing Chevrolet Epica February 2004-2009 CHAB-006Z,FEBEST,,General,UNCLASSIFIED,USED,NEW,OEM,86.72,USD,CHAB-006Z,398121190828,CHAB-006Z,CHAB-006Z,,,https://www.ebay.com/itm/398121190828,2,CONFIRMED,,,,,,,,,,
Control Arm Bushing FEBEST HONDA HAB-038,FEBEST,,Suspension,UNCLASSIFIED,USED,NEW,OEM,86.72,USD,HAB-038,398121190916,HAB-038,HAB-038,,,https://www.ebay.com/itm/398121190916,2,NEEDS_REVIEW,,,,,,,,,,
Rear Stabilizer Bushing FEBEST 1999-2001 Mazda B2500 TSB-723,FEBEST,,General,UNCLASSIFIED,USED,NEW,OEM,86.72,USD,TSB-723,398121190984,TSB-723,TSB-723,,,https://www.ebay.com/itm/398121190984,2,CONFIRMED,,,,,,,,,,
Febest VAG 2H0412333A Front Lower Control Arm Bushing VWAB-025,FEBEST,,Suspension,UNCLASSIFIED,USED,NEW,OEM,86.72,USD,VWAB-025,398121191003,VWAB-025; 2H0412333A,VWAB-025,,,https://www.ebay.com/itm/398121191003,2,NEEDS_REVIEW,,,,,,,,,,
Windshield Washer Pump Volkswagen Jetta 2010 Used OEM 1K6955651,Volkwagen,,General,UNCLASSIFIED,USED,NEW,OEM,96.64,USD,VOL-TIG-0710-WS1-J,398121191037,1K6955651,1K6955651,,,https://www.ebay.com/itm/398121191037,1,CONFIRMED,,,,,,,,,,
Front Roof Arch BMW X5 2008 Used OEM 41237174373,BMW,,General,UNCLASSIFIED,USED,NEW,OEM,218.68,USD,BMW-X5-4619-RF-K,398121191261,41237174373,41237174373,,,https://www.ebay.com/itm/398121191261,1,CONFIRMED,,,,,,,,,,
Door Shell Volkswagen Tiguan 2017 Used OEM 5N0831056B,VolksWagen,,Body,UNCLASSIFIED,USED,NEW,OEM,725.65,USD,SAPOP40-MT-513,398121191351,5N0831056B,5N0831056B,,,https://www.ebay.com/itm/398121191351,1,CONFIRMED,,,,,,,,,,
Transmission Mount Support Audi TT 2009 Used OEM 1K0199117AM,Audi,,Transmission,UNCLASSIFIED,USED,NEW,OEM,87.48,USD,AUD-TT-4018-EN-F,398121195203,1K0199117AM,1K0199117AM,,,https://www.ebay.com/itm/398121195203,1,CONFIRMED,,,,,,,,,,
Crankshaft Pulley Engine Volkswagen Tiguan 2017 Used OEM 06H105243K,VolksWagen,,Engine,UNCLASSIFIED,USED,NEW,OEM,87.42,USD,SAPOP40-SJ-322,398121195204,06H105243K,06H105243K,,,https://www.ebay.com/itm/398121195204,1,CONFIRMED,,,,,,,,,,
Rear Stabilizer Link Ford Edge February 2015-2023 2923-DIIIR,FEBEST,,General,UNCLASSIFIED,USED,NEW,OEM,34.16,USD,2923-DIIIR,398121195546,2923-DIIIR,2923-DIIIR,,,https://www.ebay.com/itm/398121195546,2,CONFIRMED,,,,,,,,,,
Front Suspension Support Sub-Assembly Lexus LS 460 2007 Used OEM...,Lexus,,Suspension,UNCLASSIFIED,USED,NEW,OEM,87.41,USD,LEX-LS-3145-SU-J,398121195683,"",,,,https://www.ebay.com/itm/398121195683,1,CONFIRMED,,,,,,,,,,
Center Dashboard Compartment Cadillac CTS 2011 Used OEM 2283...,Cadillac,,Interior,UNCLASSIFIED,USED,NEW,OEM,87.42,USD,CAD-CTS-7984-DB-Y,398121195761,2283,2283,,,https://www.ebay.com/itm/398121195761,1,CONFIRMED,,,,,,,,,,
License Plate Bracket Jaguar XF 2017 Used OEM T2H3973,Jaguar,,General,UNCLASSIFIED,USED,NEW,OEM,52.73,USD,JAG-XF-9202-BP1-O,398121195828,T2H3973,T2H3973,,,https://www.ebay.com/itm/398121195828,1,CONFIRMED,,,,,,,,,,
Fuel Rail Mazda 2 2008 Used OEM Z62213150,Mazda,,General,UNCLASSIFIED,USED,NEW,OEM,96.16,USD,MAZ-MZ3-2088-FL-E,398121195860,Z62213150,Z62213150,,,https://www.ebay.com/itm/398121195860,1,CONFIRMED,,,,,,,,,,
Upper Bushing Rear Knuckle Febest TAB-599,FEBEST,,General,UNCLASSIFIED,USED,NEW,OEM,35.77,USD,SAP-21688,398121195907,TAB-599,TAB-599,,,https://www.ebay.com/itm/398121195907,3,NEEDS_REVIEW,,,,,,,,,,
Brake Support Plate Porsche Cayenne S 2008 Used OEM 95535280120,Porsche,,Brakes,UNCLASSIFIED,USED,NEW,OEM,78.83,USD,POR-CAY-9697-BR-J,398121196140,95535280120,95535280120,,,https://www.ebay.com/itm/398121196140,1,CONFIRMED,,,,,,,,,,
Control Arm Bushing Febest VAG 8E0 505 203 C ADAB-006,FEBEST,,Suspension,UNCLASSIFIED,USED,NEW,OEM,86.72,USD,ADAB-006,398121196316,ADAB-006,ADAB-006,,,https://www.ebay.com/itm/398121196316,2,NEEDS_REVIEW,,,,,,,,,,
Rear Rod Bushing FEBEST 2016 Mazda CX-9 MZAB-164,FEBEST,,General,UNCLASSIFIED,USED,NEW,OEM,42.92,USD,MZAB-164,398121196332,MZAB-164,MZAB-164,,,https://www.ebay.com/itm/398121196332,2,CONFIRMED,,,,,,,,,,
February 2001-2005 Dodge Stratus Rear Control Arm Bushing MAB-023,FEBEST,,Suspension,UNCLASSIFIED,USED,NEW,OEM,86.72,USD,MAB-023,398121196345,MAB-023,MAB-023,,,https://www.ebay.com/itm/398121196345,2,CONFIRMED,,,,,,,,,,
Headlight Control Module Mazda 3 CX-5 2008 Used OEM D530510H3,Mazda,,Electrical,UNCLASSIFIED,USED,NEW,OEM,118.03,USD,MAZ-MZ3-2088-LT-G,398121196548,D530510H3,D530510H3,,,https://www.ebay.com/itm/398121196548,2,CONFIRMED,,,,,,,,,,
FEBEST Front Control Arm Bushing Toyota Front Lower Arm TAB-444,FEBEST,,Suspension,UNCLASSIFIED,USED,NEW,OEM,86.72,USD,TAB-444,398121196777,TAB-444,TAB-444,,,https://www.ebay.com/itm/398121196777,2,NEEDS_REVIEW,,,,,,,,,,
Radiator Audi Q7 2007 Used OEM 7L0121253A,Audi,,Cooling,UNCLASSIFIED,USED,NEW,OEM,52.53,USD,AUD-Q7-8323-CL-D,398121196863,7L0121253A,7L0121253A,,,https://www.ebay.com/itm/398121196863,1,CONFIRMED,,,,,,,,,,
Footrest Cover Volkswagen Tiguan Golf 2017 Used OEM 1K1864777B,VolksWagen,,General,UNCLASSIFIED,USED,NEW,OEM,48.08,USD,SAPOP40-SJ-258,398121196969,1K1864777B,1K1864777B,,,https://www.ebay.com/itm/398121196969,1,CONFIRMED,,,,,,,,,,
FEBEST BMW Gear Shift Rod Bushing TT-GBE90-PCS2,FEBEST,,General,UNCLASSIFIED,USED,NEW,OEM,34.16,USD,TT-GBE90-PCS2,398121196990,TT-GBE90-PCS2,TT-GBE90-PCS2,,,https://www.ebay.com/itm/398121196990,2,NEEDS_REVIEW,,,,,,,,,,
Febest Mitsubishi MR510327 Upper Rear Trailing Arm Bushing MAB-085,FEBEST,,General,UNCLASSIFIED,USED,NEW,OEM,86.72,USD,MAB-085,398121197329,MAB-085; MR510327,MAB-085,,,https://www.ebay.com/itm/398121197329,2,NEEDS_REVIEW,,,,,,,,,,
Door Lock Strike Plate Volkswagen Tiguan 2010 Used OEM 5N...,Volkwagen,,Body,UNCLASSIFIED,USED,NEW,OEM,43.8,USD,VOL-TIG-0710-CH-III,398121197383,"",,,,https://www.ebay.com/itm/398121197383,1,CONFIRMED,,,,,,,,,,
Rear Stabilizer Link FEBEST 1997-2002 INFINITI QX4 0223-260,FEBEST,,General,UNCLASSIFIED,USED,NEW,OEM,86.72,USD,0223-260,398121197393,0223-260,0223-260,,,https://www.ebay.com/itm/398121197393,2,CONFIRMED,,,,,,,,,,
Front Control Arm Rear Bushing Lexus ES300h February 2018 ...,FEBEST,,Suspension,UNCLASSIFIED,USED,NEW,OEM,40.5,USD,SAP-21557,398121197431,TAB-601; ES300H,TAB-601,,,https://www.ebay.com/itm/398121197431,3,CONFIRMED,,,,,,,,,,
Windshield Molding Jaguar XF 2017 Used OEM T2H15788,Jaguar,,General,UNCLASSIFIED,USED,NEW,OEM,122.4,USD,JAG-XF-9202-WS2-F,398121197446,T2H15788,T2H15788,,,https://www.ebay.com/itm/398121197446,1,CONFIRMED,,,,,,,,,,
Dashboard Reinforcement Volkswagen Tiguan 2010 Used OEM 5N0858801,Volkwagen,,Interior,UNCLASSIFIED,USED,NEW,OEM,70.06,USD,VOL-TIG-0710-DB-T,398121197458,5N0858801,5N0858801,,,https://www.ebay.com/itm/398121197458,1,CONFIRMED,,,,,,,,,,
Support Audi A6 Quattro 2011 Used OEM 06E127233M,Audi,,General,UNCLASSIFIED,USED,NEW,OEM,43.92,USD,AUD-QUA-4094-EN-WW,398121197557,06E127233M,06E127233M,,,https://www.ebay.com/itm/398121197557,1,CONFIRMED,,,,,,,,,,
Right Floor Heater Duct 51459349747,Mini,,General,UNCLASSIFIED,USED,NEW,OEM,52.33,USD,SAPOP33-Al-06,398121197630,51459349747,51459349747,,,https://www.ebay.com/itm/398121197630,1,NEEDS_REVIEW,,,,,,,,,,
Support Audi Q7 2007 Used OEM 4L0971006,Audi,,General,UNCLASSIFIED,USED,NEW,OEM,65.69,USD,AUD-Q7-8323-EL-DDD,398121197649,4L0971006,4L0971006,,,https://www.ebay.com/itm/398121197649,1,CONFIRMED,,,,,,,,,,
Center Console Tray Audi Q7 2007 Used OEM 4L0863301,Audi,,Interior,UNCLASSIFIED,USED,NEW,OEM,43.71,USD,SAPOP16-MT-429,398121197672,4L0863301,4L0863301,,,https://www.ebay.com/itm/398121197672,1,CONFIRMED,,,,,,,,,,
Suspension Control Arm Bushing FEBEST BMW 3112 0305 BMAB-045,FEBEST,,Suspension,UNCLASSIFIED,USED,NEW,OEM,86.72,USD,BMAB-045,398121197751,BMAB-045,BMAB-045,,,https://www.ebay.com/itm/398121197751,2,NEEDS_REVIEW,,,,,,,,,,
Heat Shield Volkswagen Tiguan 2010 Used OEM 5N1423981D,Volkwagen,,General,UNCLASSIFIED,USED,NEW,OEM,43.79,USD,VOL-TIG-0710-DB-VV,398121197777,5N1423981D,5N1423981D,,,https://www.ebay.com/itm/398121197777,1,CONFIRMED,,,,,,,,,,
License Plate Bracket Mazda 3 2008 Used OEM B35N50170A,Mazda,,General,UNCLASSIFIED,USED,NEW,OEM,52.45,USD,MAZ-MZ3-2088-BP-J,398121197847,B35N50170A,B35N50170A,,,https://www.ebay.com/itm/398121197847,1,CONFIRMED,,,,,,,,,,
Speaker Cover Lexus LS460 2007 Used OEM 86262-50010,Lexus,,General,UNCLASSIFIED,USED,NEW,OEM,83.9,USD,LEX-LS-3145-DR4-N,398121197962,86262-50010,86262-50010,,,https://www.ebay.com/itm/398121197962,1,CONFIRMED,,,,,,,,,,
Dashboard Reinforcement Toyota Corolla 2014 Used OEM 5530302171C0,Toyota Corolla,,Interior,UNCLASSIFIED,USED,NEW,OEM,227.22,USD,SAPOP52-MT-398,398121198001,5530302171C0,5530302171C0,,,https://www.ebay.com/itm/398121198001,1,CONFIRMED,,,,,,,,,,
Fuel Filler Cap BMW 323Ci 2008 Used OEM 16117222391,BMW,,General,UNCLASSIFIED,USED,NEW,OEM,52.45,USD,BMW-X5-4619-FL-R,398121198048,16117222391,16117222391,,,https://www.ebay.com/itm/398121198048,1,NOT_VERIFIED,,,,,,,,,,
Right Rear Stabilizer Link Audi Q7 February 2007-2015 2323-001RH,FEBEST,,General,UNCLASSIFIED,USED,NEW,OEM,86.72,USD,2323-001RH,398121198086,2323-001RH,2323-001RH,,,https://www.ebay.com/itm/398121198086,2,CONFIRMED,,,,,,,,,,
Wheel Bearing Kit Porsche Cayenne S 2008 Used OEM 95534190100,Porsche,,Wheels,UNCLASSIFIED,USED,NEW,OEM,148.91,USD,POR-CAY-9697-SU-I,398121198146,95534190100,95534190100,,,https://www.ebay.com/itm/398121198146,2,CONFIRMED,,,,,,,,,,
Brake Hydraulic Hose Audi TT 2009 Used OEM 8J0611701C,Audi,,Brakes,UNCLASSIFIED,USED,NEW,OEM,87.86,USD,AUD-TT-4018-BR-L,398121198289,8J0611701C,8J0611701C,,,https://www.ebay.com/itm/398121198289,1,CONFIRMED,,,,,,,,,,
Subwoofer Speaker Porsche Cayenne S 2008 Used OEM 95564501000,Porsche,,General,UNCLASSIFIED,USED,NEW,OEM,165.91,USD,POR-CAY-9697-EL-WWWW,398121198471,95564501000,95564501000,,,https://www.ebay.com/itm/398121198471,1,CONFIRMED,,,,,,,,,,
Fuel Injector Retainer Support Mercedes GL500 2008 Used OE...,Mercedes-Benz,,General,UNCLASSIFIED,USED,NEW,OEM,80.94,USD,MRC-GL5-9750-FL-L,398121198474,"",,,,https://www.ebay.com/itm/398121198474,1,CONFIRMED,,,,,,,,,,
Stabilizer Bar Bushing FEBEST SUZUKI SZSB-003,FEBEST,,General,UNCLASSIFIED,USED,NEW,OEM,86.72,USD,SZSB-003,398121198492,SZSB-003,SZSB-003,,,https://www.ebay.com/itm/398121198492,2,NEEDS_REVIEW,,,,,,,,,,
Stabilizer Bar Bushing Mazda 3 2004-2013 BP4K28156D,Mazda,,General,UNCLASSIFIED,USED,NEW,OEM,52.45,USD,MAZ-MZ3-2088-SU-O,398121198493,BP4K28156D,BP4K28156D,,,https://www.ebay.com/itm/398121198493,2,CONFIRMED,,,,,,,,,,
OEM 5N Body A-Pillar Reinforcement for Volkswagen Tiguan 2010 Used,Volkwagen,,General,UNCLASSIFIED,USED,NEW,OEM,105.1,USD,VOL-TIG-0710-CH-T,398121198564,"",,,,https://www.ebay.com/itm/398121198564,1,CONFIRMED,,,,,,,,,,
OEM 33560-33380 Shift Assembly for Toyota Camry 2018 Used,Toyota,,General,UNCLASSIFIED,USED,NEW,OEM,147.76,USD,TOY-CAM-9731-TR-G,398121198643,33560-33380,33560-33380,,,https://www.ebay.com/itm/398121198643,1,CONFIRMED,,,,,,,,,,
OEM 51442-33220 Engine Under Cover for Toyota Camry 2018 Used,Toyota,,Engine,UNCLASSIFIED,USED,NEW,OEM,78.69,USD,TOY-CAM-9731-EN-D,398121198647,51442-33220,51442-33220,,,https://www.ebay.com/itm/398121198647,1,CONFIRMED,,,,,,,,,,
OEM Right Sub-Assembly Parking Brake Plate for Lexus IS250 2007 Used,Lexus,,Brakes,UNCLASSIFIED,USED,NEW,OEM,218.08,USD,LEX-IS-1277-BR-N,398121198787,RIGHT,RIGHT,,,https://www.ebay.com/itm/398121198787,1,CONFIRMED,,,,,,,,,,
OEM Suspension Control Arm Sub-Assembly for Toyota Camry 2018 Used,Toyota,,Suspension,UNCLASSIFIED,USED,NEW,OEM,123,USD,TOY-CAM-9731-SU-Q,398121198806,SUSPENSION,SUSPENSION,,,https://www.ebay.com/itm/398121198806,1,CONFIRMED,,,,,,,,,,
OEM 95555218900A03 Speaker Cover for Porsche Cayenne 2008 Used,Porsche,,General,UNCLASSIFIED,USED,NEW,OEM,52.57,USD,POR-CAY-9697-DB-FF,398121198828,95555218900A03,95555218900A03,,,https://www.ebay.com/itm/398121198828,1,CONFIRMED,,,,,,,,,,
OEM 81822-50010 Indicator Light Cover for Lexus LS 460 2007 Used,Lexus,,General,UNCLASSIFIED,USED,NEW,OEM,43.7,USD,LEX-LS-3145-LT1-S,398121198910,81822-50010,81822-50010,,,https://www.ebay.com/itm/398121198910,1,CONFIRMED,,,,,,,,,,
OEM 03H121... Engine Coolant Hose for Audi Q7 2007 Used,Audi,,Engine,UNCLASSIFIED,USED,NEW,OEM,65.69,USD,AUD-Q7-8323-EN-CCC,398121198925,03H121,03H121,,,https://www.ebay.com/itm/398121198925,1,CONFIRMED,,,,,,,,,,
OEM C2D38128 Radio Antenna Assembly for Jaguar XF 2017 Used,Jaguar,,General,UNCLASSIFIED,USED,NEW,OEM,87.41,USD,JAG-XF-9202-EL-A,398121198935,C2D38128,C2D38128,,,https://www.ebay.com/itm/398121198935,1,CONFIRMED,,,,,,,,,,
OEM T2H8387 Windshield Washer Pump for Jaguar XF 2017 Used,Jaguar,,General,UNCLASSIFIED,USED,NEW,OEM,104.91,USD,JAG-XF-9202-WS1-S,398121198937,T2H8387,T2H8387,,,https://www.ebay.com/itm/398121198937,1,CONFIRMED,,,,,,,,,,
Lower Control Arm Bushing for BMW X5 2000-2006 Used BMAB-005,FEBEST,,Suspension,UNCLASSIFIED,USED,NEW,OEM,41.23,USD,SAP-22460,398121198947,BMAB-005,BMAB-005,,,https://www.ebay.com/itm/398121198947,3,CONFIRMED,,,,,,,,,,
Rear Bushing for Volvo V50 2005-2011 Without Front Arm Bracket Used,FEBEST,,General,UNCLASSIFIED,USED,NEW,OEM,35.64,USD,SAP-21290,398121198961,MZAB-MZ3BX,MZAB-MZ3BX,,,https://www.ebay.com/itm/398121198961,3,CONFIRMED,,,,,,,,,,
FEBEST Stabilizer Bar Bushing for Lexus GX470 2003-2009 Used TSB-UZJ120R,FEBEST,,General,UNCLASSIFIED,USED,NEW,OEM,86.72,USD,TSB-UZJ120R,398121198968,TSB-UZJ120R,TSB-UZJ120R,,,https://www.ebay.com/itm/398121198968,2,CONFIRMED,,,,,,,,,,
FEBEST Upper Rear Control Arm Bushing NAB-2C23 Used,FEBEST,,Suspension,UNCLASSIFIED,USED,NEW,OEM,28.89,USD,SAP-18533,398121198997,NAB-2C23,NAB-2C23,,,https://www.ebay.com/itm/398121198997,3,NEEDS_REVIEW,,,,,,,,,,
Fuel Vapor Canister for Jeep Cherokee 2014 OEM 68158863AA Used,Jeep,,General,UNCLASSIFIED,USED,NEW,OEM,170.48,USD,SAPOP26-AL-606,398121199027,68158863AA,68158863AA,,,https://www.ebay.com/itm/398121199027,1,CONFIRMED,,,,,,,,,,
Lower Rear Control Arm Bushing for Ford Fusion 2013-2020 Used F...,FEBEST,,Suspension,UNCLASSIFIED,USED,NEW,OEM,61.31,USD,FDAB-086Z,398121199151,FDAB-086Z,FDAB-086Z,,,https://www.ebay.com/itm/398121199151,2,CONFIRMED,,,,,,,,,,
Engine Coolant Hose for Volkswagen Tiguan 2017 Used,VolksWagen,,Engine,UNCLASSIFIED,USED,NEW,OEM,43.71,USD,SAPOP40-SJ-285,398121199164,"",,,,https://www.ebay.com/itm/398121199164,1,CONFIRMED,,,,,,,,,,
OEM T2H20167 Heater Hose for Jaguar F-Pace 2018 Used,Jaguar,,General,UNCLASSIFIED,USED,NEW,OEM,61.17,USD,SAPOP24-SJ-88,398121199215,T2H20167,T2H20167,,,https://www.ebay.com/itm/398121199215,1,CONFIRMED,,,,,,,,,,
OEM 31356774737 Stabilizer Bar for BMW X5 2008 Used,BMW,,General,UNCLASSIFIED,USED,NEW,OEM,87.43,USD,BMW-X5-4619-SU-T,398121199316,31356774737,31356774737,,,https://www.ebay.com/itm/398121199316,1,CONFIRMED,,,,,,,,,,
OEM 8V5Z-2212-B Brake Support Plate for Ford Fiesta 2016 Used,Ford,,Brakes,UNCLASSIFIED,USED,NEW,OEM,43.72,USD,FOR-FIE-0110-BR-I,398121199327,8V5Z-2212-B,8V5Z-2212-B,,,https://www.ebay.com/itm/398121199327,1,CONFIRMED,,,,,,,,,,
OEM 51479138216 Tensioner Belt for BMW X5 2008 Used,BMW,,General,UNCLASSIFIED,USED,NEW,OEM,65.68,USD,BMW-X5-4619-TK-BB,398121199394,51479138216,51479138216,,,https://www.ebay.com/itm/398121199394,1,CONFIRMED,,,,,,,,,,
Right Front Stabilizer Link FEBEST HONDA 0223-V10FR Used,FEBEST,,General,UNCLASSIFIED,USED,NEW,OEM,86.72,USD,0223-V10FR,398121199611,0223-V10FR,0223-V10FR,,,https://www.ebay.com/itm/398121199611,2,NEEDS_REVIEW,,,,,,,,,,
OEM 1... Radiator Coolant Hose for BMW X5 2008 Used,BMW,,Cooling,UNCLASSIFIED,USED,NEW,OEM,52.33,USD,BMW-X5-4619-CL-Y,398121199668,"",,,,https://www.ebay.com/itm/398121199668,1,CONFIRMED,,,,,,,,,,
Front Stabilizer Bushing Kit for Porsche Cayenne 2003-200...,FEBEST,,General,UNCLASSIFIED,USED,NEW,OEM,32.54,USD,SAP-21466,398121199814,VWSB-002-KIT,VWSB-002-KIT,,,https://www.ebay.com/itm/398121199814,3,CONFIRMED,,,,,,,,,,
OEM 31126775959 Control Arm for BMW 740Li 2012 Used,BMW,,Suspension,UNCLASSIFIED,USED,NEW,OEM,91.85,USD,BMW-740-C576-SU-B,398121199827,31126775959,31126775959,,,https://www.ebay.com/itm/398121199827,1,CONFIRMED,,,,,,,,,,
OEM 2706031060 Alternator for Lexus IS250 2007 Used,Lexus,,Electrical,UNCLASSIFIED,USED,NEW,OEM,327.14,USD,LEX-IS-1277-EN-M,398121199983,2706031060,2706031060,,,https://www.ebay.com/itm/398121199983,1,CONFIRMED,,,,,,,,,,
Rear Control Arm Bushing for Subaru Impreza 2016-202... Used,FEBEST,,Suspension,UNCLASSIFIED,USED,NEW,OEM,37.61,USD,SAP-22274,398121199996,SAB-024,SAB-024,,,https://www.ebay.com/itm/398121199996,3,CONFIRMED,,,,,,,,,,
Front Shock Absorber Bushing for Nissan Cabstar FEBEST 2012 TT-010 Used,FEBEST,,Suspension,UNCLASSIFIED,USED,NEW,OEM,86.72,USD,TT-010,398121200020,TT-010,TT-010,,,https://www.ebay.com/itm/398121200020,2,CONFIRMED,,,,,,,,,,
Used Automatic Transmission Oil Cooler for Audi Q7 2007,Audi,,Transmission,UNCLASSIFIED,USED,NEW,OEM,131.14,USD,AUDI-Q7-1712-TOC-1,398121200055,"",,,,https://www.ebay.com/itm/398121200055,1,CONFIRMED,,,,,,,,,,
OEM High Pressure Fuel Pressure Sensor for BMW 335i 2009 Used ...,BMW,,Electrical,UNCLASSIFIED,USED,NEW,OEM,63.74,USD,BMW-35i-2687-FL-H,398121200072,HIGH,HIGH,,,https://www.ebay.com/itm/398121200072,1,CONFIRMED,,,,,,,,,,
Right Cross Member for MAZDA 3 2008 Used OEM JM7BK326081392088,Mazda,,General,UNCLASSIFIED,USED,NEW,OEM,104.9,USD,MAZ-MZ3-2088-CH-KKK,398121200130,JM7BK326081392088,JM7BK326081392088,,,https://www.ebay.com/itm/398121200130,1,CONFIRMED,,,,,,,,,,
Rear Stabilizer Link FEBEST MAZDA S10H-28-170 0523-FRR Used,FEBEST,,General,UNCLASSIFIED,USED,NEW,OEM,86.72,USD,0523-FRR,398121200218,0523-FRR; S10H-28-170,0523-FRR,,,https://www.ebay.com/itm/398121200218,2,NEEDS_REVIEW,,,,,,,,,,
OEM WHT003859 Wheel Speed Sensor for Volkswagen Tiguan ABS 2010 Used,Volkwagen,,Electrical,UNCLASSIFIED,USED,NEW,OEM,43.79,USD,VOL-TIG-0710-BR-DD,398121200232,WHT003859,WHT003859,,,https://www.ebay.com/itm/398121200232,1,CONFIRMED,,,,,,,,,,
FEBEST NISSAN Control Arm Bushing NSB-059 Used,FEBEST,,Suspension,UNCLASSIFIED,USED,NEW,OEM,86.72,USD,NSB-059,398121200262,NSB-059,NSB-059,,,https://www.ebay.com/itm/398121200262,2,NEEDS_REVIEW,,,,,,,,,,
Rear Cross Member Bushing FEBEST NISSAN NAB-234 Used,FEBEST,,General,UNCLASSIFIED,USED,NEW,OEM,86.72,USD,NAB-234,398121200275,NAB-234,NAB-234,,,https://www.ebay.com/itm/398121200275,2,NEEDS_REVIEW,,,,,,,,,,
FEBEST 2018 Renault Captur Stabilizer Mounting Bolt 2498-001 Used,FEBEST,,General,UNCLASSIFIED,USED,NEW,OEM,34.16,USD,2498-001,398121200372,2498-001,2498-001,,,https://www.ebay.com/itm/398121200372,2,CONFIRMED,,,,,,,,,,
Rear Tow Bar Bushing for Toyota Camry 2017 Used TAB-602,FEBEST,,General,UNCLASSIFIED,USED,NEW,OEM,38.34,USD,SAP-22163,398121200381,TAB-602,TAB-602,,,https://www.ebay.com/itm/398121200381,3,CONFIRMED,,,,,,,,,,
Front Cross Bar with Bushing FEBEST CRAB-084Z Used,FEBEST,,General,UNCLASSIFIED,USED,NEW,OEM,37.54,USD,SAP-21576,398121200429,CRAB-084Z,CRAB-084Z,,,https://www.ebay.com/itm/398121200429,3,NEEDS_REVIEW,,,,,,,,,,
Rear Cross Bar Bushing for Dodge Caliber 2007-2012 Used MAB-087,FEBEST,,General,UNCLASSIFIED,USED,NEW,OEM,34.16,USD,MAB-087,398121200448,MAB-087,MAB-087,,,https://www.ebay.com/itm/398121200448,2,CONFIRMED,,,,,,,,,,
Rear Stabilizer Bushing FEBEST 2005-2016 TOYOTA RAV4 TSB-NZE... Used,FEBEST,,General,UNCLASSIFIED,USED,NEW,OEM,86.72,USD,TSB-NZE154R,398121200483,TSB-NZE154R,TSB-NZE154R,,,https://www.ebay.com/itm/398121200483,2,CONFIRMED,,,,,,,,,,
Used OEM Spare Tire Foam Mat Jaguar F-Pace 2018 T4A4001,Jaguar,,Wheels,UNCLASSIFIED,USED,NEW,OEM,52.44,USD,SAPOP24-SJ-218,398121200485,SPARE; T4A4001,SPARE,,,https://www.ebay.com/itm/398121200485,1,CONFIRMED,,,,,,,,,,
Lower Control Arm Bushing FEBEST General Motors SZAB-033,FEBEST,,Engine,UNCLASSIFIED,USED,NEW,OEM,86.72,USD,SZAB-033,398121200492,SZAB-033,SZAB-033,,,https://www.ebay.com/itm/398121200492,2,NEEDS_REVIEW,,,,,,,,,,
Used OEM Spare Wheel Well Cover Mercedes GL500 2008 A1646180275,Mercedes-Benz,,Wheels,UNCLASSIFIED,USED,NEW,OEM,525.39,USD,MRC-GL5-9750-CH-LL,398121200533,SPARE; A1646180275,SPARE,,,https://www.ebay.com/itm/398121200533,1,CONFIRMED,,,,,,,,,,
Used OEM Fuel Collection Pipe Porsche Cayenne S 2008 95511011510,Porsche,,General,UNCLASSIFIED,USED,NEW,OEM,131.14,USD,POR-CAY-9697-FL-J,398121200583,FUEL,FUEL,,,https://www.ebay.com/itm/398121200583,1,CONFIRMED,,,,,,,,,,
FEBEST 98-07 Lexus LX470 Rear Trailing Arm Bushing TAB-130,FEBEST,,General,UNCLASSIFIED,USED,NEW,OEM,31.4,USD,SAP-21409,398121200658,TAB-130,TAB-130,,,https://www.ebay.com/itm/398121200658,3,NEEDS_REVIEW,,,,,,,,,,
Used OEM Column Reinforcement Audi Q7 Body 2007 4L0817482B,Audi,,General,UNCLASSIFIED,USED,NEW,OEM,61.5,USD,AUD-Q7-8323-RF-R,398121200660,COLUMN; 4L0817482B,COLUMN,,,https://www.ebay.com/itm/398121200660,1,CONFIRMED,,,,,,,,,,
Used OEM Ventilation Pipe MAZDA 3 2008 ZJ0113742,Mazda,,General,UNCLASSIFIED,USED,NEW,OEM,52.44,USD,MAZ-MZ3-2088-EN-QQ,398121200683,VENTILATION; ZJ0113742,VENTILATION,,,https://www.ebay.com/itm/398121200683,1,CONFIRMED,,,,,,,,,,
Rear Stabilizer Bar Bushing FEBEST NISSAN NSB-Y61R2,FEBEST,,General,UNCLASSIFIED,USED,NEW,OEM,86.72,USD,NSB-Y61R2,398121200780,NSB-Y61R2,NSB-Y61R2,,,https://www.ebay.com/itm/398121200780,2,NEEDS_REVIEW,,,,,,,,,,
Used OEM Front Windshield Jaguar XF 2017 T2H25329,Jaguar,,General,UNCLASSIFIED,USED,NEW,OEM,349.68,USD,JAG-XF-9202-WS1-A,398121200826,FRONT; T2H25329,FRONT,,,https://www.ebay.com/itm/398121200826,1,CONFIRMED,,,,,,,,,,
Stabilizer Link Toyota 4Runner February 2002-2009 0123-009,FEBEST,,General,UNCLASSIFIED,USED,NEW,OEM,86.72,USD,0123-009,398121200828,0123-009; 4RUNNER,0123-009,,,https://www.ebay.com/itm/398121200828,2,CONFIRMED,,,,,,,,,,
Used OEM Crankshaft Position Sensor MAZDA 3 2008 ZJ0118221,Mazda,,Engine,UNCLASSIFIED,USED,NEW,OEM,61.19,USD,MAZ-MZ3-2088-EN-JJJ,398121200837,CRANKSHAFT; ZJ0118221,CRANKSHAFT,,,https://www.ebay.com/itm/398121200837,1,CONFIRMED,,,,,,,,,,
Used OEM Dashboard Air Duct Lexus LS460 2007 63940-50010,Lexus,,Interior,UNCLASSIFIED,USED,NEW,OEM,74.3,USD,LEX-LS-3145-AC-RR,398121200952,DASHBOARD,DASHBOARD,,,https://www.ebay.com/itm/398121200952,1,CONFIRMED,,,,,,,,,,
Used OEM Radio Antenna Isolator Jaguar XF 2017 T4N9813,Jaguar,,General,UNCLASSIFIED,USED,NEW,OEM,52.44,USD,JAG-XF-9202-EL-E,398121201013,RADIO; T4N9813,RADIO,,,https://www.ebay.com/itm/398121201013,1,CONFIRMED,,,,,,,,,,
Used OEM Dashboard Audi Q7 2007 4L1857041E24A,Audi,,Interior,UNCLASSIFIED,USED,NEW,OEM,271.44,USD,AUD-Q7-8323-DB-P,398121201014,DASHBOARD; 4L1857041E24A,DASHBOARD,,,https://www.ebay.com/itm/398121201014,1,CONFIRMED,,,,,,,,,,
Used OEM Brake Line Audi Q7 2007 7L8614727H,Audi,,Brakes,UNCLASSIFIED,USED,NEW,OEM,52.33,USD,AUD-Q7-8323-BR-I,398121201021,BRAKE; 7L8614727H,BRAKE,,,https://www.ebay.com/itm/398121201021,1,CONFIRMED,,,,,,,,,,
Used OEM Fuel Tube Toyota Camry 2018 77251-33290,Toyota,,General,UNCLASSIFIED,USED,NEW,OEM,43.92,USD,TOY-CAM-9731-FL-K,398121201042,FUEL,FUEL,,,https://www.ebay.com/itm/398121201042,1,CONFIRMED,,,,,,,,,,
Used High Pressure Cutoff Switch Front Ford Fiesta 2016...,Ford,,General,UNCLASSIFIED,USED,NEW,OEM,56.82,USD,FOR-FIE-0110-AC-I,398121201049,"",,,,https://www.ebay.com/itm/398121201049,1,CONFIRMED,,,,,,,,,,
Used OEM Trim Audi Q7 2007-2015 4L0601165D,Audi,,Wheels,UNCLASSIFIED,USED,NEW,OEM,87.42,USD,AUDI-Q7-1712-WHC-3,398121201057,TRIM; 4L0601165D,TRIM,,,https://www.ebay.com/itm/398121201057,1,CONFIRMED,,,,,,,,,,
Stabilizer Bar Bushing FEBEST TOYOTA TSB-15M,FEBEST,,General,UNCLASSIFIED,USED,NEW,OEM,86.72,USD,TSB-15M,398121201062,TSB-15M,TSB-15M,,,https://www.ebay.com/itm/398121201062,2,NEEDS_REVIEW,,,,,,,,,,
Used OEM Impact Plate Volkswagen Tiguan 2010 3C0837279A,Volkwagen,,General,UNCLASSIFIED,USED,NEW,OEM,83.46,USD,VOL-TIG-0710-DR1-J,398121201155,IMPACT; 3C0837279A,IMPACT,,,https://www.ebay.com/itm/398121201155,1,CONFIRMED,,,,,,,,,,
Right Rear Stabilizer Link FEBEST 0223-L33RRH,FEBEST,,General,UNCLASSIFIED,USED,NEW,OEM,28.69,USD,SAP-21553,398121201167,0223-L33RRH,0223-L33RRH,,,https://www.ebay.com/itm/398121201167,3,NEEDS_REVIEW,,,,,,,,,,
FEBEST 2020 Chevrolet Tahoe Rear Lower Control Arm Bushing...,FEBEST,,Suspension,UNCLASSIFIED,USED,NEW,OEM,42.92,USD,CDAB-038,398121201176,CDAB-038,CDAB-038,,,https://www.ebay.com/itm/398121201176,2,CONFIRMED,,,,,,,,,,
Used OEM Column Reinforcement Audi Q7 Body 2007 4L0809071,Audi,,General,UNCLASSIFIED,USED,NEW,OEM,96.1,USD,AUD-Q7-8323-CH-MMM,398121201181,COLUMN; 4L0809071,COLUMN,,,https://www.ebay.com/itm/398121201181,1,CONFIRMED,,,,,,,,,,
Front Shock Absorber Bushing Nissan Urvan February 2001-2013 NAB-261,FEBEST,,Suspension,UNCLASSIFIED,USED,NEW,OEM,29.42,USD,SAP-17785,398121201193,NAB-261,NAB-261,,,https://www.ebay.com/itm/398121201193,3,CONFIRMED,,,,,,,,,,
Front Stabilizer Link FEBEST 2004-2008 HONDA ODYSSEY 0323-RB1F,FEBEST,,General,UNCLASSIFIED,USED,NEW,OEM,86.72,USD,0323-RB1F,398121201232,0323-RB1F,0323-RB1F,,,https://www.ebay.com/itm/398121201232,2,CONFIRMED,,,,,,,,,,
FEBEST Bushing Upper Front Arm Mercedes-Benz BZAB-039,FEBEST,,General,UNCLASSIFIED,USED,NEW,OEM,86.72,USD,BZAB-039,398121201263,BZAB-039,BZAB-039,,,https://www.ebay.com/itm/398121201263,2,NEEDS_REVIEW,,,,,,,,,,
Front Control Arm Rear Bushing Hyundai Palisade February 2020 H...,FEBEST,,Suspension,UNCLASSIFIED,USED,NEW,OEM,34.16,USD,HYAB-SAN18,398121201276,HYAB-SAN18,HYAB-SAN18,,,https://www.ebay.com/itm/398121201276,2,CONFIRMED,,,,,,,,,,
Used OEM Engine Alternator Dodge Charger 2013 RL801779AG,Dodge,,Engine,UNCLASSIFIED,USED,NEW,OEM,55.07,USD,DOG-CHG-3627-EN-DD,398121201314,ENGINE; RL801779AG,ENGINE,,,https://www.ebay.com/itm/398121201314,1,CONFIRMED,,,,,,,,,,
Used OEM ABS Wheel Speed Sensor Mount Jaguar XF 2017 T2H58014,Jaguar,,Electrical,UNCLASSIFIED,USED,NEW,OEM,65.56,USD,JAG-XF-9202-BR-R,398121201345,T2H58014,T2H58014,,,https://www.ebay.com/itm/398121201345,1,CONFIRMED,,,,,,,,,,
Used OEM ABS Wheel Speed Sensor Ford Fiesta 2016 AE8Z-2C190-A,Ford,,Electrical,UNCLASSIFIED,USED,NEW,OEM,43.72,USD,FOR-FIE-0110-BR-P,398121201356,AE8Z-2C190-A,AE8Z-2C190-A,,,https://www.ebay.com/itm/398121201356,1,CONFIRMED,,,,,,,,,,
Used OEM Mount Porsche Cayenne 2008 95553173006,Porsche,,General,UNCLASSIFIED,USED,NEW,OEM,166.41,USD,POR-CAY-9697-DR2-AA,398121201411,MOUNT,MOUNT,,,https://www.ebay.com/itm/398121201411,1,CONFIRMED,,,,,,,,,,
Used OEM Track Reinforcement Mount Audi Q7 2007 7L0803302C,Audi,,General,UNCLASSIFIED,USED,NEW,OEM,65.46,USD,AUD-Q7-8323-CH-V,398121201475,TRACK; 7L0803302C,TRACK,,,https://www.ebay.com/itm/398121201475,1,CONFIRMED,,,,,,,,,,
Used OEM Dashboard Volkswagen Tiguan 2010 5N1857001E,Volkwagen,,Interior,UNCLASSIFIED,USED,NEW,OEM,218.98,USD,VOL-TIG-0710-DB-R,398121201486,DASHBOARD; 5N1857001E,DASHBOARD,,,https://www.ebay.com/itm/398121201486,1,CONFIRMED,,,,,,,,,,
Used Stabilizer Bar Mount Ford Fiesta 2016...,Ford,,General,UNCLASSIFIED,USED,NEW,OEM,43.71,USD,FOR-FIE-0110-SU-M,398121201559,"",,,,https://www.ebay.com/itm/398121201559,1,CONFIRMED,,,,,,,,,,
Used OEM Steering Column Mount Jaguar XF F-Pace 2017 T4N3848,Jaguar,,General,UNCLASSIFIED,USED,NEW,OEM,78.67,USD,JAG-XF-9202-DB-VVVV,398121201561,STEERING; T4N3848,STEERING,,,https://www.ebay.com/itm/398121201561,1,CONFIRMED,,,,,,,,,,
Used OEM Oil Cooler Pipe Mount Jaguar F-Pace 2018...,Jaguar,,General,UNCLASSIFIED,USED,NEW,OEM,43.71,USD,SAPOP24-SJ-784,398121201723,"",,,,https://www.ebay.com/itm/398121201723,1,CONFIRMED,,,,,,,,,,
Right Rear Stabilizer Link FEBEST Tesla Motors 6723-M3RRH,FEBEST,,Engine,UNCLASSIFIED,USED,NEW,OEM,42.92,USD,6723-M3RRH,398121201725,6723-M3RRH,6723-M3RRH,,,https://www.ebay.com/itm/398121201725,2,NEEDS_REVIEW,,,,,,,,,,
Rear Arm Bushing Jeep Liberty February 2002-2007 CRAB-043,FEBEST,,General,UNCLASSIFIED,USED,NEW,OEM,39.5,USD,SAP-15527,398121201740,CRAB-043,CRAB-043,,,https://www.ebay.com/itm/398121201740,3,CONFIRMED,,,,,,,,,,
Front Stabilizer Bar Bushing FEBEST TSB-775,FEBEST,,General,UNCLASSIFIED,USED,NEW,OEM,28.84,USD,SAP-21498,398121201756,TSB-775,TSB-775,,,https://www.ebay.com/itm/398121201756,3,NEEDS_REVIEW,,,,,,,,,,
Used OEM Engine Coolant Hose Jaguar XF 2017...,Jaguar,,Engine,UNCLASSIFIED,USED,NEW,OEM,122.38,USD,JAG-XF-9202-CL-AA,398121201861,ENGINE,ENGINE,,,https://www.ebay.com/itm/398121201861,1,CONFIRMED,,,,,,,,,,
Used Brake Disc Volkswagen Tiguan Bora 2010 OEM 1K0615601AD,Volkwagen,,Brakes,UNCLASSIFIED,USED,NEW,OEM,56.93,USD,VOL-TIG-0710-BR-MM,398121201959,1K0615601AD,1K0615601AD,,,https://www.ebay.com/itm/398121201959,1,CONFIRMED,,,,,,,,,,
FEBEST 2003-2008 Nissan 350Z Right Rear Stabilizer Link...,FEBEST,,General,UNCLASSIFIED,USED,NEW,OEM,86.72,USD,0223-V35RR,398121201976,0223-V35RR,0223-V35RR,,,https://www.ebay.com/itm/398121201976,2,CONFIRMED,,,,,,,,,,
Rear Cross Member Bushing FEBEST HYUNDAI HYAB-I30UPR,FEBEST,,General,UNCLASSIFIED,USED,NEW,OEM,86.72,USD,HYAB-I30UPR,398121202002,HYAB-I30UPR,HYAB-I30UPR,,,https://www.ebay.com/itm/398121202002,2,NEEDS_REVIEW,,,,,,,,,,
Front Stabilizer Bushing FEBEST 2011-2017 Honda Odyssey HSB-YD2SF,FEBEST,,General,UNCLASSIFIED,USED,NEW,OEM,86.72,USD,HSB-YD2SF,398121202079,HSB-YD2SF,HSB-YD2SF,,,https://www.ebay.com/itm/398121202079,2,CONFIRMED,,,,,,,,,,
Used Brake Hydraulic Line Audi Q7 2007 OEM 7L0614161B,Audi,,Brakes,UNCLASSIFIED,USED,NEW,OEM,43.71,USD,SAPOP16-MT-366,398121202105,7L0614161B,7L0614161B,,,https://www.ebay.com/itm/398121202105,1,CONFIRMED,,,,,,,,,,
Used Intake Hose Audi Q7 2007-2010 OEM 7L6133778F,Audi,,General,UNCLASSIFIED,USED,NEW,OEM,43.8,USD,SAPOP16-MT-520,398121202123,7L6133778F,7L6133778F,,,https://www.ebay.com/itm/398121202123,1,CONFIRMED,,,,,,,,,,
2007 Lexus IS250 Fuel Hose No. 2 OEM 23233-31050 Used,Lexus,,General,UNCLASSIFIED,USED,NEW,OEM,91.8,USD,LEX-IS-1277-FL-F,398121202149,23233-31050,23233-31050,,,https://www.ebay.com/itm/398121202149,1,CONFIRMED,,,,,,,,,,
Used Front Door Window Volkswagen Tiguan 2010 OEM 5N0845202,Volkwagen,,Body,UNCLASSIFIED,USED,NEW,OEM,140.58,USD,VOL-TIG-0710-DR2-BB,398121202160,5N0845202,5N0845202,,,https://www.ebay.com/itm/398121202160,1,CONFIRMED,,,,,,,,,,
Used Crankcase Breather Hose Volkswagen Tiguan 2010 OEM 1K0133778AH,Volkwagen,,General,UNCLASSIFIED,USED,NEW,OEM,43.79,USD,VOL-TIG-0710-AI-P,398121202167,1K0133778AH,1K0133778AH,,,https://www.ebay.com/itm/398121202167,1,CONFIRMED,,,,,,,,,,
Used Sun Visor Audi Q7 2007 OEM 4L0857551K,Audi,,General,UNCLASSIFIED,USED,NEW,OEM,87.42,USD,SAPOP16-SJ-845,398121202170,4L0857551K,4L0857551K,,,https://www.ebay.com/itm/398121202170,1,CONFIRMED,,,,,,,,,,
Used Steering Sensor Assembly Jaguar XF 2017 OEM T4N16223,Jaguar,,Electrical,UNCLASSIFIED,USED,NEW,OEM,52.44,USD,JAG-XF-9202-DB-SSSS,398121202194,T4N16223,T4N16223,,,https://www.ebay.com/itm/398121202194,1,CONFIRMED,,,,,,,,,,
Used Engine Cooling Pipe Clamp Porsche Cayenne S 2008 OE...,Porsche,,Engine,UNCLASSIFIED,USED,NEW,OEM,52.45,USD,POR-CAY-9697-EN-TT,398121202200,"",,,,https://www.ebay.com/itm/398121202200,1,CONFIRMED,,,,,,,,,,
Febest Rear Cross Member Bushing Side Link NAB-113,FEBEST,,General,UNCLASSIFIED,USED,NEW,OEM,31.01,USD,SAP-15499,398121202206,NAB-113,NAB-113,,,https://www.ebay.com/itm/398121202206,3,NEEDS_REVIEW,,,,,,,,,,
Used Wiper Switch Assembly Lexus IS250 2007 OEM 8465230551,Lexus,,General,UNCLASSIFIED,USED,NEW,OEM,78.5,USD,LEX-IS-1277-DB-I,398121202236,8465230551,8465230551,,,https://www.ebay.com/itm/398121202236,1,CONFIRMED,,,,,,,,,,
Front Control Arm Bushing FEBEST NISSAN NAB-109,FEBEST,,Suspension,UNCLASSIFIED,USED,NEW,OEM,86.72,USD,NAB-109,398121202264,NAB-109,NAB-109,,,https://www.ebay.com/itm/398121202264,2,NEEDS_REVIEW,,,,,,,,,,
Differential Mount Bushing Toyota Sienna TMB-MCL25 February 2003-2010,FEBEST,,Transmission,UNCLASSIFIED,USED,NEW,OEM,38.69,USD,SAP-18544,398121202320,TMB-MCL25,TMB-MCL25,,,https://www.ebay.com/itm/398121202320,3,CONFIRMED,,,,,,,,,,
Used Manual Valve Lever Lexus LS430 2002 OEM 3556130070,Lexus,,General,UNCLASSIFIED,USED,NEW,OEM,43.69,USD,SAPOP43-SJ-345,398121202332,3556130070,3556130070,,,https://www.ebay.com/itm/398121202332,1,CONFIRMED,,,,,,,,,,
FEBEST NISSAN Lower Control Arm Side Link Bushing NAB-248,FEBEST,,Suspension,UNCLASSIFIED,USED,NEW,OEM,86.72,USD,NAB-248,398121202395,NAB-248,NAB-248,,,https://www.ebay.com/itm/398121202395,2,NEEDS_REVIEW,,,,,,,,,,
Used Rear Bushing FEBEST 11-14 Ford Focus with Front Control Arm Bracket...,FEBEST,,Suspension,UNCLASSIFIED,USED,NEW,OEM,42.92,USD,FDAB-CB8RH,398121202402,FDAB-CB8RH,FDAB-CB8RH,,,https://www.ebay.com/itm/398121202402,2,NEEDS_REVIEW,,,,,,,,,,
Front Control Arm Rear Bushing FEBEST TOYOTA TAB-006,FEBEST,,Suspension,UNCLASSIFIED,USED,NEW,OEM,86.72,USD,TAB-006,398121202442,TAB-006,TAB-006,,,https://www.ebay.com/itm/398121202442,2,NEEDS_REVIEW,,,,,,,,,,
Used Rear Cross Member Bushing Kia Rio February 2011-2017 HYAB-H5R,FEBEST,,General,UNCLASSIFIED,USED,NEW,OEM,42.92,USD,HYAB-H5R,398121202491,HYAB-H5R,HYAB-H5R,,,https://www.ebay.com/itm/398121202491,2,CONFIRMED,,,,,,,,,,
Rear Stabilizer Bushing FEBEST TOYOTA TSB-AGL25R,FEBEST,,General,UNCLASSIFIED,USED,NEW,OEM,34.16,USD,TSB-AGL25R,398121202507,TSB-AGL25R,TSB-AGL25R,,,https://www.ebay.com/itm/398121202507,2,NEEDS_REVIEW,,,,,,,,,,
Rear Arm Bushing Toyota 4Runner February 2009 TAB-157,FEBEST,,General,UNCLASSIFIED,USED,NEW,OEM,29.52,USD,SAP-15588,398121202542,TAB-157; 4RUNNER,TAB-157,,,https://www.ebay.com/itm/398121202542,3,CONFIRMED,,,,,,,,,,
Used Air Conditioning Condenser Lexus IS250 2007 OEM 88460-53030,Lexus,,General,UNCLASSIFIED,USED,NEW,OEM,240.55,USD,LEX-IS-1277-AC-Q,398121202577,88460-53030,88460-53030,,,https://www.ebay.com/itm/398121202577,1,CONFIRMED,,,,,,,,,,
Used Brake Hydraulic Line Support Audi Q7 2007 OEM 7L0614514A,Audi,,Brakes,UNCLASSIFIED,USED,NEW,OEM,43.7,USD,SAPOP16-MT-370,398121202599,7L0614514A,7L0614514A,,,https://www.ebay.com/itm/398121202599,1,CONFIRMED,,,,,,,,,,
Used Front Wiper Arm BMW 740Li 2012 OEM 61617182459,BMW,,General,UNCLASSIFIED,USED,NEW,OEM,87.43,USD,BMW-740-C576-WS1-B,398121202612,61617182459,61617182459,,,https://www.ebay.com/itm/398121202612,1,CONFIRMED,,,,,,,,,,
Used Steering Column Jaguar XF 2017 OEM T2H52302,Jaguar,,General,UNCLASSIFIED,USED,NEW,OEM,349.68,USD,JAG-XF-9202-DB-FFFF,398121202637,T2H52302,T2H52302,,,https://www.ebay.com/itm/398121202637,1,CONFIRMED,,,,,,,,,,
Used Air Duct Audi Q7 Instrument Panel 2010 OEM 7L0819633,Audi,,Body,UNCLASSIFIED,USED,NEW,OEM,116.06,USD,AUDI-Q7-1712-IPD-3,398121202638,7L0819633,7L0819633,,,https://www.ebay.com/itm/398121202638,1,CONFIRMED,,,,,,,,,,
Used Connector Support Lexus LS460 2007 OEM 82666-50690,Lexus,,General,UNCLASSIFIED,USED,NEW,OEM,87.56,USD,LEX-LS-3145-DB-MMMM,398121202673,82666-50690,82666-50690,,,https://www.ebay.com/itm/398121202673,1,CONFIRMED,,,,,,,,,,
Rear Control Arm Bushing Audi A8 FEBEST 1997-1998 ADAB-021,FEBEST,,Suspension,UNCLASSIFIED,USED,NEW,OEM,34.16,USD,ADAB-021,398121202686,ADAB-021,ADAB-021,,,https://www.ebay.com/itm/398121202686,2,CONFIRMED,,,,,,,,,,
Used Radiator Shutter Assembly Audi TT 2009 OEM 1K0121223,Audi,,Cooling,UNCLASSIFIED,USED,NEW,OEM,43.74,USD,AUD-TT-4018- CL-N,398121202705,1K0121223,1K0121223,,,https://www.ebay.com/itm/398121202705,1,CONFIRMED,,,,,,,,,,
Used Absolute Pressure Sensor Volkswagen Tiguan CC 2010 OEM...,Volkwagen,,Electrical,UNCLASSIFIED,USED,NEW,OEM,87.59,USD,VOL-TIG-0710-AI-N,398121202722,"",,,,https://www.ebay.com/itm/398121202722,1,CONFIRMED,,,,,,,,,,
Used Wiring Dashboard Lexus IS250 2007 OEM 82141-53A60,Lexus,,Electrical,UNCLASSIFIED,USED,NEW,OEM,1618.26,USD,LEX-IS-1277-DB-KK,398121202740,82141-53A60,82141-53A60,,,https://www.ebay.com/itm/398121202740,1,CONFIRMED,,,,,,,,,,
Used Heat Shield Jaguar F Pace 2018 OEM JDE38613,Jaguar,,General,UNCLASSIFIED,USED,NEW,OEM,43.69,USD,SAPOP24-SJ-39,398121202741,JDE38613,JDE38613,,,https://www.ebay.com/itm/398121202741,1,NOT_VERIFIED,,,,,,,,,,
Rear Cross Member Bushing FEBEST GEELY TAB-433,FEBEST,,General,UNCLASSIFIED,USED,NEW,OEM,42.92,USD,TAB-433,398121202776,TAB-433,TAB-433,,,https://www.ebay.com/itm/398121202776,2,NEEDS_REVIEW,,,,,,,,,,
Used Drain Cooling Hose Toyota Camry 2018 OEM 88539-33130,Toyota,,General,UNCLASSIFIED,USED,NEW,OEM,87.62,USD,TOY-CAM-9731-AC-I,398121202781,88539-33130,88539-33130,,,https://www.ebay.com/itm/398121202781,1,CONFIRMED,,,,,,,,,,
Used Engine Cooling Hose Elbow Audi TT 2009 OEM 06F121057C,Audi,,Engine,UNCLASSIFIED,USED,NEW,OEM,43.74,USD,AUD-TT-4018- CL-S,398121202786,06F121057C,06F121057C,,,https://www.ebay.com/itm/398121202786,1,CONFIRMED,,,,,,,,,,
Rear Stabilizer Bushing FEBEST TOYOTA TSB-JZX90R,FEBEST,,General,UNCLASSIFIED,USED,NEW,OEM,86.72,USD,TSB-JZX90R,398121202838,TSB-JZX90R,TSB-JZX90R,,,https://www.ebay.com/itm/398121202838,2,NEEDS_REVIEW,,,,,,,,,,
Used GPS Antenna Jaguar XF 2017 OEM C2D38205,Jaguar,,General,UNCLASSIFIED,USED,NEW,OEM,174.86,USD,JAG-XF-9202-DB-TTT,398121202875,C2D38205,C2D38205,,,https://www.ebay.com/itm/398121202875,1,CONFIRMED,,,,,,,,,,
Used Sun Visor Mercedes GL500 2008 OEM A16481011108K63,Mercedes-Benz,,General,UNCLASSIFIED,USED,NEW,OEM,70.07,USD,MRC-GL5-9750-RF-G,398121202893,A16481011108K63,A16481011108K63,,,https://www.ebay.com/itm/398121202893,1,CONFIRMED,,,,,,,,,,
Used Right Front Disc Lexus LS460 2007 OEM 43512-50250,Lexus,,General,UNCLASSIFIED,USED,NEW,OEM,161.73,USD,LEX-LS-3145-SU-CCC,398121202921,43512-50250,43512-50250,,,https://www.ebay.com/itm/398121202921,1,CONFIRMED,,,,,,,,,,
Used Intercooler Support Frame BMW 335i 2009 OEM 17117521783,BMW,,General,UNCLASSIFIED,USED,NEW,OEM,52.55,USD,BMW-35i-2687-CL-C,398121202943,17117521783,17117521783,,,https://www.ebay.com/itm/398121202943,1,CONFIRMED,,,,,,,,,,
Left Front Stabilizer Link Febest 0123-QNC20FL,FEBEST,,General,UNCLASSIFIED,USED,NEW,OEM,32.6,USD,SAP-22512,398121202955,0123-QNC20FL,0123-QNC20FL,,,https://www.ebay.com/itm/398121202955,3,NEEDS_REVIEW,,,,,,,,,,
Febest 07-15 Audi Q7 Front Control Arm Bushing Hydro V...,FEBEST,,Suspension,UNCLASSIFIED,USED,NEW,OEM,38.42,USD,SAP-22321,398121202968,VWAB-007,VWAB-007,,,https://www.ebay.com/itm/398121202968,3,NEEDS_REVIEW,,,,,,,,,,
Used Front Mud Guard Mercedes-Benz GL-500 2008 OEM A1648890425,Mercedes-Benz,,General,UNCLASSIFIED,USED,NEW,OEM,52.53,USD,MRC-GL5-9750-FD2-C,398121202994,A1648890425; GL-500,A1648890425,,,https://www.ebay.com/itm/398121202994,1,NEEDS_REVIEW,,,,,,,,,,
Used Cup Holder BMW 335i 2009 OEM 51166963910,BMW,,General,UNCLASSIFIED,USED,NEW,OEM,52.45,USD,BMW-35i-2687-CC-X,398121203031,51166963910,51166963910,,,https://www.ebay.com/itm/398121203031,1,CONFIRMED,,,,,,,,,,
"Bushing Infiniti JX35 February 2013, Rear Control Arm NAB-295",FEBEST,,Suspension,UNCLASSIFIED,USED,NEW,OEM,86.72,USD,NAB-295,398121203084,NAB-295,NAB-295,,,https://www.ebay.com/itm/398121203084,2,CONFIRMED,,,,,,,,,,
Febest Bushing for Rear Arm BZAB-027,FEBEST,,General,UNCLASSIFIED,USED,NEW,OEM,31.11,USD,SAP-22371,398121203100,BZAB-027,BZAB-027,,,https://www.ebay.com/itm/398121203100,3,NEEDS_REVIEW,,,,,,,,,,
Used Door Jamb Switch Toyota Corolla 2019 OEM 8423108030,Toyota Corolla,,Body,UNCLASSIFIED,USED,NEW,OEM,43.7,USD,SAPOP52-MT-246,398121203102,8423108030,8423108030,,,https://www.ebay.com/itm/398121203102,1,CONFIRMED,,,,,,,,,,
FEBEST Bushing BMW for Rear Arm BMAB-018,FEBEST,,General,UNCLASSIFIED,USED,NEW,OEM,86.72,USD,BMAB-018,398121203243,BMAB-018,BMAB-018,,,https://www.ebay.com/itm/398121203243,2,NEEDS_REVIEW,,,,,,,,,,
Used Floor Pan Audi TT 2009 OEM 8J0803073D,Audi,,General,UNCLASSIFIED,USED,NEW,OEM,92.28,USD,AUD-TT-4018-CH-YY,398121203244,8J0803073D,8J0803073D,,,https://www.ebay.com/itm/398121203244,1,CONFIRMED,,,,,,,,,,
Used Transmission Heat Shield Jaguar F-Pace 2018 OEM T2J1550,Jaguar,,Transmission,UNCLASSIFIED,USED,NEW,OEM,43.71,USD,SAPOP24-SJ-779,398121203297,T2J1550,T2J1550,,,https://www.ebay.com/itm/398121203297,1,CONFIRMED,,,,,,,,,,
Used Door Glass Jaguar XF 2017 OEM T2H1152,Jaguar,,Body,UNCLASSIFIED,USED,NEW,OEM,136.23,USD,JAG-XF-9202-DR4-F,398121203383,T2H1152,T2H1152,,,https://www.ebay.com/itm/398121203383,1,CONFIRMED,,,,,,,,,,
Used Fuel Injector Lexus IS250 2007 OEM 2320939057A0,Lexus,,General,UNCLASSIFIED,USED,NEW,OEM,87.23,USD,LEX-IS-1277-FL-C,398121203448,2320939057A0,2320939057A0,,,https://www.ebay.com/itm/398121203448,1,CONFIRMED,,,,,,,,,,
FEBEST Front Stabilizer Bushing 2003-2008 NSB-V35F Nissan 350Z,FEBEST,,General,UNCLASSIFIED,USED,NEW,OEM,86.72,USD,NSB-V35F,398121203520,NSB-V35F,NSB-V35F,,,https://www.ebay.com/itm/398121203520,2,CONFIRMED,,,,,,,,,,
FEBEST Rear Differential Bushing 2016-2021 BMW X3 BMAB-G01FDM,FEBEST,,Transmission,UNCLASSIFIED,USED,NEW,OEM,42.92,USD,BMAB-G01FDM,398121203539,BMAB-G01FDM,BMAB-G01FDM,,,https://www.ebay.com/itm/398121203539,2,CONFIRMED,,,,,,,,,,
Used Turn Signal and Headlight Dimmer Cadillac CTS 2011 OEM 20998955,Cadillac,,General,UNCLASSIFIED,USED,NEW,OEM,52.45,USD,CAD-CTS-7984-DB-R,398121203542,20998955,20998955,,,https://www.ebay.com/itm/398121203542,1,CONFIRMED,,,,,,,,,,
FEBEST Rear Stabilizer Bushing Nissan Maxima 2004-2010 NSB-J31R,FEBEST,,General,UNCLASSIFIED,USED,NEW,OEM,86.72,USD,NSB-J31R,398121203556,NSB-J31R,NSB-J31R,,,https://www.ebay.com/itm/398121203556,2,CONFIRMED,,,,,,,,,,
Used Piston Volkswagen Tiguan Jetta 2017 OEM 06H107065DD,VolksWagen,,Engine,UNCLASSIFIED,USED,NEW,OEM,43.71,USD,SAPOP40-SJ-325,398121203586,06H107065DD,06H107065DD,,,https://www.ebay.com/itm/398121203586,1,CONFIRMED,,,,,,,,,,
Used Wheel Hub Jaguar XF 2017 OEM T2H18969,Jaguar,,Wheels,UNCLASSIFIED,USED,NEW,OEM,87.41,USD,JAG-XF-9202-SU-P,398121203631,T2H18969,T2H18969,,,https://www.ebay.com/itm/398121203631,1,CONFIRMED,,,,,,,,,,
Used Parking Assistance Sensor Mercedes-Benz GL500 2008 OEM...,Mercedes-Benz,,Electrical,UNCLASSIFIED,USED,NEW,OEM,88.67,USD,MRC-GL5-9750-BP1-G,398121203639,"",,,,https://www.ebay.com/itm/398121203639,1,CONFIRMED,,,,,,,,,,
Used Instrument Cluster Lens Toyota Corolla 2017 OEM 5541002470C0,Toyota Corolla,,General,UNCLASSIFIED,USED,NEW,OEM,43.69,USD,SAPOP52-MT-404,398121203648,5541002470C0,5541002470C0,,,https://www.ebay.com/itm/398121203648,1,CONFIRMED,,,,,,,,,,
FEBEST Subframe Bushing VWAB-TIGF2,FEBEST,,General,UNCLASSIFIED,USED,NEW,OEM,35.94,USD,SAP-18651,398121203754,VWAB-TIGF2,VWAB-TIGF2,,,https://www.ebay.com/itm/398121203754,3,NEEDS_REVIEW,,,,,,,,,,
Used Engine Air Intake Hose Volkswagen Jetta 2013 1K0129618AD,Volkswagen,,Engine,UNCLASSIFIED,USED,NEW,OEM,87.41,USD,SAPOP38-AL-33,398121203842,1K0129618AD,1K0129618AD,,,https://www.ebay.com/itm/398121203842,1,CONFIRMED,,,,,,,,,,
Used Low Note Horn Jaguar F-Pace 2018 OEM T4N4042,Jaguar,,General,UNCLASSIFIED,USED,NEW,OEM,43.71,USD,SAPOP24-SJ-825,398121203909,T4N4042,T4N4042,,,https://www.ebay.com/itm/398121203909,1,CONFIRMED,,,,,,,,,,
Used B-Pillar Reinforcement Lexus LS460 2007 OEM 610...,Lexus,,General,UNCLASSIFIED,USED,NEW,OEM,450.21,USD,LEX-LS-3145-CH-II,398121203940,"",,,,https://www.ebay.com/itm/398121203940,1,CONFIRMED,,,,,,,,,,
Used Automatic Transmission Mercedes-Benz GL500 2008 OEM A1642705202,Mercedes-Benz,,Transmission,UNCLASSIFIED,USED,NEW,OEM,578.96,USD,MRC-GL5-9750-TR-E,398121203952,A1642705202,A1642705202,,,https://www.ebay.com/itm/398121203952,1,CONFIRMED,,,,,,,,,,
Used Instrument Cluster Lens Lexus IS250 2007 OEM 55404-53050,Lexus,,General,UNCLASSIFIED,USED,NEW,OEM,69.97,USD,LEX-IS-1277-DB-P,398121203974,55404-53050,55404-53050,,,https://www.ebay.com/itm/398121203974,1,CONFIRMED,,,,,,,,,,
FEBEST Bushing Subaru Forester 98-02 for Lateral Control Arm...,FEBEST,,Suspension,UNCLASSIFIED,USED,NEW,OEM,32.23,USD,SAP-21901,398121204018,SAB-004,SAB-004,,,https://www.ebay.com/itm/398121204018,3,NEEDS_REVIEW,,,,,,,,,,
Used Rear Cross Link Bushing Ford Expedition February 2003-2013 FDAB-094,FEBEST,,General,UNCLASSIFIED,USED,NEW,OEM,38.31,USD,SAP-22116,398121204049,FDAB-094,FDAB-094,,,https://www.ebay.com/itm/398121204049,3,CONFIRMED,,,,,,,,,,
Used Wheel Carrier BMW X5 2008 OEM 33326879101,BMW,,Wheels,UNCLASSIFIED,USED,NEW,OEM,218.58,USD,BMW-X5-4619-SU-CCC,398121204058,33326879101,33326879101,,,https://www.ebay.com/itm/398121204058,1,CONFIRMED,,,,,,,,,,
Used Wheel Disc Toyota Camry 2018 OEM 42611-33B80,Toyota,,Wheels,UNCLASSIFIED,USED,NEW,OEM,187.97,USD,TOY-CAM-9731-WH2-A,398121204063,42611-33B80,42611-33B80,,,https://www.ebay.com/itm/398121204063,1,CONFIRMED,,,,,,,,,,
Used Clock Assembly Lexus LS460 2007 OEM 83910-50050,Lexus,,General,UNCLASSIFIED,USED,NEW,OEM,43.69,USD,LEX-LS-3145-DB-LL,398121204146,83910-50050,83910-50050,,,https://www.ebay.com/itm/398121204146,1,CONFIRMED,,,,,,,,,,
Used Radiator Core Support Frame BMW 740Li 2012 OEM 17117575247,BMW,,Cooling,UNCLASSIFIED,USED,NEW,OEM,170.5,USD,BMW-740-C576-CL-D,398121204183,17117575247,17117575247,,,https://www.ebay.com/itm/398121204183,1,CONFIRMED,,,,,,,,,,
FEBEST 2001-2006 Acura MDX Rear Control Arm Bushing HAB-107,FEBEST,,Suspension,UNCLASSIFIED,USED,NEW,OEM,86.72,USD,HAB-107,398121204244,HAB-107,HAB-107,,,https://www.ebay.com/itm/398121204244,2,CONFIRMED,,,,,,,,,,
Used Return Hose and Heater Tube Dodge Charger 2013 OEM...,Dodge,,General,UNCLASSIFIED,USED,NEW,OEM,56.82,USD,DOG-CHG-3627-AC-O,398121204300,"",,,,https://www.ebay.com/itm/398121204300,1,CONFIRMED,,,,,,,,,,
Used Headlight Support Audi A6 2016-2018 OEM 4G0805608A,Audi,,General,UNCLASSIFIED,USED,NEW,OEM,100.52,USD,Audi-A6-Quattro-6737-HLB,398121204298,4G0805608A,4G0805608A,,,https://www.ebay.com/itm/398121204298,1,CONFIRMED,,,,,,,,,,
Used Fuel Filler Cap Jaguar F-Pace 2018 OEM C2D52672,Jaguar,,General,UNCLASSIFIED,USED,NEW,OEM,43.71,USD,SAPOP24-SJ-167,398121204301,C2D52672,C2D52672,,,https://www.ebay.com/itm/398121204301,1,CONFIRMED,,,,,,,,,,
"Bushing Kia Sorento February 2003-2006, Rear Arm KAB-015",FEBEST,,General,UNCLASSIFIED,USED,NEW,OEM,34.16,USD,KAB-015,398121204316,KAB-015,KAB-015,,,https://www.ebay.com/itm/398121204316,2,CONFIRMED,,,,,,,,,,
Used Window Switch Volkswagen Tiguan Golf 2010 OEM 5K4...,Volkwagen,,General,UNCLASSIFIED,USED,NEW,OEM,74.68,USD,VOL-TIG-0710-DR1-L,398121204319,"",,,,https://www.ebay.com/itm/398121204319,1,CONFIRMED,,,,,,,,,,
Used Dashboard Gauge for Jaguar XF 2017 OEM C2D54305,Jaguar,,Interior,UNCLASSIFIED,USED,NEW,OEM,139.89,USD,JAG-XF-9202-DB-C,398121204353,C2D54305,C2D54305,,,https://www.ebay.com/itm/398121204353,1,CONFIRMED,,,,,,,,,,
Used Hatch Trim for Jaguar XF 2017 OEM L T2H1209,Jaguar,,Wheels,UNCLASSIFIED,USED,NEW,OEM,87.24,USD,JAG-XF-9202-TK-CC,398121204415,T2H1209,T2H1209,,,https://www.ebay.com/itm/398121204415,1,CONFIRMED,,,,,,,,,,
Used Air Duct Assembly for Toyota Camry 2018 OEM 87201-33530,Toyota,,General,UNCLASSIFIED,USED,NEW,OEM,52.57,USD,TOY-CAM-9731-AC-W,398121204428,87201-33530,87201-33530,,,https://www.ebay.com/itm/398121204428,1,CONFIRMED,,,,,,,,,,
Used Air Duct for Lexus IS250 2007 OEM 55843-53040,Lexus,,General,UNCLASSIFIED,USED,NEW,OEM,52.48,USD,LEX-IS-1277-AC-A,398121204439,55843-53040,55843-53040,,,https://www.ebay.com/itm/398121204439,1,CONFIRMED,,,,,,,,,,
Front Control Arm with Rear Bushing for Nissan Micra February 2015-2016,FEBEST,,Suspension,UNCLASSIFIED,USED,NEW,OEM,32.46,USD,SAP-21464,398121204470,NAB-K13B,NAB-K13B,,,https://www.ebay.com/itm/398121204470,3,CONFIRMED,,,,,,,,,,
Used Front Wiper Motor Mount for Audi TT 2009 OEM 8J1955457A,Audi,,Engine,UNCLASSIFIED,USED,NEW,OEM,87.86,USD,AUD-TT-4018- WS1-G,398121204615,8J1955457A,8J1955457A,,,https://www.ebay.com/itm/398121204615,1,CONFIRMED,,,,,,,,,,
Used Intake Hose for Volkswagen Tiguan 2010 OEM 5N0201983B,Volkwagen,,General,UNCLASSIFIED,USED,NEW,OEM,61.31,USD,VOL-TIG-0710-FL-G,398121204641,5N0201983B,5N0201983B,,,https://www.ebay.com/itm/398121204641,1,CONFIRMED,,,,,,,,,,
Used Right Front Wiper Arm for Lexus IS 250 2007 OEM 85211-53080,Lexus,,General,UNCLASSIFIED,USED,NEW,OEM,91.85,USD,LEX-IS-1277-WS1-B,398121204651,85211-53080,85211-53080,,,https://www.ebay.com/itm/398121204651,1,CONFIRMED,,,,,,,,,,
Left Front Stabilizer Link FEBEST NISSAN 0223-C23FL,FEBEST,,General,UNCLASSIFIED,USED,NEW,OEM,86.72,USD,0223-C23FL,398121204654,0223-C23FL,0223-C23FL,,,https://www.ebay.com/itm/398121204654,2,NEEDS_REVIEW,,,,,,,,,,
FEBEST 2012-2017 Hyundai Santa Fe Left Rear Control Arm Bushing HYAB-SFB8L,FEBEST,,Suspension,UNCLASSIFIED,USED,NEW,OEM,42.92,USD,HYAB-SFB8L,398121204710,HYAB-SFB8L,HYAB-SFB8L,,,https://www.ebay.com/itm/398121204710,2,CONFIRMED,,,,,,,,,,
FEBEST 2003-2017 Ford Expedition Stabilizer Link Bar...,FEBEST,,General,UNCLASSIFIED,USED,NEW,OEM,42.92,USD,2123-U324F,398121204754,2123-U324F,2123-U324F,,,https://www.ebay.com/itm/398121204754,2,CONFIRMED,,,,,,,,,,
Used Door Belt Molding for Jaguar XF 2017 OEM T2H35864,Jaguar,,Body,UNCLASSIFIED,USED,NEW,OEM,52.45,USD,JAG-XF-9202-DR1-EE,398121204831,T2H35864,T2H35864,,,https://www.ebay.com/itm/398121204831,1,CONFIRMED,,,,,,,,,,
Used Self-Leveling Suspension Valve for Audi Q7 2007-2016 OEM 7L0698014C,Audi,,Suspension,UNCLASSIFIED,USED,NEW,OEM,113.65,USD,AUDI-Q7-1712-SLV-1,398121204830,7L0698014C,7L0698014C,,,https://www.ebay.com/itm/398121204830,1,CONFIRMED,,,,,,,,,,
Rear Leaf Spring Bushing for Nissan Frontier FEBEST 2004 NSB-046,FEBEST,,Suspension,UNCLASSIFIED,USED,NEW,OEM,34.16,USD,NSB-046,398121204860,NSB-046,NSB-046,,,https://www.ebay.com/itm/398121204860,2,CONFIRMED,,,,,,,,,,
FEBEST 14-26 INFINITI QX80 Upper Rear Control Arm Bushing...,FEBEST,,Suspension,UNCLASSIFIED,USED,NEW,OEM,86.72,USD,NAB-337,398121204937,NAB-337,NAB-337,,,https://www.ebay.com/itm/398121204937,2,NEEDS_REVIEW,,,,,,,,,,
Used Brake Pipe for Mazda B2300 2008 OEM BP4K45350B,Mazda,,Brakes,UNCLASSIFIED,USED,NEW,OEM,61.19,USD,MAZ-MZ3-2088-BR-D,398121205068,BP4K45350B,BP4K45350B,,,https://www.ebay.com/itm/398121205068,1,CONFIRMED,,,,,,,,,,
Used Stop Light Switch for Audi Q7 2007 OEM 7L6945511,Audi,,General,UNCLASSIFIED,USED,NEW,OEM,139.88,USD,AUDI-Q7-1712-BLS-1,398121205087,7L6945511,7L6945511,,,https://www.ebay.com/itm/398121205087,1,CONFIRMED,,,,,,,,,,
Used Dashboard Trim for Jaguar XF 2017 OEM T2H21771,Jaguar,,Interior,UNCLASSIFIED,USED,NEW,OEM,52.45,USD,JAG-XF-9202-DB-BB,398121205548,T2H21771,T2H21771,,,https://www.ebay.com/itm/398121205548,1,CONFIRMED,,,,,,,,,,
Upper Front Control Arm with Bushing FEBEST TAB-365,FEBEST,,Suspension,UNCLASSIFIED,USED,NEW,OEM,86.72,USD,TAB-365,398121205568,TAB-365,TAB-365,,,https://www.ebay.com/itm/398121205568,2,NEEDS_REVIEW,,,,,,,,,,
Used Tail Light for Volkswagen Tiguan GTI 2010 OEM 7L6947101A,Volkwagen,,General,UNCLASSIFIED,USED,NEW,OEM,43.79,USD,VOL-TIG-0710-RF-AA,398121205715,7L6947101A,7L6947101A,,,https://www.ebay.com/itm/398121205715,1,CONFIRMED,,,,,,,,,,
Lower Control Arm Bushing for Toyota Hilux FEBEST February...,FEBEST,,Suspension,UNCLASSIFIED,USED,NEW,OEM,40.22,USD,SAP-21705,398121205732,TAB-376,TAB-376,,,https://www.ebay.com/itm/398121205732,3,NEEDS_REVIEW,,,,,,,,,,
Used Automatic Transmission Oil Cooler for Lexus IS250 2007...,Lexus,,Transmission,UNCLASSIFIED,USED,NEW,OEM,52.33,USD,LEX-IS-1277-TR-D,398121205850,"",,,,https://www.ebay.com/itm/398121205850,1,CONFIRMED,,,,,,,,,,
"Bushing for Nissan Murano February 2003-2007, Rear Control Arm NAB-272",FEBEST,,Suspension,UNCLASSIFIED,USED,NEW,OEM,31.73,USD,SAP-21445,398121205899,NAB-272,NAB-272,,,https://www.ebay.com/itm/398121205899,3,CONFIRMED,,,,,,,,,,
Used High Pressure Fuel Rail for BMW 740Li 2012 OEM 13537575480,BMW,,General,UNCLASSIFIED,USED,NEW,OEM,74.71,USD,BMW-740-C576-FL-L,398121205981,13537575480,13537575480,,,https://www.ebay.com/itm/398121205981,1,CONFIRMED,,,,,,,,,,
Used Front Bumper Support for BMW X5 2008 OEM 51117165458,BMW,,Body,UNCLASSIFIED,USED,NEW,OEM,288.53,USD,BMW-X5-4619-BP-A,398121206175,51117165458,51117165458,,,https://www.ebay.com/itm/398121206175,1,CONFIRMED,,,,,,,,,,
FEBEST 90-91 Suzuki Sidekick Rear Upper Control Arm Bushing...,FEBEST,,Suspension,UNCLASSIFIED,USED,NEW,OEM,86.72,USD,SZAB-002,398121206189,SZAB-002,SZAB-002,,,https://www.ebay.com/itm/398121206189,2,NEEDS_REVIEW,,,,,,,,,,
FEBEST 01-07 Front Stabilizer Bushing for Toyota Sequoia TSB-UCK30F,FEBEST,,General,UNCLASSIFIED,USED,NEW,OEM,29.63,USD,SAP-21344,398121206204,TSB-UCK30F,TSB-UCK30F,,,https://www.ebay.com/itm/398121206204,3,NEEDS_REVIEW,,,,,,,,,,
Used Trunk Lid for BMW 740Li 2009-2015 OEM 41627172332,BMW,,Body,UNCLASSIFIED,USED,NEW,OEM,535.98,USD,BMW-740-C576-TK-P,398121206258,41627172332,41627172332,,,https://www.ebay.com/itm/398121206258,1,CONFIRMED,,,,,,,,,,
Rear Crossmember Bushing FEBEST 1997-2003 Subaru Legacy SAB-011,FEBEST,,General,UNCLASSIFIED,USED,NEW,OEM,86.72,USD,SAB-011,398121206364,SAB-011,SAB-011,,,https://www.ebay.com/itm/398121206364,2,CONFIRMED,,,,,,,,,,
Used Underbody Protection Shield for Porsche Cayenne S 2008 OEM...,Porsche,,General,UNCLASSIFIED,USED,NEW,OEM,52.45,USD,POR-CAY-9697-TR-W,398121206609,"",,,,https://www.ebay.com/itm/398121206609,1,CONFIRMED,,,,,,,,,,
FEBEST 15-16 Mercedes-Benz A180 Rear Control Arm Bushing...,FEBEST,,Suspension,UNCLASSIFIED,USED,NEW,OEM,33.51,USD,SAP-22305,398121206631,BZAB-156B,BZAB-156B,,,https://www.ebay.com/itm/398121206631,3,NEEDS_REVIEW,,,,,,,,,,
Front Control Arm with Front Bushing FEBEST MZAB-MZ3S,FEBEST,,Suspension,UNCLASSIFIED,USED,NEW,OEM,86.72,USD,MZAB-MZ3S,398121208612,MZAB-MZ3S,MZAB-MZ3S,,,https://www.ebay.com/itm/398121208612,2,NEEDS_REVIEW,,,,,,,,,,
Stabilizer Bar Bushing FEBEST 1993-1999 TOYOTA CELICA TSB-ST203R,FEBEST,,General,UNCLASSIFIED,USED,NEW,OEM,86.72,USD,TSB-ST203R,398121208667,TSB-ST203R,TSB-ST203R,,,https://www.ebay.com/itm/398121208667,2,CONFIRMED,,,,,,,,,,
Used Steering Wheel for Jaguar XF 2017 OEM T4N5762PVJ,Jaguar,,Interior,UNCLASSIFIED,USED,NEW,OEM,393.39,USD,JAG-XF-9202-DB-UUU,398121208757,T4N5762PVJ,T4N5762PVJ,,,https://www.ebay.com/itm/398121208757,1,CONFIRMED,,,,,,,,,,
Used Intake Manifold for Cadillac CTS 2011 OEM 12635448,Cadillac,,Engine,UNCLASSIFIED,USED,NEW,OEM,139.86,USD,CAD-CTS-7984-EN-M,398121208849,12635448,12635448,,,https://www.ebay.com/itm/398121208849,1,CONFIRMED,,,,,,,,,,
Rear Knuckle Bushing FEBEST CDAB-039,FEBEST,,General,UNCLASSIFIED,USED,NEW,OEM,41.37,USD,SAP-21712,398121208905,CDAB-039,CDAB-039,,,https://www.ebay.com/itm/398121208905,3,NEEDS_REVIEW,,,,,,,,,,
"Bushing FEBEST, Upper Front Control Arm ISAB-002",FEBEST,,Suspension,UNCLASSIFIED,USED,NEW,OEM,34.16,USD,ISAB-002,398121210147,ISAB-002,ISAB-002,,,https://www.ebay.com/itm/398121210147,2,NEEDS_REVIEW,,,,,,,,,,
Used Wiper Arm for Audi Q7 2007-2016 OEM 4L1955408B1P9,Audi,,General,UNCLASSIFIED,USED,NEW,OEM,104.9,USD,AUDI-Q7-1712-WWA-4,398121210175,4L1955408B1P9,4L1955408B1P9,,,https://www.ebay.com/itm/398121210175,1,CONFIRMED,,,,,,,,,,
Used Crankshaft Position Sensor for Ford Fiesta 2016 OEM...,Ford,,Engine,UNCLASSIFIED,USED,NEW,OEM,44.11,USD,FOR-FIE-0110-EN-G,398121210363,"",,,,https://www.ebay.com/itm/398121210363,1,CONFIRMED,,,,,,,,,,
Front Stabilizer Link FEBEST NISSAN 0223-S50F,FEBEST,,General,UNCLASSIFIED,USED,NEW,OEM,86.72,USD,0223-S50F,398121210830,0223-S50F,0223-S50F,,,https://www.ebay.com/itm/398121210830,2,NEEDS_REVIEW,,,,,,,,,,
Steering column bushing Toyota Land Cruiser 2006-2007 TAB-042,FEBEST,,General,UNCLASSIFIED,USED,NEW,OEM,86.72,USD,TAB-042,398121211057,TAB-042,TAB-042,,,https://www.ebay.com/itm/398121211057,2,CONFIRMED,,,,,,,,,,
FEBEST 1995-2002 Toyota 4Runner rear control arm bushing TAB-169,FEBEST,,Suspension,UNCLASSIFIED,USED,NEW,OEM,34.16,USD,TAB-169,398121211070,TAB-169; 4RUNNER,TAB-169,,,https://www.ebay.com/itm/398121211070,2,CONFIRMED,,,,,,,,,,
Dashboard air duct Lexus LS460 2007 used OEM 63930-50010,Lexus,,Interior,UNCLASSIFIED,USED,NEW,OEM,74.3,USD,LEX-LS-3145-AC-QQ,398121211210,63930-50010,63930-50010,,,https://www.ebay.com/itm/398121211210,1,CONFIRMED,,,,,,,,,,
Rear shock absorber bushing FEBEST NISSAN NSB-F24M,FEBEST,,Suspension,UNCLASSIFIED,USED,NEW,OEM,86.72,USD,NSB-F24M,398121211625,NSB-F24M,NSB-F24M,,,https://www.ebay.com/itm/398121211625,2,NEEDS_REVIEW,,,,,,,,,,
Brake line BMW 335i 2009 used OEM 34326853500,BMW,,Brakes,UNCLASSIFIED,USED,NEW,OEM,65.56,USD,BMW-35i-2687-BR-N,398121211707,34326853500,34326853500,,,https://www.ebay.com/itm/398121211707,1,CONFIRMED,,,,,,,,,,
Front stabilizer bar bushing FEBEST TOYOTA TSB-755P,FEBEST,,General,UNCLASSIFIED,USED,NEW,OEM,86.72,USD,TSB-755P,398121211860,TSB-755P,TSB-755P,,,https://www.ebay.com/itm/398121211860,2,NEEDS_REVIEW,,,,,,,,,,
Fog light assembly Mercedes GL500 2008 used OEM A1698201556,Mercedes-Benz,,General,UNCLASSIFIED,USED,NEW,OEM,52.55,USD,MRC-GL5-9750-LT1-B,398121212040,A1698201556,A1698201556,,,https://www.ebay.com/itm/398121212040,1,CONFIRMED,,,,,,,,,,
Rear crossmember bushing Land Rover Range Rover February 2002-2012 LRAB-036,FEBEST,,General,UNCLASSIFIED,USED,NEW,OEM,86.72,USD,LRAB-036,398121212045,LRAB-036,LRAB-036,,,https://www.ebay.com/itm/398121212045,2,CONFIRMED,,,,,,,,,,
Door trim Mercedes-Benz C-350 2008 used OEM A2046902287,Mercedes-Benz,,Body,UNCLASSIFIED,USED,NEW,OEM,65.91,USD,MRC-C350-8867-DR4-A,398121212475,A2046902287,A2046902287,,,https://www.ebay.com/itm/398121212475,1,CONFIRMED,,,,,,,,,,
Alternator Audi Q7 2007 used OEM 021903016A,Audi,,Electrical,UNCLASSIFIED,USED,NEW,OEM,158.15,USD,AUD-Q7-8323-EL-A,398121212559,021903016A,021903016A,,,https://www.ebay.com/itm/398121212559,1,CONFIRMED,,,,,,,,,,
February 1993-1996 Toyota Supra upper control arm bushing...,FEBEST,,Suspension,UNCLASSIFIED,USED,NEW,OEM,35.2,USD,SAP-17967,398121212798,TAB-472Z,TAB-472Z,,,https://www.ebay.com/itm/398121212798,3,CONFIRMED,,,,,,,,,,
High center stop light Volkswagen Tiguan 2017 used OEM 5N0945097,VolksWagen,,General,UNCLASSIFIED,USED,NEW,OEM,87.42,USD,SAPOP40-SJ-600,398121212887,5N0945097,5N0945097,,,https://www.ebay.com/itm/398121212887,1,CONFIRMED,,,,,,,,,,
FEBEST BMW right front stabilizer link 1923-E70FR,FEBEST,,General,UNCLASSIFIED,USED,NEW,OEM,86.72,USD,1923-E70FR,398121212892,1923-E70FR,1923-E70FR,,,https://www.ebay.com/itm/398121212892,2,NEEDS_REVIEW,,,,,,,,,,
Wiper arm Audi Q7 2007 used OEM 4L1955408B1P9,Audi,,General,UNCLASSIFIED,USED,NEW,OEM,105.11,USD,AUD-Q7-8323-EL-FFFF,398121213030,4L1955408B1P9,4L1955408B1P9,,,https://www.ebay.com/itm/398121213030,1,CONFIRMED,,,,,,,,,,
Lower front control arm bushing Febest 1998-2002 Kia Sportage KAB...,FEBEST,,Suspension,UNCLASSIFIED,USED,NEW,OEM,86.72,USD,KAB-006,398121213126,KAB-006,KAB-006,,,https://www.ebay.com/itm/398121213126,2,CONFIRMED,,,,,,,,,,
Trunk floor storage foam Volkswagen Tiguan 2010 used OEM N085...,Volkwagen,,Body,UNCLASSIFIED,USED,NEW,OEM,131.79,USD,VOL-TIG-0710-TK-W,398121213142,N085,N085,,,https://www.ebay.com/itm/398121213142,1,CONFIRMED,,,,,,,,,,
Front subframe bushing Mitsubishi Grandis February 2007-2009 MAB-145,FEBEST,,General,UNCLASSIFIED,USED,NEW,OEM,86.72,USD,MAB-145,398121213226,MAB-145,MAB-145,,,https://www.ebay.com/itm/398121213226,2,CONFIRMED,,,,,,,,,,
Crankcase breather hose Audi A6 Quattro 2011 used OEM 06E103217T,Audi,,General,UNCLASSIFIED,USED,NEW,OEM,43.92,USD,AUD-QUA-4094-EN-FFFFF,398121213261,06E103217T,06E103217T,,,https://www.ebay.com/itm/398121213261,1,CONFIRMED,,,,,,,,,,
Underbody brace Mercedes Benz C350 AMG 2007 used OEM A204619...,Mercedes,,General,UNCLASSIFIED,USED,NEW,OEM,48.06,USD,SAPOP44-SJ-576,398121213469,A204619,A204619,,,https://www.ebay.com/itm/398121213469,1,CONFIRMED,,,,,,,,,,
Leaf spring bushing FEBEST MITSUBISHI VWAB-027,FEBEST,,Suspension,UNCLASSIFIED,USED,NEW,OEM,86.72,USD,VWAB-027,398121213515,VWAB-027,VWAB-027,,,https://www.ebay.com/itm/398121213515,2,NEEDS_REVIEW,,,,,,,,,,
FEBEST rear bushing lower front control arm TAB-575,FEBEST,,Suspension,UNCLASSIFIED,USED,NEW,OEM,42.92,USD,TAB-575,398121213529,TAB-575,TAB-575,,,https://www.ebay.com/itm/398121213529,2,NEEDS_REVIEW,,,,,,,,,,
Sun visor support Audi Q7 2007 used OEM 4L0859561J50,Audi,,General,UNCLASSIFIED,USED,NEW,OEM,52.32,USD,AUD-Q7-8323-DB-II,398121213691,4L0859561J50,4L0859561J50,,,https://www.ebay.com/itm/398121213691,1,CONFIRMED,,,,,,,,,,
Engine coolant hose Mercedes-Benz C350 2007-2014 A2048...,Mercedes,,Engine,UNCLASSIFIED,USED,NEW,OEM,86.56,USD,SAPOP44-GB-515,398121213971,"",,,,https://www.ebay.com/itm/398121213971,1,CONFIRMED,,,,,,,,,,
Sliding pin bushing brake caliper FEBEST BELGEE TT-CS3A,FEBEST,,Brakes,UNCLASSIFIED,USED,NEW,OEM,34.16,USD,TT-CS3A,398121214299,TT-CS3A,TT-CS3A,,,https://www.ebay.com/itm/398121214299,2,NEEDS_REVIEW,,,,,,,,,,
Center console support bracket Audi TT 2009 used OEM...,Audi,,Interior,UNCLASSIFIED,USED,NEW,OEM,87.86,USD,AUD-TT-4018-CC-F,398121214339,"",,,,https://www.ebay.com/itm/398121214339,1,CONFIRMED,,,,,,,,,,
Front cooling condenser assembly Lexus LS 460 2007 used OEM...,Lexus,,General,UNCLASSIFIED,USED,NEW,OEM,126.76,USD,LEX-LS-3145-AC-B,398121214431,"",,,,https://www.ebay.com/itm/398121214431,1,CONFIRMED,,,,,,,,,,
Headliner support Jaguar XF 2017 used OEM T4N2370,Jaguar,,General,UNCLASSIFIED,USED,NEW,OEM,52.45,USD,JAG-XF-9202-RF-P,398121214561,T4N2370,T4N2370,,,https://www.ebay.com/itm/398121214561,1,CONFIRMED,,,,,,,,,,
"Spacer bushing FEBEST CITROEN, shock absorber MSB-059",FEBEST,,Suspension,UNCLASSIFIED,USED,NEW,OEM,86.72,USD,MSB-059,398121214594,MSB-059,MSB-059,,,https://www.ebay.com/itm/398121214594,2,NEEDS_REVIEW,,,,,,,,,,
Engine coolant hose Volkswagen Tiguan 2017...,VolksWagen,,Engine,UNCLASSIFIED,USED,NEW,OEM,87.42,USD,SAPOP40-SJ-286,398121214604,"",,,,https://www.ebay.com/itm/398121214604,1,CONFIRMED,,,,,,,,,,
Air intake duct Volkswagen Tiguan Passat 2010 used OEM 3C0805...,Volkwagen,,General,UNCLASSIFIED,USED,NEW,OEM,92,USD,VOL-TIG-0710-CL-MM,398121214759,3C0805,3C0805,,,https://www.ebay.com/itm/398121214759,1,CONFIRMED,,,,,,,,,,
Subframe bushing Toyota Febest TAB-533,FEBEST,,General,UNCLASSIFIED,USED,NEW,OEM,86.72,USD,TAB-533,398121215067,TAB-533,TAB-533,,,https://www.ebay.com/itm/398121215067,2,NEEDS_REVIEW,,,,,,,,,,
Heater hose Cadillac CTS 2011 used OEM 88958006,Cadillac,,General,UNCLASSIFIED,USED,NEW,OEM,52.54,USD,CAD-CTS-7984-AC-O,398121215149,88958006,88958006,,,https://www.ebay.com/itm/398121215149,1,CONFIRMED,,,,,,,,,,
Air purifier cap sub-assembly Lexus LS460 2007 used OEM...,Lexus,,General,UNCLASSIFIED,USED,NEW,OEM,43.71,USD,LEX-LS-3145-AI-B,398121215217,"",,,,https://www.ebay.com/itm/398121215217,1,CONFIRMED,,,,,,,,,,
"2008 MAZDA 3 Oil pan, used OEM ZJ0110400",Mazda,,General,UNCLASSIFIED,USED,NEW,OEM,82.84,USD,MAZ-MZ3-2088-EN-H,398121215325,ZJ0110400,ZJ0110400,,,https://www.ebay.com/itm/398121215325,1,CONFIRMED,,,,,,,,,,
"Rear bushing Febest, towing arm NAB-033",FEBEST,,General,UNCLASSIFIED,USED,NEW,OEM,29.77,USD,SAP-17748,398121215332,NAB-033,NAB-033,,,https://www.ebay.com/itm/398121215332,3,NEEDS_REVIEW,,,,,,,,,,
Front rain sensor cover Lexus LS 460 2007 used OEM 75631-50020,Lexus,,Electrical,UNCLASSIFIED,USED,NEW,OEM,43.69,USD,LEX-LS-3145-WS1-R,398121215357,75631-50020,75631-50020,,,https://www.ebay.com/itm/398121215357,1,CONFIRMED,,,,,,,,,,
Door window switch Volkswagen Tiguan 2010 used OEM 7L6959855B,Volkwagen,,Body,UNCLASSIFIED,USED,NEW,OEM,79.07,USD,VOL-TIG-0710-DR2-J,398121215389,7L6959855B,7L6959855B,,,https://www.ebay.com/itm/398121215389,1,CONFIRMED,,,,,,,,,,
Reverse light assembly Volkswagen Tiguan 2010 used OEM 5N0941072,Volkwagen,,General,UNCLASSIFIED,USED,NEW,OEM,43.79,USD,VOL-TIG-0710-RF-Q,398121215593,5N0941072,5N0941072,,,https://www.ebay.com/itm/398121215593,1,CONFIRMED,,,,,,,,,,
Fuel vapor tube Ford Fiesta 2016 used OEM D2BZ-9B033-F,Ford,,General,UNCLASSIFIED,USED,NEW,OEM,78.69,USD,FOR-FIE-0110-FL-I,398121215675,D2BZ-9B033-F,D2BZ-9B033-F,,,https://www.ebay.com/itm/398121215675,1,CONFIRMED,,,,,,,,,,
ABS modulator Audi A6 Quattro 2011 used OEM 4G0614517,Audi,,General,UNCLASSIFIED,USED,NEW,OEM,1000.57,USD,AUD-QUA-4094-BR-A,398121215787,4G0614517,4G0614517,,,https://www.ebay.com/itm/398121215787,1,CONFIRMED,,,,,,,,,,
Febest Control Arm Bushing BZAB-053,FEBEST,,Suspension,UNCLASSIFIED,USED,NEW,OEM,45.38,USD,SAP-21525,398121215960,BZAB-053,BZAB-053,,,https://www.ebay.com/itm/398121215960,3,NEEDS_REVIEW,,,,,,,,,,
Rear Stabilizer Link Ford C-Max February 2015 2123-CB4R,FEBEST,,General,UNCLASSIFIED,USED,NEW,OEM,29.93,USD,SAP-21419,398121216168,2123-CB4R,2123-CB4R,,,https://www.ebay.com/itm/398121216168,3,CONFIRMED,,,,,,,,,,
Used Steering Column Volkswagen Tiguan 2010 OEM 5N1419502M,Volkwagen,,General,UNCLASSIFIED,USED,NEW,OEM,227.72,USD,VOL-TIG-0710-DB-YY,398121216517,5N1419502M,5N1419502M,,,https://www.ebay.com/itm/398121216517,1,CONFIRMED,,,,,,,,,,
Stabilizer Link Mercedes-Benz C350 AMG 2007 A2043200489,Mercedes,,General,UNCLASSIFIED,USED,NEW,OEM,61.19,USD,SAPOP44-MT-463,398121216586,A2043200489,A2043200489,,,https://www.ebay.com/itm/398121216586,1,CONFIRMED,,,,,,,,,,
Used Radiator Return Line BMW X5 2008 OEM 32416783845,BMW,,Cooling,UNCLASSIFIED,USED,NEW,OEM,52.54,USD,BMW-X5-4619-DB-I,398121216589,32416783845,32416783845,,,https://www.ebay.com/itm/398121216589,1,CONFIRMED,,,,,,,,,,
Rear Stabilizer Bushing SSB-S11R Subaru Forester 2001-2007 FEBEST,FEBEST,,General,UNCLASSIFIED,USED,NEW,OEM,86.72,USD,SSB-S11R,398121216826,SSB-S11R,SSB-S11R,,,https://www.ebay.com/itm/398121216826,2,CONFIRMED,,,,,,,,,,
Used Fuel Supply Line Cadillac CTS 2011 Front OEM 1266...,Cadillac,,General,UNCLASSIFIED,USED,NEW,OEM,52.54,USD,CAD-CTS-7984-FL-T,398121216878,1266,1266,,,https://www.ebay.com/itm/398121216878,1,CONFIRMED,,,,,,,,,,
Front Stabilizer Bushing FEBEST TOYOTA TSB-776,FEBEST,,General,UNCLASSIFIED,USED,NEW,OEM,86.72,USD,TSB-776,398121217064,TSB-776,TSB-776,,,https://www.ebay.com/itm/398121217064,2,NEEDS_REVIEW,,,,,,,,,,
FEBEST 91-97 Toyota Corolla Rear Control Arm Bushing TAB-010,FEBEST,,Suspension,UNCLASSIFIED,USED,NEW,OEM,86.72,USD,TAB-010,398121217422,TAB-010,TAB-010,,,https://www.ebay.com/itm/398121217422,2,NEEDS_REVIEW,,,,,,,,,,
Used Front Strike Assembly Latch Ford Fiesta 2016 OEM...,Ford,,General,UNCLASSIFIED,USED,NEW,OEM,43.71,USD,FOR-FIE-0110-ST3-Q,398121217817,"",,,,https://www.ebay.com/itm/398121217817,1,CONFIRMED,,,,,,,,,,
Used Sliding Roof Frame BMW 740Li 2012 OEM 54107382981,BMW,,General,UNCLASSIFIED,USED,NEW,OEM,236.07,USD,BMW-740-C576-RF-A,398121217929,54107382981,54107382981,,,https://www.ebay.com/itm/398121217929,1,CONFIRMED,,,,,,,,,,
Front Control Arm Rear Bushing Febest HAB-JB7B,FEBEST,,Suspension,UNCLASSIFIED,USED,NEW,OEM,86.72,USD,HAB-JB7B,398121218052,HAB-JB7B,HAB-JB7B,,,https://www.ebay.com/itm/398121218052,2,NEEDS_REVIEW,,,,,,,,,,
Used Fuel Line BMW 335i Twin Turbo 2009 OEM 161...,BMW,,General,UNCLASSIFIED,USED,NEW,OEM,87.41,USD,BMW-35i-2687-FL-W,398121218084,"",,,,https://www.ebay.com/itm/398121218084,1,CONFIRMED,,,,,,,,,,
Rear Cross Rod Bushing Febest TOYOTA 48705-30120 TAB-594,FEBEST,,General,UNCLASSIFIED,USED,NEW,OEM,29.35,USD,SAP-21800,398121218323,TAB-594,TAB-594,,,https://www.ebay.com/itm/398121218323,3,NEEDS_REVIEW,,,,,,,,,,
Used Front Mud Flap Mercedes-Benz GL-500 2008 OEM A1648890325,Mercedes-Benz,,General,UNCLASSIFIED,USED,NEW,OEM,52.53,USD,MRC-GL5-9750-FD1-C,398121218574,A1648890325; GL-500,A1648890325,,,https://www.ebay.com/itm/398121218574,1,NEEDS_REVIEW,,,,,,,,,,
Used Front Door Glass Toyota Camry 2018 OEM 68151-33120,Toyota,,Body,UNCLASSIFIED,USED,NEW,OEM,48.08,USD,TOY-CAM-9731-DR2-G,398121218787,68151-33120,68151-33120,,,https://www.ebay.com/itm/398121218787,1,CONFIRMED,,,,,,,,,,
Used Door Shell Reinforcement BMW X5 2008 OEM 41007286318,BMW,,Body,UNCLASSIFIED,USED,NEW,OEM,647.01,USD,BMW-X5-4619-DR1-Q,398121219120,41007286318,41007286318,,,https://www.ebay.com/itm/398121219120,1,CONFIRMED,,,,,,,,,,
Used Control Module Audi Q7 Comfort 2007 OEM 4F0910279K,Audi,,Electrical,UNCLASSIFIED,USED,NEW,OEM,131.79,USD,AUD-Q7-8323-EL-R,398121219225,4F0910279K,4F0910279K,,,https://www.ebay.com/itm/398121219225,1,CONFIRMED,,,,,,,,,,
Rear Spring Bushing FEBEST NISSAN NSB-C23R,FEBEST,,Suspension,UNCLASSIFIED,USED,NEW,OEM,86.72,USD,NSB-C23R,398121220483,NSB-C23R,NSB-C23R,,,https://www.ebay.com/itm/398121220483,2,NEEDS_REVIEW,,,,,,,,,,
Used Emergency/Parking Brake Lever Assembly Audi TT 2009 OE...,Audi,,Brakes,UNCLASSIFIED,USED,NEW,OEM,87.86,USD,AUD-TT-4018-BR-Y,398121221042,"",,,,https://www.ebay.com/itm/398121221042,1,CONFIRMED,,,,,,,,,,
Used Front Accessory Power Outlet Assembly Ford Fiesta 2016 OEM...,Ford,,General,UNCLASSIFIED,USED,NEW,OEM,43.71,USD,FOR-FIE-0110-CC-E,398121221170,"",,,,https://www.ebay.com/itm/398121221170,1,CONFIRMED,,,,,,,,,,
Subframe Bushing FEBEST TOYOTA TSB-156,FEBEST,,General,UNCLASSIFIED,USED,NEW,OEM,86.72,USD,TSB-156,398121221399,TSB-156,TSB-156,,,https://www.ebay.com/itm/398121221399,2,NEEDS_REVIEW,,,,,,,,,,
"Front Bushing Febest, Front Control Arm BZAB-447FLF",FEBEST,,Suspension,UNCLASSIFIED,USED,NEW,OEM,47.71,USD,SAP-22615,398121221495,BZAB-447FLF,BZAB-447FLF,,,https://www.ebay.com/itm/398121221495,3,NEEDS_REVIEW,,,,,,,,,,
Used Hard Drive Lexus LS460 2007 OEM 86271-50A00,Lexus,,General,UNCLASSIFIED,USED,NEW,OEM,131.42,USD,LEX-LS-3145-DB-SSSS,398121221626,86271-50A00,86271-50A00,,,https://www.ebay.com/itm/398121221626,1,CONFIRMED,,,,,,,,,,
Rear Cross Bushing FEBEST 2021 HYUNDAI TUCSON KAB-046,FEBEST,,General,UNCLASSIFIED,USED,NEW,OEM,42.92,USD,KAB-046,398121221650,KAB-046,KAB-046,,,https://www.ebay.com/itm/398121221650,2,CONFIRMED,,,,,,,,,,
Used Engine Coolant Thermostat Audi Q7 2007 OEM 0...,Audi,,Engine,UNCLASSIFIED,USED,NEW,OEM,52.53,USD,AUD-Q7-8323-EN-SS,398121221717,"",,,,https://www.ebay.com/itm/398121221717,1,CONFIRMED,,,,,,,,,,
Used Cabin Air Duct Mercedes-Benz GL500 2008 OEM...,Mercedes-Benz,,General,UNCLASSIFIED,USED,NEW,OEM,73.43,USD,MRC-GL5-9750-AI-N,398121221900,"",,,,https://www.ebay.com/itm/398121221900,1,CONFIRMED,,,,,,,,,,
Cross Bushing FEBEST Toyota TAB-222,FEBEST,,General,UNCLASSIFIED,USED,NEW,OEM,86.72,USD,TAB-222,398121221947,TAB-222,TAB-222,,,https://www.ebay.com/itm/398121221947,2,NEEDS_REVIEW,,,,,,,,,,
Used Door Jamb Switch Toyota Corolla 2019 OEM 8423108030,Toyota Corolla,,Body,UNCLASSIFIED,USED,NEW,OEM,43.7,USD,SAPOP52-MT-243,398121221958,8423108030,8423108030,,,https://www.ebay.com/itm/398121221958,1,CONFIRMED,,,,,,,,,,
FEBEST 02-06 Acura RSX Rear Upper Control Arm Bushing HAB-161,FEBEST,,Suspension,UNCLASSIFIED,USED,NEW,OEM,86.72,USD,HAB-161,398121222216,HAB-161,HAB-161,,,https://www.ebay.com/itm/398121222216,2,NEEDS_REVIEW,,,,,,,,,,
Used Heater Core Toyota Camry 2018 OEM 87107-33130,Toyota,,General,UNCLASSIFIED,USED,NEW,OEM,314.58,USD,TOY-CAM-9731-AC-E,398121222435,87107-33130,87107-33130,,,https://www.ebay.com/itm/398121222435,1,CONFIRMED,,,,,,,,,,
Used Automatic Transmission Dodge Charger 2013 OEM...,Dodge,,Transmission,UNCLASSIFIED,USED,NEW,OEM,314.74,USD,DOG-CHG-3627-TR-P,398121222472,"",,,,https://www.ebay.com/itm/398121222472,1,CONFIRMED,,,,,,,,,,
Used Floor Assembly Audi Q7 2007 OEM 7L8802011J,Audi,,General,UNCLASSIFIED,USED,NEW,OEM,525.39,USD,SAPOP16-SJ-890,398121222651,7L8802011J,7L8802011J,,,https://www.ebay.com/itm/398121222651,1,CONFIRMED,,,,,,,,,,
Differential Mount Bushing FEBEST 2008-2013 Subaru Impreza SBMB-002,FEBEST,,Transmission,UNCLASSIFIED,USED,NEW,OEM,86.72,USD,SBMB-002,398121222719,SBMB-002,SBMB-002,,,https://www.ebay.com/itm/398121222719,2,CONFIRMED,,,,,,,,,,
Used Engine Coolant Hose BMW 335i 2009 OEM...,BMW,,Engine,UNCLASSIFIED,USED,NEW,OEM,52.45,USD,BMW-35i-2687-CL-W,398121222776,"",,,,https://www.ebay.com/itm/398121222776,1,CONFIRMED,,,,,,,,,,
Used Dashboard Air Duct Audi S3 2015 OEM 7L0819656B,Audi,,Interior,UNCLASSIFIED,USED,NEW,OEM,43.7,USD,SAPOP16-MT-306,398121222864,7L0819656B,7L0819656B,,,https://www.ebay.com/itm/398121222864,1,CONFIRMED,,,,,,,,,,
Used Crankshaft Pulley Porsche Cayenne S 2008 OEM 9551020...,Porsche,,Engine,UNCLASSIFIED,USED,NEW,OEM,516.81,USD,POR-CAY-9697-EN-H,398121222862,9551020,9551020,,,https://www.ebay.com/itm/398121222862,1,CONFIRMED,,,,,,,,,,
Used Steering Wheel BMW 335i 2009 OEM 32307839115,BMW,,Interior,UNCLASSIFIED,USED,NEW,OEM,104.91,USD,BMW-35i-2687-DB-Q,398121222914,32307839115,32307839115,,,https://www.ebay.com/itm/398121222914,1,CONFIRMED,,,,,,,,,,
FEBEST Shock Absorber Bushing Alfa Romeo CRSB-003,FEBEST,,Suspension,UNCLASSIFIED,USED,NEW,OEM,86.72,USD,CRSB-003,398121223025,CRSB-003,CRSB-003,,,https://www.ebay.com/itm/398121223025,2,NEEDS_REVIEW,,,,,,,,,,
Steering Knuckle Bushing Honda BR-V FEBEST 2018-2022 HAB-206,FEBEST,,General,UNCLASSIFIED,USED,NEW,OEM,86.72,USD,HAB-206,398121223224,HAB-206,HAB-206,,,https://www.ebay.com/itm/398121223224,2,CONFIRMED,,,,,,,,,,
Used Fuel Vapor Feed Pipe Lexus LS460 2007 OEM 2...,Lexus,,General,UNCLASSIFIED,USED,NEW,OEM,43.8,USD,LEX-LS-3145-AI-K,398121223511,"",,,,https://www.ebay.com/itm/398121223511,1,CONFIRMED,,,,,,,,,,
Used Fuel Pipe Mazda 3 2008 OEM Z60113290A,Mazda,,General,UNCLASSIFIED,USED,NEW,OEM,65.57,USD,MAZ-MZ3-2088-FL-C,398121223559,Z60113290A,Z60113290A,,,https://www.ebay.com/itm/398121223559,1,CONFIRMED,,,,,,,,,,
Used Sunroof Frame BMW X5 2008 OEM 54107198763,BMW,,General,UNCLASSIFIED,USED,NEW,OEM,192.43,USD,BMW-X5-4619-RF-C,398121223583,54107198763,54107198763,,,https://www.ebay.com/itm/398121223583,1,CONFIRMED,,,,,,,,,,
Used Center Console Mounting Bracket Mercedes GL500 2008 OEM A16468...,Mercedes-Benz,,Interior,UNCLASSIFIED,USED,NEW,OEM,52.55,USD,MRC-GL5-9750-CC-G,398121223684,A16468,A16468,,,https://www.ebay.com/itm/398121223684,1,CONFIRMED,,,,,,,,,,
"Febest Bushing, Lower Control Arm LRAB-012",FEBEST,,Suspension,UNCLASSIFIED,USED,NEW,OEM,86.72,USD,LRAB-012,398121223700,LRAB-012,LRAB-012,,,https://www.ebay.com/itm/398121223700,2,NEEDS_REVIEW,,,,,,,,,,
Used Instrument Cluster Lens Jaguar XF 2017 OEM T2H19503,Jaguar,,General,UNCLASSIFIED,USED,NEW,OEM,87.42,USD,JAG-XF-9202-DB-Z,398121223862,T2H19503,T2H19503,,,https://www.ebay.com/itm/398121223862,1,CONFIRMED,,,,,,,,,,
Febest Bushing Control Arm Honda Accord 2003-2008 HAB-090,FEBEST,,Suspension,UNCLASSIFIED,USED,NEW,OEM,86.72,USD,HAB-090,398121223977,HAB-090,HAB-090,,,https://www.ebay.com/itm/398121223977,2,CONFIRMED,,,,,,,,,,
Used Fuel Feed Pipe Audi Q7 2015 OEM 7L8130295F,Audi,,General,UNCLASSIFIED,USED,NEW,OEM,43.71,USD,SAPOP16-MT-762,398121224077,7L8130295F,7L8130295F,,,https://www.ebay.com/itm/398121224077,1,CONFIRMED,,,,,,,,,,
Used Air Suspension Spacer Audi A6 Quattro 2011 OEM 4G06...,Audi,,Suspension,UNCLASSIFIED,USED,NEW,OEM,673.13,USD,AUD-QUA-4094-SU-M,398121224096,4G06,4G06,,,https://www.ebay.com/itm/398121224096,1,CONFIRMED,,,,,,,,,,
Febest Honda Bushing Rear Knuckle 52365-SFE-004 HAB-158,FEBEST,,General,UNCLASSIFIED,USED,NEW,OEM,86.72,USD,HAB-158,398121224112,HAB-158; 52365-SFE-004,HAB-158,,,https://www.ebay.com/itm/398121224112,2,NEEDS_REVIEW,,,,,,,,,,
Used Engine Oil Cooler Front Ford Fiesta 2016 OEM 7S7Z-6B856-B,Ford,,Engine,UNCLASSIFIED,USED,NEW,OEM,78.68,USD,FOR-FIE-0110-CL-A,398121224184,7S7Z-6B856-B,7S7Z-6B856-B,,,https://www.ebay.com/itm/398121224184,1,CONFIRMED,,,,,,,,,,
Febest Differential Mounting Bushing 1993-2000 Subaru Impreza SAB-B11F,FEBEST,,Transmission,UNCLASSIFIED,USED,NEW,OEM,86.72,USD,SAB-B11F,398121224352,SAB-B11F,SAB-B11F,,,https://www.ebay.com/itm/398121224352,2,CONFIRMED,,,,,,,,,,
Used Pipe Assembly Jaguar F-Pace 2018 OEM T4A11662,Jaguar,,General,UNCLASSIFIED,USED,NEW,OEM,104.87,USD,SAPOP24-SJ-84,398121224429,T4A11662,T4A11662,,,https://www.ebay.com/itm/398121224429,1,CONFIRMED,,,,,,,,,,
Used Auxiliary Jack Jaguar XFA 2017 OEM C2D57634,Jaguar,,General,UNCLASSIFIED,USED,NEW,OEM,105.48,USD,JAG-XF-9202-DB-I,398121224561,C2D57634,C2D57634,,,https://www.ebay.com/itm/398121224561,1,NOT_VERIFIED,,,,,,,,,,
Used Door Speaker Cover BMW 335i 2009 OEM 51416975503,BMW,,Body,UNCLASSIFIED,USED,NEW,OEM,52.45,USD,BMW-35i-2687-DR1-C,398121224919,51416975503,51416975503,,,https://www.ebay.com/itm/398121224919,1,CONFIRMED,,,,,,,,,,
Used Headlight Bracket Porsche Cayenne 2008 OEM 95563104400,Porsche,,General,UNCLASSIFIED,USED,NEW,OEM,95.94,USD,POR-CAY-9697-LT-K,398121225213,95563104400,95563104400,,,https://www.ebay.com/itm/398121225213,1,CONFIRMED,,,,,,,,,,
Used Transmission Oil Pan MAZDA 3 2008 OEM FNF12151X,Mazda,,Transmission,UNCLASSIFIED,USED,NEW,OEM,69.73,USD,MAZ-MZ3-2088-TR-I,398121225612,FNF12151X,FNF12151X,,,https://www.ebay.com/itm/398121225612,1,CONFIRMED,,,,,,,,,,
Used Dashboard Mounting Bracket Audi Q7 2007 OEM 7L0857064A,Audi,,Interior,UNCLASSIFIED,USED,NEW,OEM,61.29,USD,AUD-Q7-8323-DB-X,398121225723,7L0857064A,7L0857064A,,,https://www.ebay.com/itm/398121225723,1,CONFIRMED,,,,,,,,,,
Used Front Wiper Arm Audi A6 Quattro 2011 OEM 4G2955408C,Audi,,General,UNCLASSIFIED,USED,NEW,OEM,43.92,USD,AUD-QUA-4094-WS1-C,398121225838,4G2955408C,4G2955408C,,,https://www.ebay.com/itm/398121225838,1,CONFIRMED,,,,,,,,,,
Used Ground Strap Audi Q7 2007 OEM 4L0971597,Audi,,General,UNCLASSIFIED,USED,NEW,OEM,65.69,USD,AUD-Q7-8323-EL-UUUUU,398121225845,4L0971597,4L0971597,,,https://www.ebay.com/itm/398121225845,1,CONFIRMED,,,,,,,,,,
Febest Bushing 2006 Toyota Hiace Rear Arm TAB-061,FEBEST,,General,UNCLASSIFIED,USED,NEW,OEM,29.7,USD,SAP-21471,398121225940,TAB-061,TAB-061,,,https://www.ebay.com/itm/398121225940,3,CONFIRMED,,,,,,,,,,
Used Lift Support BMW X5 2008 OEM 51247149631,BMW,,General,UNCLASSIFIED,USED,NEW,OEM,52.45,USD,BMW-X5-4619-TK-Q,398121226071,51247149631,51247149631,,,https://www.ebay.com/itm/398121226071,1,CONFIRMED,,,,,,,,,,
Used Dash Air Vent Volkswagen Tiguan 2010 OEM 5N0819706B,Volkwagen,,General,UNCLASSIFIED,USED,NEW,OEM,43.79,USD,VOL-TIG-0710-AC-KK,398121226135,5N0819706B,5N0819706B,,,https://www.ebay.com/itm/398121226135,1,CONFIRMED,,,,,,,,,,
Used Engine Mount Volkswagen Tiguan 2010 OEM 5N0199262K,Volkwagen,,Engine,UNCLASSIFIED,USED,NEW,OEM,87.62,USD,VOL-TIG-0710-EN-D,398121226223,5N0199262K,5N0199262K,,,https://www.ebay.com/itm/398121226223,1,CONFIRMED,,,,,,,,,,
Used Clutch Hydraulic Line BMW 2009 OEM 35006857512,BMW,,Transmission,UNCLASSIFIED,USED,NEW,OEM,52.45,USD,BMW-35i-2687-TR-B,398121226339,35006857512,35006857512,,,https://www.ebay.com/itm/398121226339,1,NEEDS_REVIEW,,,,,,,,,,
Front Seat Belt Tensioner Jaguar F-Pace 2017-2020 OEM T4A11107,Jaguar,,Interior,UNCLASSIFIED,USED,NEW,OEM,131.14,USD,SAPOP24-GB-314,398121226350,T4A11107,T4A11107,,,https://www.ebay.com/itm/398121226350,1,NOT_VERIFIED,,,,,,,,,,
Used Sport Button BMW 335i 2009 OEM 61319170325,BMW,,General,UNCLASSIFIED,USED,NEW,OEM,52.45,USD,BMW-35i-2687-TR-W,398121226354,61319170325,61319170325,,,https://www.ebay.com/itm/398121226354,1,CONFIRMED,,,,,,,,,,
Used Connector Bracket Lexus LS460 2007 OEM 82666-50680,Lexus,,General,UNCLASSIFIED,USED,NEW,OEM,87.6,USD,LEX-LS-3145-DB-LLLL,398121226464,82666-50680,82666-50680,,,https://www.ebay.com/itm/398121226464,1,CONFIRMED,,,,,,,,,,
Febest Front Control Arm Bushing Hydro HAB-230,FEBEST,,Suspension,UNCLASSIFIED,USED,NEW,OEM,44.88,USD,SAP-22601,398121226520,HAB-230,HAB-230,,,https://www.ebay.com/itm/398121226520,3,NEEDS_REVIEW,,,,,,,,,,
Febest Rear Bushing Nissan Juke NAB-342 February 2011-2014,FEBEST,,General,UNCLASSIFIED,USED,NEW,OEM,34,USD,SAP-17928,398121226658,NAB-342,NAB-342,,,https://www.ebay.com/itm/398121226658,1,CONFIRMED,,,,,,,,,,
Febest Rear Crossmember Bushing Peugeot Partner February 2008-2018 PGAB-B9R,FEBEST,,General,UNCLASSIFIED,USED,NEW,OEM,86.72,USD,PGAB-B9R,398121226660,PGAB-B9R,PGAB-B9R,,,https://www.ebay.com/itm/398121226660,2,CONFIRMED,,,,,,,,,,
Used Washer Hose Jaguar F-Pace 2018 OEM T4A7929,Jaguar,,General,UNCLASSIFIED,USED,NEW,OEM,43.71,USD,Jaguar-F-Pace-2307-WH,398121226696,T4A7929,T4A7929,,,https://www.ebay.com/itm/398121226696,1,CONFIRMED,,,,,,,,,,
Used HVAC Heater Hose Toyota Corolla 2019 OEM 8720902091,Toyota Corolla,,General,UNCLASSIFIED,USED,NEW,OEM,43.68,USD,SAPOP52-MT-318,398121226736,8720902091,8720902091,,,https://www.ebay.com/itm/398121226736,1,CONFIRMED,,,,,,,,,,
Used Vapor Canister Purge Valve Volkswagen Tiguan 2010 OEM 0...,Volkwagen,,General,UNCLASSIFIED,USED,NEW,OEM,91.97,USD,VOL-TIG-0710-AI-K,398121226761,"",,,,https://www.ebay.com/itm/398121226761,1,CONFIRMED,,,,,,,,,,
Used Wheel Cylinder Ford Fiesta 2016 OEM 8V5Z-2261-A,Ford,,Engine,UNCLASSIFIED,USED,NEW,OEM,43.71,USD,FOR-FIE-0110-BR-J,398121226855,8V5Z-2261-A,8V5Z-2261-A,,,https://www.ebay.com/itm/398121226855,1,CONFIRMED,,,,,,,,,,
FEBEST General Motors Lower Control Arm Bushing CDAB-023,FEBEST,,Engine,UNCLASSIFIED,USED,NEW,OEM,86.72,USD,CDAB-023,398121226886,CDAB-023,CDAB-023,,,https://www.ebay.com/itm/398121226886,2,NEEDS_REVIEW,,,,,,,,,,
FEBEST Stabilizer Bar Bushing CITROEN MSB-CW8R,FEBEST,,General,UNCLASSIFIED,USED,NEW,OEM,86.72,USD,MSB-CW8R,398121226894,MSB-CW8R,MSB-CW8R,,,https://www.ebay.com/itm/398121226894,2,NEEDS_REVIEW,,,,,,,,,,
Febest Rear Trailing Arm Bushing NAB-028,FEBEST,,General,UNCLASSIFIED,USED,NEW,OEM,86.72,USD,NAB-028,398121226915,NAB-028,NAB-028,,,https://www.ebay.com/itm/398121226915,2,NEEDS_REVIEW,,,,,,,,,,
Used Air Duct Dashboard Lexus LS460 2007 OEM 62972-50050,Lexus,,Interior,UNCLASSIFIED,USED,NEW,OEM,52.44,USD,LEX-LS-3145-AC-DDD,398121226959,62972-50050,62972-50050,,,https://www.ebay.com/itm/398121226959,1,CONFIRMED,,,,,,,,,,
Front Stabilizer Bar Bushing Kit Audi A3 February 2012-2016 VWSB-5...,FEBEST,,General,UNCLASSIFIED,USED,NEW,OEM,30.04,USD,SAP-21918,398121226972,VWSB-5G1FD23-KIT; VWSB-5,VWSB-5G1FD23-KIT,,,https://www.ebay.com/itm/398121226972,3,CONFIRMED,,,,,,,,,,
Used Engine Coolant Hose for Porsche Cayenne 2008 OE...,Porsche,,Engine,UNCLASSIFIED,USED,NEW,OEM,52.45,USD,POR-CAY-9697-CL-S,398121226991,"",,,,https://www.ebay.com/itm/398121226991,1,CONFIRMED,,,,,,,,,,
Used Speaker Tray for Toyota Corolla 2019 OEM 8616002A50,Toyota Corolla,,General,UNCLASSIFIED,USED,NEW,OEM,113.64,USD,SAPOP52-MT-284,398121227002,8616002A50,8616002A50,,,https://www.ebay.com/itm/398121227002,1,CONFIRMED,,,,,,,,,,
Control Arm Bushing FEBEST for CITROEN MAB-133,FEBEST,,Suspension,UNCLASSIFIED,USED,NEW,OEM,86.72,USD,MAB-133,398121227045,MAB-133,MAB-133,,,https://www.ebay.com/itm/398121227045,2,NEEDS_REVIEW,,,,,,,,,,
Used Front Mudguard for Porsche Cayenne 2008 OEM 95550303202GRV,Porsche,,General,UNCLASSIFIED,USED,NEW,OEM,367.9,USD,POR-CAY-9697-FD-G,398121227111,95550303202GRV,95550303202GRV,,,https://www.ebay.com/itm/398121227111,1,CONFIRMED,,,,,,,,,,
Differential Mount Bushing FEBEST for CHERY TAB-210,FEBEST,,Transmission,UNCLASSIFIED,USED,NEW,OEM,86.72,USD,TAB-210,398121227126,TAB-210,TAB-210,,,https://www.ebay.com/itm/398121227126,2,NEEDS_REVIEW,,,,,,,,,,
Used Air Purifier Outlet Duct for Cadillac CTS 2011 OEM 2281...,Cadillac,,General,UNCLASSIFIED,USED,NEW,OEM,96.34,USD,CAD-CTS-7984-AI-P,398121227174,2281,2281,,,https://www.ebay.com/itm/398121227174,1,CONFIRMED,,,,,,,,,,
FEBEST Differential Mount Bushing for 2006-2011 Toyota Hiace TMB-KLH12,FEBEST,,Transmission,UNCLASSIFIED,USED,NEW,OEM,86.72,USD,TMB-KLH12,398121227237,TMB-KLH12,TMB-KLH12,,,https://www.ebay.com/itm/398121227237,2,CONFIRMED,,,,,,,,,,
Used Transmission Support for Audi TT 2009 OEM 1K0199555AB,Audi,,Transmission,UNCLASSIFIED,USED,NEW,OEM,87.48,USD,AUD-TT-4018-EN-I,398121227257,1K0199555AB,1K0199555AB,,,https://www.ebay.com/itm/398121227257,1,CONFIRMED,,,,,,,,,,
Used High Center Stop Light for Cadillac CTS 2011 OEM 22739780,Cadillac,,General,UNCLASSIFIED,USED,NEW,OEM,65.56,USD,CAD-CTS-7984-LT1-E,398121227358,22739780,22739780,,,https://www.ebay.com/itm/398121227358,1,CONFIRMED,,,,,,,,,,
Used Engine Coolant Hose for Volkswagen Tiguan Golf 2010 OE...,Volkwagen,,Engine,UNCLASSIFIED,USED,NEW,OEM,43.8,USD,VOL-TIG-0710-CL-GG,398121227363,"",,,,https://www.ebay.com/itm/398121227363,1,CONFIRMED,,,,,,,,,,
Used Door Lock Switch for Audi Q7 2007 OEM 4L0962108A5PR,Audi,,Body,UNCLASSIFIED,USED,NEW,OEM,52.55,USD,AUD-Q7-8323-EL-XXXXX,398121227398,4L0962108A5PR,4L0962108A5PR,,,https://www.ebay.com/itm/398121227398,1,CONFIRMED,,,,,,,,,,
Used GPS Antenna for Jaguar XF 2017 OEM C2D38204,Jaguar,,General,UNCLASSIFIED,USED,NEW,OEM,174.86,USD,JAG-XF-9202-DB-SSS,398121227412,C2D38204,C2D38204,,,https://www.ebay.com/itm/398121227412,1,CONFIRMED,,,,,,,,,,
Used Brake Hydraulic Line for Audi Q7 2007 OEM 7L0614772A,Audi,,Brakes,UNCLASSIFIED,USED,NEW,OEM,43.7,USD,SAPOP16-MT-374,398121227458,7L0614772A,7L0614772A,,,https://www.ebay.com/itm/398121227458,1,CONFIRMED,,,,,,,,,,
Rear Shock Absorber Bushing FEBEST for Honda Civic 1992-1996 HAB-117,FEBEST,,Suspension,UNCLASSIFIED,USED,NEW,OEM,86.72,USD,HAB-117,398121227487,HAB-117,HAB-117,,,https://www.ebay.com/itm/398121227487,2,CONFIRMED,,,,,,,,,,
Used Engine Oil Hose for Audi Q7 2010 OEM 03H115203A,Audi,,Engine,UNCLASSIFIED,USED,NEW,OEM,43.71,USD,SAPOP16-MT-510,398121227536,03H115203A,03H115203A,,,https://www.ebay.com/itm/398121227536,1,CONFIRMED,,,,,,,,,,
Engine Coolant Hose for Lexus LS430 2002 NO 1 1626150120,Lexus,,Engine,UNCLASSIFIED,USED,NEW,OEM,43.73,USD,SAPOP42-AL-78,398121227591,"",,,,https://www.ebay.com/itm/398121227591,1,CONFIRMED,,,,,,,,,,
Rear Stabilizer Bushing FEBEST for Pontiac 2007-2008 CHSB-001,FEBEST,,General,UNCLASSIFIED,USED,NEW,OEM,86.72,USD,CHSB-001,398121227653,CHSB-001,CHSB-001,,,https://www.ebay.com/itm/398121227653,2,NEEDS_REVIEW,,,,,,,,,,
Used Air Makeup Vent Hose for Dodge Charger 2013...,Dodge,,General,UNCLASSIFIED,USED,NEW,OEM,52.45,USD,DOG-CHG-3627-EN-Q,398121227711,"",,,,https://www.ebay.com/itm/398121227711,1,CONFIRMED,,,,,,,,,,
Lower Control Arm Bushing for Toyota Hilux February 2021 TAB-345,FEBEST,,Suspension,UNCLASSIFIED,USED,NEW,OEM,86.72,USD,TAB-345,398121227717,TAB-345,TAB-345,,,https://www.ebay.com/itm/398121227717,2,CONFIRMED,,,,,,,,,,
Steering Knuckle Bushing FEBEST for NISSAN NAB-258,FEBEST,,General,UNCLASSIFIED,USED,NEW,OEM,86.72,USD,NAB-258,398121227725,NAB-258,NAB-258,,,https://www.ebay.com/itm/398121227725,2,NEEDS_REVIEW,,,,,,,,,,
Engine Control Module Cover for Lexus LS430 2001-2006 8277150010,Lexus,,Engine,UNCLASSIFIED,USED,NEW,OEM,87.24,USD,SAPOP43-GB-41,398121227750,"",,,,https://www.ebay.com/itm/398121227750,1,CONFIRMED,,,,,,,,,,
Used Engine Timing Cover for Jaguar F-Pace 2018 OEM JDE40001,Jaguar,,Engine,UNCLASSIFIED,USED,NEW,OEM,122.35,USD,SAPOP24-SJ-61,398121227761,JDE40001,JDE40001,,,https://www.ebay.com/itm/398121227761,1,CONFIRMED,,,,,,,,,,
Used Door Lock Strike Plate for Ford Fiesta 2016 OEM...,Ford,,Body,UNCLASSIFIED,USED,NEW,OEM,43.71,USD,FOR-FIE-0110-DR2-U,398121227818,"",,,,https://www.ebay.com/itm/398121227818,1,CONFIRMED,,,,,,,,,,
Used Yaw Rate Sensor for Lexus LS460 2007 OEM 89183-12040,Lexus,,Electrical,UNCLASSIFIED,USED,NEW,OEM,96.37,USD,LEX-LS-3145-BR-J,398121227819,89183-12040,89183-12040,,,https://www.ebay.com/itm/398121227819,1,CONFIRMED,,,,,,,,,,
Used ABS Wheel Speed Sensor for Porsche Cayenne 2008 OEM 95560640611,Porsche,,Electrical,UNCLASSIFIED,USED,NEW,OEM,52.55,USD,POR-CAY-9697-SU-S,398121227837,95560640611,95560640611,,,https://www.ebay.com/itm/398121227837,1,CONFIRMED,,,,,,,,,,
Rear Cross Rod Bushing FEBEST TAB-551,FEBEST,,General,UNCLASSIFIED,USED,NEW,OEM,30.1,USD,SAP-22394,398121227838,TAB-551,TAB-551,,,https://www.ebay.com/itm/398121227838,3,NEEDS_REVIEW,,,,,,,,,,
Used Right Wiper Arm for Lexus LS 460 2007 OEM 85211-50140,Lexus,,General,UNCLASSIFIED,USED,NEW,OEM,43.61,USD,LEX-LS-3145-WS1-N,398121227850,85211-50140,85211-50140,,,https://www.ebay.com/itm/398121227850,1,CONFIRMED,,,,,,,,,,
Used Courtesy Lamp Assembly for Lexus LS 460 2007 OEM 81230-47010,Lexus,,General,UNCLASSIFIED,USED,NEW,OEM,43.7,USD,LEX-LS-3145-LT1-N,398121228004,81230-47010,81230-47010,,,https://www.ebay.com/itm/398121228004,1,CONFIRMED,,,,,,,,,,
Used Fuel Line for Volkswagen Tiguan 2010 OEM 5...,Volkwagen,,General,UNCLASSIFIED,USED,NEW,OEM,43.79,USD,VOL-TIG-0710-FL-B,398121228178,"",,,,https://www.ebay.com/itm/398121228178,1,CONFIRMED,,,,,,,,,,
Used Suspension Strut Mount for Ford Fiesta 2016 OEM...,Ford,,Suspension,UNCLASSIFIED,USED,NEW,OEM,65.57,USD,FOR-FIE-0110-SU-A,398121228194,"",,,,https://www.ebay.com/itm/398121228194,1,CONFIRMED,,,,,,,,,,
Rear Control Arm Bushing FEBEST for 1999-2006 Land Rover Freelander LRAB-027,FEBEST,,Suspension,UNCLASSIFIED,USED,NEW,OEM,34.16,USD,LRAB-027,398121228201,LRAB-027,LRAB-027,,,https://www.ebay.com/itm/398121228201,2,CONFIRMED,,,,,,,,,,
FEBEST Right Front Stabilizer Link for 2006-2008 Honda Fit 0323-...,FEBEST,,General,UNCLASSIFIED,USED,NEW,OEM,86.72,USD,0323-GDFR,398121228233,0323-GDFR,0323-GDFR,,,https://www.ebay.com/itm/398121228233,2,CONFIRMED,,,,,,,,,,
Used CVC Pressure Switch for Jaguar F-Pace 2018 OEM T4A18606,Jaguar,,General,UNCLASSIFIED,USED,NEW,OEM,52.43,USD,SAPOP24-SJ-85,398121228305,T4A18606,T4A18606,,,https://www.ebay.com/itm/398121228305,1,CONFIRMED,,,,,,,,,,
Bushing FEBEST for CFMOTO CFAB-001,FEBEST,,General,UNCLASSIFIED,USED,NEW,OEM,34.16,USD,CFAB-001,398121228339,CFAB-001,CFAB-001,,,https://www.ebay.com/itm/398121228339,2,NEEDS_REVIEW,,,,,,,,,,
Used Liftgate Motor for Lexus LX570 2014 OEM 6891069028,Lexus,,Engine,UNCLASSIFIED,USED,NEW,OEM,252.98,USD,SAPOP47-MT-253,398121228344,6891069028,6891069028,,,https://www.ebay.com/itm/398121228344,1,CONFIRMED,,,,,,,,,,
Rear Cross Rod Bushing FEBEST for BMW BMAB-051,FEBEST,,General,UNCLASSIFIED,USED,NEW,OEM,34.16,USD,BMAB-051,398121228382,BMAB-051,BMAB-051,,,https://www.ebay.com/itm/398121228382,2,NEEDS_REVIEW,,,,,,,,,,
Used Suspension Control Arm for Audi Q7 2007 OEM 7L0407021B,Audi,,Suspension,UNCLASSIFIED,USED,NEW,OEM,52.33,USD,AUD-Q7-8323-SU-B,398121228403,7L0407021B,7L0407021B,,,https://www.ebay.com/itm/398121228403,1,CONFIRMED,,,,,,,,,,
Differential Mount Bushing FEBEST for General Motors OPAB-016,FEBEST,,Engine,UNCLASSIFIED,USED,NEW,OEM,42.92,USD,OPAB-016,398121228406,OPAB-016,OPAB-016,,,https://www.ebay.com/itm/398121228406,2,NEEDS_REVIEW,,,,,,,,,,
Used Rear Control Arm Bushing for Land Rover Freelander February 1999 LRAB-018,FEBEST,,Suspension,UNCLASSIFIED,USED,NEW,OEM,34.16,USD,LRAB-018,398121228467,LRAB-018,LRAB-018,,,https://www.ebay.com/itm/398121228467,2,CONFIRMED,,,,,,,,,,
Rear Stabilizer Link for Chevrolet Epica February 2004-2006 0523-PCR,FEBEST,,General,UNCLASSIFIED,USED,NEW,OEM,86.72,USD,0523-PCR,398121228509,0523-PCR,0523-PCR,,,https://www.ebay.com/itm/398121228509,2,CONFIRMED,,,,,,,,,,
Used Engine Coolant Hose for Audi Q7 2007 OEM...,Audi,,Engine,UNCLASSIFIED,USED,NEW,OEM,43.7,USD,SAPOP16-MT-327,398121228516,"",,,,https://www.ebay.com/itm/398121228516,1,CONFIRMED,,,,,,,,,,
Rear Crossmember Bushing for Volvo S40 February 2003-2012 FDAB-057,FEBEST,,General,UNCLASSIFIED,USED,NEW,OEM,28.52,USD,SAP-21937,398121228593,FDAB-057,FDAB-057,,,https://www.ebay.com/itm/398121228593,3,CONFIRMED,,,,,,,,,,
Used Engine Cooling Pipe for Mazda 3 2008 OEM BP4K6124YF,Mazda,,Engine,UNCLASSIFIED,USED,NEW,OEM,52.45,USD,MAZ-MZ3-2088-AC-B,398121228605,BP4K6124YF,BP4K6124YF,,,https://www.ebay.com/itm/398121228605,1,CONFIRMED,,,,,,,,,,
Rear Control Arm Bushing for Toyota Corolla February 1991-2002...,FEBEST,,Suspension,UNCLASSIFIED,USED,NEW,OEM,28.96,USD,SAP-22414,398121228663,TAB-110,TAB-110,,,https://www.ebay.com/itm/398121228663,3,CONFIRMED,,,,,,,,,,
Front Control Arm Bushing for Mini Cooper February 2007-2009 B...,FEBEST,,Suspension,UNCLASSIFIED,USED,NEW,OEM,86.72,USD,BMAB-R55B,398121228671,BMAB-R55B,BMAB-R55B,,,https://www.ebay.com/itm/398121228671,2,CONFIRMED,,,,,,,,,,
Trailing Arm Bushing for Hyundai Tucson TAB-163 February 2010-2015,FEBEST,,General,UNCLASSIFIED,USED,NEW,OEM,30.69,USD,SAP-22215,398121228724,TAB-163,TAB-163,,,https://www.ebay.com/itm/398121228724,3,CONFIRMED,,,,,,,,,,
Vapor Canister Purge Solenoid for Volkswagen Jetta 2013 OEM 06E906517A,Volkswagen,,General,UNCLASSIFIED,USED,NEW,OEM,52.44,USD,SAPOP38-AL-39,398121228754,06E906517A,06E906517A,,,https://www.ebay.com/itm/398121228754,1,CONFIRMED,,,,,,,,,,
AC Heater Housing for Mini Cooper 2014-2024 OEM 64116827056,Mini,,General,UNCLASSIFIED,USED,NEW,OEM,450.04,USD,MINI-COP-HAH-2,398121228784,64116827056,64116827056,,,https://www.ebay.com/itm/398121228784,1,CONFIRMED,,,,,,,,,,
Used Front Cooling Fan Motor for Lexus LS 460 2007 OEM...,Lexus,,Engine,UNCLASSIFIED,USED,NEW,OEM,131.35,USD,LEX-LS-3145-CL-U,398121228805,"",,,,https://www.ebay.com/itm/398121228805,1,CONFIRMED,,,,,,,,,,
Front Stabilizer Bushing for Toyota 4Runner February 2009-2014 TSB-GRJ150F,FEBEST,,General,UNCLASSIFIED,USED,NEW,OEM,28.66,USD,SAP-21375,398121228855,TSB-GRJ150F; 4RUNNER,TSB-GRJ150F,,,https://www.ebay.com/itm/398121228855,3,CONFIRMED,,,,,,,,,,
Used Heater Control Valve for Lexus LS 460 2007 OEM 87211-50110,Lexus,,General,UNCLASSIFIED,USED,NEW,OEM,65.56,USD,LEX-LS-3145-AC-SS,398121228879,87211-50110,87211-50110,,,https://www.ebay.com/itm/398121228879,1,CONFIRMED,,,,,,,,,,
Used ABS Sensor Cap for Volkswagen Tiguan Eos 2010 OEM 6Q0971907,Volkwagen,,Electrical,UNCLASSIFIED,USED,NEW,OEM,43.79,USD,VOL-TIG-0710-BR-EE,398121228880,6Q0971907,6Q0971907,,,https://www.ebay.com/itm/398121228880,1,CONFIRMED,,,,,,,,,,
Left Rear Stabilizer Link FEBEST 2002-2006 HONDA CR-V 0323-004,FEBEST,,General,UNCLASSIFIED,USED,NEW,OEM,86.72,USD,0323-004,398121228904,0323-004,0323-004,,,https://www.ebay.com/itm/398121228904,2,CONFIRMED,,,,,,,,,,
Used Suspension Spacer for Lexus IS250 2007 OEM 4851080257,Lexus,,Suspension,UNCLASSIFIED,USED,NEW,OEM,148.29,USD,LEX-IS-1277-SU-F,398121228918,4851080257,4851080257,,,https://www.ebay.com/itm/398121228918,1,CONFIRMED,,,,,,,,,,
Rear Stabilizer Bushing FEBEST TOYOTA TSB-NGX10R,FEBEST,,General,UNCLASSIFIED,USED,NEW,OEM,34.16,USD,TSB-NGX10R,398121228930,TSB-NGX10R,TSB-NGX10R,,,https://www.ebay.com/itm/398121228930,2,NEEDS_REVIEW,,,,,,,,,,
Used Trunk Storage Tray for Audi Q7 2007 OEM 4L0864105D01C,Audi,,Body,UNCLASSIFIED,USED,NEW,OEM,96.31,USD,AUD-Q7-8323-TK-AA,398121228945,4L0864105D01C,4L0864105D01C,,,https://www.ebay.com/itm/398121228945,1,CONFIRMED,,,,,,,,,,
Used Suspension Control Arm for Audi Q7 2007 OEM 7L0505311B,Audi,,Suspension,UNCLASSIFIED,USED,NEW,OEM,183.19,USD,AUD-Q7-8323-SU-W,398121229058,7L0505311B,7L0505311B,,,https://www.ebay.com/itm/398121229058,1,CONFIRMED,,,,,,,,,,
Used Ignition Coil for Volkswagen Tiguan 2010 OEM 07K905715F,Volkwagen,,General,UNCLASSIFIED,USED,NEW,OEM,43.79,USD,VOL-TIG-0710-DB-LLL,398121229068,07K905715F,07K905715F,,,https://www.ebay.com/itm/398121229068,1,CONFIRMED,,,,,,,,,,
FEBEST Leaf Spring Bushing ISAB-007,FEBEST,,Suspension,UNCLASSIFIED,USED,NEW,OEM,86.72,USD,ISAB-007,398121229101,ISAB-007,ISAB-007,,,https://www.ebay.com/itm/398121229101,2,NEEDS_REVIEW,,,,,,,,,,
Used Air Purifier Assembly for Toyota Camry 2018 OEM 17700-25100,Toyota,,General,UNCLASSIFIED,USED,NEW,OEM,341.75,USD,TOY-CAM-9731-EN-F,398121229143,17700-25100,17700-25100,,,https://www.ebay.com/itm/398121229143,1,CONFIRMED,,,,,,,,,,
Used Fuel Pressure Sensor for Audi A6 Quattro 2011 OEM 06...,Audi,,Electrical,UNCLASSIFIED,USED,NEW,OEM,43.8,USD,AUD-QUA-4094-EN-TT,398121229197,"",,,,https://www.ebay.com/itm/398121229197,1,CONFIRMED,,,,,,,,,,
Rear Shock Absorber Bushing for Honda Accord FEBEST 1993-1997 HSB-033,FEBEST,,Suspension,UNCLASSIFIED,USED,NEW,OEM,86.72,USD,HSB-033,398121229210,HSB-033,HSB-033,,,https://www.ebay.com/itm/398121229210,2,CONFIRMED,,,,,,,,,,
Used Steering Linkage Assembly for BMW 740Li 2012 OEM 32106784719,BMW,,General,UNCLASSIFIED,USED,NEW,OEM,52.48,USD,BMW-740-C576-DB-E,398121229242,32106784719,32106784719,,,https://www.ebay.com/itm/398121229242,1,CONFIRMED,,,,,,,,,,
Used Fuel Hose for Mazda 3 2008 OEM BP4K4251XB,Mazda,,General,UNCLASSIFIED,USED,NEW,OEM,52.45,USD,MAZ-MZ3-2088-FL-M,398121229253,BP4K4251XB,BP4K4251XB,,,https://www.ebay.com/itm/398121229253,1,CONFIRMED,,,,,,,,,,
Used Engine Coolant Hose for Mercedes-Benz C350 2014 A2048301996,Mercedes,,Engine,UNCLASSIFIED,USED,NEW,OEM,43.72,USD,SAPOP44-GB-514,398121229262,A2048301996,A2048301996,,,https://www.ebay.com/itm/398121229262,1,CONFIRMED,,,,,,,,,,
Used Power Door Close Assist Motor for Audi A6 Quattro 2011 OEM 4F0837060,Audi,,Engine,UNCLASSIFIED,USED,NEW,OEM,105.43,USD,AUD-QUA-4094-DR2-P,398121229288,4F0837060,4F0837060,,,https://www.ebay.com/itm/398121229288,1,CONFIRMED,,,,,,,,,,
Used Door Lock Actuator Motor for Jaguar XF 2017 OEM C2D49428,Jaguar,,Engine,UNCLASSIFIED,USED,NEW,OEM,131.84,USD,JAG-XF-9202-DR2-O,398121229327,C2D49428,C2D49428,,,https://www.ebay.com/itm/398121229327,1,CONFIRMED,,,,,,,,,,
FEBEST 1990-2003 Mitsubishi Stabilizer Bar Link Bushing Kit...,FEBEST,,General,UNCLASSIFIED,USED,NEW,OEM,86.72,USD,MSB-095-KIT,398121229375,MSB-095-KIT,MSB-095-KIT,,,https://www.ebay.com/itm/398121229375,2,NOT_VERIFIED,,,,,,,,,,
FEBEST 2019-2024 Toyota RAV4 Subframe Bushing TAB-532,FEBEST,,General,UNCLASSIFIED,USED,NEW,OEM,86.72,USD,TAB-532,398121229380,TAB-532,TAB-532,,,https://www.ebay.com/itm/398121229380,2,CONFIRMED,,,,,,,,,,
Used Pressure Line for Porsche Cayenne 2008 OEM 95535531520,Porsche,,General,UNCLASSIFIED,USED,NEW,OEM,52.55,USD,POR-CAY-9697-BR-Y,398121229388,95535531520,95535531520,,,https://www.ebay.com/itm/398121229388,1,CONFIRMED,,,,,,,,,,
Rear Shock Absorber Bushing FEBEST 2007-2009 Mitsubishi Grandis MAB-160,FEBEST,,Suspension,UNCLASSIFIED,USED,NEW,OEM,34.16,USD,MAB-160,398121229464,MAB-160,MAB-160,,,https://www.ebay.com/itm/398121229464,2,CONFIRMED,,,,,,,,,,
Used A-Pillar Reinforcement Bracket for Lexus LS 460 2007 OEM ...,Lexus,,General,UNCLASSIFIED,USED,NEW,OEM,43.77,USD,LEX-LS-3145-CH-OO,398121229545,"",,,,https://www.ebay.com/itm/398121229545,1,CONFIRMED,,,,,,,,,,
Rear Shock Absorber Bushing for Nissan Rogue FEBEST 2013-2025 NAB-351,FEBEST,,Suspension,UNCLASSIFIED,USED,NEW,OEM,86.72,USD,NAB-351,398121229602,NAB-351,NAB-351,,,https://www.ebay.com/itm/398121229602,2,CONFIRMED,,,,,,,,,,
Rear Crossmember Bushing FEBEST 2002-2009 Volvo S60 VLAB-001,FEBEST,,General,UNCLASSIFIED,USED,NEW,OEM,86.72,USD,VLAB-001,398121229626,VLAB-001,VLAB-001,,,https://www.ebay.com/itm/398121229626,2,CONFIRMED,,,,,,,,,,
Used Radio Amplifier for Jaguar XF 2017 OEM C2D49635,Jaguar,,General,UNCLASSIFIED,USED,NEW,OEM,52.44,USD,JAG-XF-9202-EL-I,398121229762,C2D49635,C2D49635,,,https://www.ebay.com/itm/398121229762,1,CONFIRMED,,,,,,,,,,
Front Stabilizer Bushing FEBEST 1983-1986 TOYOTA CAMRY TSB-733,FEBEST,,General,UNCLASSIFIED,USED,NEW,OEM,34.16,USD,TSB-733,398121229831,TSB-733,TSB-733,,,https://www.ebay.com/itm/398121229831,2,CONFIRMED,,,,,,,,,,
FEBEST 2004-2012 Ford Focus Rear Subframe Bushing FM-FOC5,FEBEST,,General,UNCLASSIFIED,USED,NEW,OEM,34.16,USD,FM-FOC5,398121229845,FM-FOC5,FM-FOC5,,,https://www.ebay.com/itm/398121229845,2,CONFIRMED,,,,,,,,,,
FEBEST 2013-2018 Nissan Altima Control Arm Bushing NAB-A34B,FEBEST,,Suspension,UNCLASSIFIED,USED,NEW,OEM,86.72,USD,NAB-A34B,398121230340,NAB-A34B,NAB-A34B,,,https://www.ebay.com/itm/398121230340,2,CONFIRMED,,,,,,,,,,
Front Lower Control Arm Bushing FEBEST Toyota TAB-348,FEBEST,,Suspension,UNCLASSIFIED,USED,NEW,OEM,35.56,USD,SAP-22332,398121230357,TAB-348,TAB-348,,,https://www.ebay.com/itm/398121230357,3,NEEDS_REVIEW,,,,,,,,,,
Differential Mount Bushing FEBEST MITSUBISHI MAB-109,FEBEST,,Transmission,UNCLASSIFIED,USED,NEW,OEM,34.16,USD,MAB-109,398121230712,MAB-109,MAB-109,,,https://www.ebay.com/itm/398121230712,2,NEEDS_REVIEW,,,,,,,,,,
Right rear stabilizer link Infiniti M45 February 2003-2004 0223-F50RR,FEBEST,,General,UNCLASSIFIED,USED,NEW,OEM,33.37,USD,SAP-18069,398121231027,0223-F50RR,0223-F50RR,,,https://www.ebay.com/itm/398121231027,3,CONFIRMED,,,,,,,,,,
Front control arm with front bushing FEBEST HONDA HAB-GJ1S,FEBEST,,Suspension,UNCLASSIFIED,USED,NEW,OEM,86.72,USD,HAB-GJ1S,398121231122,HAB-GJ1S,HAB-GJ1S,,,https://www.ebay.com/itm/398121231122,2,NEEDS_REVIEW,,,,,,,,,,
Rear crossmember bushing FEBEST 1998-2003 TOYOTA SIENNA TAB-304,FEBEST,,General,UNCLASSIFIED,USED,NEW,OEM,86.72,USD,TAB-304,398121231149,TAB-304,TAB-304,,,https://www.ebay.com/itm/398121231149,2,CONFIRMED,,,,,,,,,,
Steering articulation Jaguar XF 2017 used OEM 602123474,Jaguar,,General,UNCLASSIFIED,USED,NEW,OEM,104.9,USD,JAG-XF-9202-SU-KK,398121231152,602123474,602123474,,,https://www.ebay.com/itm/398121231152,1,CONFIRMED,,,,,,,,,,
Rear shock absorber bushing FEBEST TOYOTA TSB-GX110R,FEBEST,,Suspension,UNCLASSIFIED,USED,NEW,OEM,86.72,USD,TSB-GX110R,398121231325,TSB-GX110R,TSB-GX110R,,,https://www.ebay.com/itm/398121231325,2,NEEDS_REVIEW,,,,,,,,,,
Ignition coil Jaguar F-Pace 2018 used OEM JDE38637,Jaguar,,General,UNCLASSIFIED,USED,NEW,OEM,91.79,USD,SAPOP24-SJ-748,398121231346,JDE38637,JDE38637,,,https://www.ebay.com/itm/398121231346,1,CONFIRMED,,,,,,,,,,
Dashboard air conduit Jaguar XF 2017 used OEM T2H3389,Jaguar,,Interior,UNCLASSIFIED,USED,NEW,OEM,52.45,USD,JAG-XF-9202-DB-EEE,398121231379,T2H3389,T2H3389,,,https://www.ebay.com/itm/398121231379,1,CONFIRMED,,,,,,,,,,
"BMW bushing FEBEST, rear transverse arm BMAB-037",FEBEST,,General,UNCLASSIFIED,USED,NEW,OEM,86.72,USD,BMAB-037,398121231458,BMAB-037,BMAB-037,,,https://www.ebay.com/itm/398121231458,2,NEEDS_REVIEW,,,,,,,,,,
Right front headlight washer nozzle Lexus LS 460 2007 used OEM 85207-50030,Lexus,,General,UNCLASSIFIED,USED,NEW,OEM,43.7,USD,LEX-LS-3145-LT2-A,398121231571,85207-50030,85207-50030,,,https://www.ebay.com/itm/398121231571,1,CONFIRMED,,,,,,,,,,
AC compressor Audi TT 2009 used OEM 1K0820859T,Audi,,General,UNCLASSIFIED,USED,NEW,OEM,87.59,USD,AUD-TT-4018- AC-Q,398121231641,1K0820859T,1K0820859T,,,https://www.ebay.com/itm/398121231641,1,CONFIRMED,,,,,,,,,,
Brake line hydraulic tube Audi Q7 2007 used OEM 7L0614162B,Audi,,Brakes,UNCLASSIFIED,USED,NEW,OEM,52.53,USD,AUD-Q7-8323-BR-JJ,398121231793,7L0614162B,7L0614162B,,,https://www.ebay.com/itm/398121231793,1,CONFIRMED,,,,,,,,,,
Engine cover Jaguar XF 2017 used OEM C2D49196,Jaguar,,Engine,UNCLASSIFIED,USED,NEW,OEM,153.81,USD,JAG-XF-9202-EN-M,398121231799,C2D49196,C2D49196,,,https://www.ebay.com/itm/398121231799,1,CONFIRMED,,,,,,,,,,
Armrest storage compartment BMW 740Li 2012 used OEM 51169202266,BMW,,General,UNCLASSIFIED,USED,NEW,OEM,170.5,USD,BMW-740-C576-CC-A,398121231850,51169202266,51169202266,,,https://www.ebay.com/itm/398121231850,1,CONFIRMED,,,,,,,,,,
Door lock switch Porsche Cayenne S 2008 used OEM 955613...,Porsche,,Body,UNCLASSIFIED,USED,NEW,OEM,47.98,USD,POR-CAY-9697-EL-JJJ,398121231868,955613,955613,,,https://www.ebay.com/itm/398121231868,1,CONFIRMED,,,,,,,,,,
Front stabilizer bar bushing FEBEST TOYOTA TSB-AZR60F,FEBEST,,General,UNCLASSIFIED,USED,NEW,OEM,86.72,USD,TSB-AZR60F,398121231980,TSB-AZR60F,TSB-AZR60F,,,https://www.ebay.com/itm/398121231980,2,NEEDS_REVIEW,,,,,,,,,,
Alternator mount Audi TT 2009 used OEM 06F903143E,Audi,,Electrical,UNCLASSIFIED,USED,NEW,OEM,52.55,USD,AUD-TT-4018- AC-R,398121232071,06F903143E,06F903143E,,,https://www.ebay.com/itm/398121232071,1,CONFIRMED,,,,,,,,,,
Underbody shield Jaguar XF 2017 used OEM T2H50956,Jaguar,,General,UNCLASSIFIED,USED,NEW,OEM,193.37,USD,JAG-XF-9202-BP1-N,398121232216,T2H50956,T2H50956,,,https://www.ebay.com/itm/398121232216,1,CONFIRMED,,,,,,,,,,
Stabilizer bar support BMW X5 2008 used OEM 37126859514,BMW,,General,UNCLASSIFIED,USED,NEW,OEM,52.45,USD,BMW-X5-4619-SU-PPP,398121232325,37126859514,37126859514,,,https://www.ebay.com/itm/398121232325,1,CONFIRMED,,,,,,,,,,
Brake booster assembly Lexus IS250 2007 used OEM 44610-53280,Lexus,,Brakes,UNCLASSIFIED,USED,NEW,OEM,214.31,USD,LEX-IS-1277-BR-A,398121232427,44610-53280,44610-53280,,,https://www.ebay.com/itm/398121232427,1,CONFIRMED,,,,,,,,,,
Front control arm with front bushing Febest MAB-089,FEBEST,,Suspension,UNCLASSIFIED,USED,NEW,OEM,86.72,USD,MAB-089,398121232635,MAB-089,MAB-089,,,https://www.ebay.com/itm/398121232635,2,NEEDS_REVIEW,,,,,,,,,,
Fuse link block assembly Lexus LS430 2002 OEM 8262050060 used,Lexus,,General,UNCLASSIFIED,USED,NEW,OEM,91.84,USD,SAPOP42-SJ-595,398121232682,8262050060,8262050060,,,https://www.ebay.com/itm/398121232682,1,CONFIRMED,,,,,,,,,,
BMW X5 2008 front center armrest storage compartment used OEM 51...,BMW,,General,UNCLASSIFIED,USED,NEW,OEM,69.94,USD,BMW-X5-4619-DB-III,398121232701,"",,,,https://www.ebay.com/itm/398121232701,1,CONFIRMED,,,,,,,,,,
Front cover lining Porsche Cayenne S 2008 used OEM 95550591520,Porsche,,General,UNCLASSIFIED,USED,NEW,OEM,127.01,USD,POR-CAY-9697-BP-H,398121232734,95550591520,95550591520,,,https://www.ebay.com/itm/398121232734,1,CONFIRMED,,,,,,,,,,
Radiator grille Mercedes-Benz GL500 2008 used OEM A16488001859776,Mercedes-Benz,,Body,UNCLASSIFIED,USED,NEW,OEM,218.98,USD,MRC-GL5-9750-BP3-A,398121232738,A16488001859776,A16488001859776,,,https://www.ebay.com/itm/398121232738,1,CONFIRMED,,,,,,,,,,
Cover VolksWagen Tiguan 2017 used OEM 5N0201973B,Volkswagen,,General,UNCLASSIFIED,USED,NEW,OEM,52.45,USD,SAPOP40-SJ-570,398121232781,5N0201973B,5N0201973B,,,https://www.ebay.com/itm/398121232781,1,CONFIRMED,,,,,,,,,,
Wheel housing support Volkswagen Tiguan 2010 used OEM 5N0813119,Volkwagen,,Wheels,UNCLASSIFIED,USED,NEW,OEM,43.8,USD,VOL-TIG-0710-FD1-F,398121232806,5N0813119,5N0813119,,,https://www.ebay.com/itm/398121232806,1,CONFIRMED,,,,,,,,,,
Rear crossmember bushing FEBEST Alfa Romeo CRAB-045,FEBEST,,General,UNCLASSIFIED,USED,NEW,OEM,86.72,USD,CRAB-045,398121232844,CRAB-045,CRAB-045,,,https://www.ebay.com/itm/398121232844,2,NEEDS_REVIEW,,,,,,,,,,
Fog light Volkswagen Tiguan 2010 used OEM 1T0941699C,Volkwagen,,General,UNCLASSIFIED,USED,NEW,OEM,43.79,USD,VOL-TIG-0710-RF-T,398121232874,1T0941699C,1T0941699C,,,https://www.ebay.com/itm/398121232874,1,CONFIRMED,,,,,,,,,,
FEBEST 2001-2003 Toyota Prius Rear Bushing Front Control Arm TAB-307,FEBEST,,Suspension,UNCLASSIFIED,USED,NEW,OEM,32.14,USD,SAP-22333,398121232883,TAB-072; TAB-307,TAB-072,,,https://www.ebay.com/itm/398121232883,3,CONFIRMED,,,,,,,,,,
Trunk lid lock actuator Mercedes C-350 2008 used...,Mercedes-Benz,,Body,UNCLASSIFIED,USED,NEW,OEM,61.22,USD,MRC-C350-8867-TK-L,398121232888,A20468300309051,A20468300309051,,,https://www.ebay.com/itm/398121232888,1,CONFIRMED,,,,,,,,,,
Rear stabilizer link Toyota Corolla February 1992-1997 0123-220R,FEBEST,,General,UNCLASSIFIED,USED,NEW,OEM,29.81,USD,SAP-17738,398121232971,0123-220R,0123-220R,,,https://www.ebay.com/itm/398121232971,3,CONFIRMED,,,,,,,,,,
ABS pump mounting support Audi Q7 2008 used OEM 7L8614125,Audi,,General,UNCLASSIFIED,USED,NEW,OEM,43.71,USD,SAPOP16-MT-362,398121233076,7L8614125,7L8614125,,,https://www.ebay.com/itm/398121233076,1,CONFIRMED,,,,,,,,,,
Suspension stabilizer bar Lexus LX570 2014 used OEM 4880560120,Lexus,,Suspension,UNCLASSIFIED,USED,NEW,OEM,148.85,USD,SAPOP47-MT-307,398121233167,4880560120,4880560120,,,https://www.ebay.com/itm/398121233167,1,CONFIRMED,,,,,,,,,,
Rear transverse arm bushing Lexus GX470 February 2007-2009 TAB-161,FEBEST,,General,UNCLASSIFIED,USED,NEW,OEM,29.26,USD,SAP-21987,398121233194,TAB-161,TAB-161,,,https://www.ebay.com/itm/398121233194,3,CONFIRMED,,,,,,,,,,
Crankcase breather hose Porsche Cayenne 2008 used OEM 95511022500,Porsche,,General,UNCLASSIFIED,USED,NEW,OEM,52.55,USD,POR-CAY-9697-CL-AA,398121233217,95511022500,95511022500,,,https://www.ebay.com/itm/398121233217,1,CONFIRMED,,,,,,,,,,
Rear arm bushing Toyota Hiace TAB-307 February 2006,FEBEST,,General,UNCLASSIFIED,USED,NEW,OEM,30.04,USD,SAP-21318,398121233228,TAB-307,TAB-307,,,https://www.ebay.com/itm/398121233228,3,CONFIRMED,,,,,,,,,,
Door pull handle BMW X5 2008 used OEM 51416969408,BMW,,Body,UNCLASSIFIED,USED,NEW,OEM,52.45,USD,BMW-X5-4619-DR4-D,398121233272,51416969408,51416969408,,,https://www.ebay.com/itm/398121233272,1,CONFIRMED,,,,,,,,,,
Speaker cover Porsche Cayenne 2008 used OEM 95555279300A03,Porsche,,General,UNCLASSIFIED,USED,NEW,OEM,52.57,USD,POR-CAY-9697-DB-P,398121233283,95555279300A03,95555279300A03,,,https://www.ebay.com/itm/398121233283,1,CONFIRMED,,,,,,,,,,
Rear knuckle bushing FEBEST TOYOTA TAB-610,FEBEST,,General,UNCLASSIFIED,USED,NEW,OEM,34.16,USD,TAB-610,398121233392,TAB-610,TAB-610,,,https://www.ebay.com/itm/398121233392,2,NEEDS_REVIEW,,,,,,,,,,
Cover support BMW X5 2008 used OEM 13717548902,BMW,,General,UNCLASSIFIED,USED,NEW,OEM,52.45,USD,BMW-X5-4619-FL-G,398121233661,13717548902,13717548902,,,https://www.ebay.com/itm/398121233661,1,CONFIRMED,,,,,,,,,,
Rear Knuckle Bushing Febest CHAB-034,FEBEST,,General,UNCLASSIFIED,USED,NEW,OEM,86.72,USD,CHAB-034,398121233722,CHAB-034,CHAB-034,,,https://www.ebay.com/itm/398121233722,2,NEEDS_REVIEW,,,,,,,,,,
Used Front Floor Console Assembly Cadillac CTS 2011 OEM 22983600,Cadillac,,Interior,UNCLASSIFIED,USED,NEW,OEM,174.85,USD,CAD-CTS-7984-DB-MM,398121233747,22983600,22983600,,,https://www.ebay.com/itm/398121233747,1,CONFIRMED,,,,,,,,,,
Used Window Switch Porsche Cayenne S 2008 OEM 955613162026N3,Porsche,,General,UNCLASSIFIED,USED,NEW,OEM,47.87,USD,POR-CAY-9697-EL-KKK,398121233790,955613162026N3,955613162026N3,,,https://www.ebay.com/itm/398121233790,1,CONFIRMED,,,,,,,,,,
Used Ignition Switch Audi Q7 2007 OEM 4F0910132C,Audi,,General,UNCLASSIFIED,USED,NEW,OEM,606.26,USD,AUD-Q7-8323-EL-DD,398121233846,4F0910132C,4F0910132C,,,https://www.ebay.com/itm/398121233846,1,CONFIRMED,,,,,,,,,,
Rear Stabilizer Link Febest 1623-001,FEBEST,,General,UNCLASSIFIED,USED,NEW,OEM,86.72,USD,1623-001,398121233872,1623-001,1623-001,,,https://www.ebay.com/itm/398121233872,2,NEEDS_REVIEW,,,,,,,,,,
Used Washer Fluid Level Sensor Dodge Charger 2013 OEM 5152029AB,Dodge,,Electrical,UNCLASSIFIED,USED,NEW,OEM,56.82,USD,DOG-CHG-3627-WS1-N,398121233901,5152029AB,5152029AB,,,https://www.ebay.com/itm/398121233901,1,CONFIRMED,,,,,,,,,,
Rear Body Bushing Febest Toyota 52205-22030 TM-087,FEBEST,,General,UNCLASSIFIED,USED,NEW,OEM,86.72,USD,TM-087,398121234021,TM-087,TM-087,,,https://www.ebay.com/itm/398121234021,2,NEEDS_REVIEW,,,,,,,,,,
Front Shock Absorber Bushing GMC Yukon February 2007-2014 CDAB-025,FEBEST,,Suspension,UNCLASSIFIED,USED,NEW,OEM,39.81,USD,SAP-18582,398121234041,CDAB-025,CDAB-025,,,https://www.ebay.com/itm/398121234041,3,CONFIRMED,,,,,,,,,,
Front Differential Bushing Febest FDAB-042,FEBEST,,Transmission,UNCLASSIFIED,USED,NEW,OEM,35.3,USD,SAP-17727,398121234096,FDAB-042,FDAB-042,,,https://www.ebay.com/itm/398121234096,3,NEEDS_REVIEW,,,,,,,,,,
February 1995-2002 Toyota Tacoma Lower Control Arm Bushing...,FEBEST,,Suspension,UNCLASSIFIED,USED,NEW,OEM,31.79,USD,SAP-21544,398121234113,TAB-105,TAB-105,,,https://www.ebay.com/itm/398121234113,3,CONFIRMED,,,,,,,,,,
Rear Stabilizer Bushing FEBEST 2000-2006 Mitsubishi Montero ...,FEBEST,,General,UNCLASSIFIED,USED,NEW,OEM,86.72,USD,MSB-004,398121234122,MSB-004,MSB-004,,,https://www.ebay.com/itm/398121234122,2,CONFIRMED,,,,,,,,,,
Coolant Radiator Hose Volkswagen Tiguan 2...,Volkwagen,,Cooling,UNCLASSIFIED,USED,NEW,OEM,43.8,USD,VOL-TIG-0710-CL-FF,398121234187,"",,,,https://www.ebay.com/itm/398121234187,1,NEEDS_REVIEW,,,,,,,,,,
Used Engine Coolant Hose BMW 335i 2009 OEM...,BMW,,Engine,UNCLASSIFIED,USED,NEW,OEM,52.45,USD,BMW-35i-2687-CL-R,398121234193,"",,,,https://www.ebay.com/itm/398121234193,1,CONFIRMED,,,,,,,,,,
Left Rear Stabilizer Link Infiniti Q60 February 2016 0223-V37RL,FEBEST,,General,UNCLASSIFIED,USED,NEW,OEM,33.76,USD,SAP-21847,398121234202,0223-V37RL,0223-V37RL,,,https://www.ebay.com/itm/398121234202,3,CONFIRMED,,,,,,,,,,
Front Stabilizer Bushing FEBEST MAZDA GJ6A 34 MZSB-008,FEBEST,,General,UNCLASSIFIED,USED,NEW,OEM,86.72,USD,MZSB-008,398121234285,MZSB-008,MZSB-008,,,https://www.ebay.com/itm/398121234285,2,NEEDS_REVIEW,,,,,,,,,,
FEBEST 1992-1996 Subaru SVX Rear Control Arm Bushing SAB-008,FEBEST,,Suspension,UNCLASSIFIED,USED,NEW,OEM,34.16,USD,SAB-008,398121234314,SAB-008,SAB-008,,,https://www.ebay.com/itm/398121234314,2,CONFIRMED,,,,,,,,,,
Used Transmission Oil Cooler Audi TT 2009 OEM 02E409061B,Audi,,Transmission,UNCLASSIFIED,USED,NEW,OEM,43.92,USD,AUD-TT-4018-TR-D,398121234383,02E409061B,02E409061B,,,https://www.ebay.com/itm/398121234383,1,CONFIRMED,,,,,,,,,,
FEBEST BMW Left Front Stabilizer Link 1923-G01FL,FEBEST,,General,UNCLASSIFIED,USED,NEW,OEM,42.92,USD,1923-G01FL,398121234387,1923-G01FL,1923-G01FL,,,https://www.ebay.com/itm/398121234387,2,NEEDS_REVIEW,,,,,,,,,,
Used Heater Outlet Pipe CVC Cadillac CTS 2011 OEM 88958007,Cadillac,,General,UNCLASSIFIED,USED,NEW,OEM,52.45,USD,CAD-CTS-7984-AC-N,398121234415,88958007,88958007,,,https://www.ebay.com/itm/398121234415,1,CONFIRMED,,,,,,,,,,
FEBEST 2012-2020 Mazda 6 Rear Shock Absorber Bushing MZAB-162,FEBEST,,Suspension,UNCLASSIFIED,USED,NEW,OEM,34.16,USD,MZAB-162,398121234563,MZAB-162,MZAB-162,,,https://www.ebay.com/itm/398121234563,2,CONFIRMED,,,,,,,,,,
Used Washer Pump Mount Volkswagen Tiguan 2010 OEM 5N0955195A,Volkwagen,,General,UNCLASSIFIED,USED,NEW,OEM,43.79,USD,VOL-TIG-0710-WS1-G,398121234623,5N0955195A,5N0955195A,,,https://www.ebay.com/itm/398121234623,1,CONFIRMED,,,,,,,,,,
Used Engine Audi A6 Quattro Seat 2011 OEM 8K0959762,Audi,,Engine,UNCLASSIFIED,USED,NEW,OEM,87.41,USD,AUD-QUA-4094-ST2-E,398121234675,8K0959762,8K0959762,,,https://www.ebay.com/itm/398121234675,1,CONFIRMED,,,,,,,,,,
Front Stabilizer Bushing FEBEST 2009-2017 AUDI Q5 ADSB-A8F,FEBEST,,General,UNCLASSIFIED,USED,NEW,OEM,34.16,USD,ADSB-A8F,398121234697,ADSB-A8F,ADSB-A8F,,,https://www.ebay.com/itm/398121234697,2,CONFIRMED,,,,,,,,,,
Differential Mount Bushing Lexus RX350 TAB-372 February 2010-2014,FEBEST,,Transmission,UNCLASSIFIED,USED,NEW,OEM,31.31,USD,SAP-17942,398121234706,TAB-372,TAB-372,,,https://www.ebay.com/itm/398121234706,3,CONFIRMED,,,,,,,,,,
Dashboard Air Duct Lexus IS250 2007 OEM 8721130440,Lexus,,Interior,UNCLASSIFIED,USED,NEW,OEM,69.78,USD,LEX-IS-1277-AC-J,398121234732,8721130440,8721130440,,,https://www.ebay.com/itm/398121234732,1,CONFIRMED,,,,,,,,,,
Used Engine Control Module BMW 740Li 2012 OEM 12148609535,BMW,,Engine,UNCLASSIFIED,USED,NEW,OEM,393.63,USD,BMW-740-C576-EN-N,398121234739,12148609535,12148609535,,,https://www.ebay.com/itm/398121234739,1,CONFIRMED,,,,,,,,,,
Rear Float Bushing with Knuckle Febest TAB-244Z,FEBEST,,General,UNCLASSIFIED,USED,NEW,OEM,41.35,USD,SAP-18643,398121234789,TAB-244Z,TAB-244Z,,,https://www.ebay.com/itm/398121234789,3,NEEDS_REVIEW,,,,,,,,,,
Headlight Bulb Cap Jaguar XF 2017 OEM T2H14151,Jaguar,,General,UNCLASSIFIED,USED,NEW,OEM,52.44,USD,JAG-XF-9202-LT4-A,398121234812,T2H14151,T2H14151,,,https://www.ebay.com/itm/398121234812,1,CONFIRMED,,,,,,,,,,
Used Window Switch Jaguar F-Pace 2018 OEM T2H3235,Jaguar,,General,UNCLASSIFIED,USED,NEW,OEM,43.71,USD,SAPOP24-SJ-792,398121234843,T2H3235,T2H3235,,,https://www.ebay.com/itm/398121234843,1,CONFIRMED,,,,,,,,,,
Body Bushing FEBEST 1998-2007 Lexus LX470 TSB-LC101,FEBEST,,General,UNCLASSIFIED,USED,NEW,OEM,86.72,USD,TSB-LC101,398121234849,TSB-LC101,TSB-LC101,,,https://www.ebay.com/itm/398121234849,2,CONFIRMED,,,,,,,,,,
Used Body Pillar B Volkswagen Tiguan 2010 OEM 5N0809881A,Volkwagen,,General,UNCLASSIFIED,USED,NEW,OEM,52.54,USD,VOL-TIG-0710-CH-LL,398121234867,5N0809881A,5N0809881A,,,https://www.ebay.com/itm/398121234867,1,CONFIRMED,,,,,,,,,,
Oil Cooler Pipe for Automatic Transmission BMW 740...,BMW,,Transmission,UNCLASSIFIED,USED,NEW,OEM,52.54,USD,BMW-740-C576-TR-B,398121234872,"",,,,https://www.ebay.com/itm/398121234872,1,NEEDS_REVIEW,,,,,,,,,,
Upper Control Arm with Bushing Febest LIAB-001,FEBEST,,Suspension,UNCLASSIFIED,USED,NEW,OEM,86.72,USD,LIAB-001,398121234869,LIAB-001,LIAB-001,,,https://www.ebay.com/itm/398121234869,2,NEEDS_REVIEW,,,,,,,,,,
Used Storage Tray Jaguar XF 2017 OEM T2H3089,Jaguar,,General,UNCLASSIFIED,USED,NEW,OEM,69.94,USD,JAG-XF-9202-CC-L,398121234881,T2H3089,T2H3089,,,https://www.ebay.com/itm/398121234881,1,CONFIRMED,,,,,,,,,,
Rear Rod Bushing Chrysler 200 February 2011-2014 TAB-545,FEBEST,,General,UNCLASSIFIED,USED,NEW,OEM,86.72,USD,TAB-545,398121234892,TAB-545,TAB-545,,,https://www.ebay.com/itm/398121234892,2,CONFIRMED,,,,,,,,,,
Control Arm Bushing Febest ADAB-012,FEBEST,,Suspension,UNCLASSIFIED,USED,NEW,OEM,86.72,USD,ADAB-012,398121237251,ADAB-012,ADAB-012,,,https://www.ebay.com/itm/398121237251,2,NEEDS_REVIEW,,,,,,,,,,
Rear Control Arm Bushing Toyota Prius 2001-2003 TAB-NHW10R,FEBEST,,Suspension,UNCLASSIFIED,USED,NEW,OEM,86.72,USD,TAB-NHW10R,398121237242,TAB-NHW10R,TAB-NHW10R,,,https://www.ebay.com/itm/398121237242,2,CONFIRMED,,,,,,,,,,
Used Intake Hose Volkswagen Tiguan 2010 OEM 03L131055CK,Volkwagen,,General,UNCLASSIFIED,USED,NEW,OEM,88.47,USD,VOL-TIG-0710-AI-U,398121237177,03L131055CK,03L131055CK,,,https://www.ebay.com/itm/398121237177,1,CONFIRMED,,,,,,,,,,
Stabilizer Bushing FEBEST 2006 Volvo V70 VLSB-S60F,FEBEST,,General,UNCLASSIFIED,USED,NEW,OEM,86.72,USD,VLSB-S60F,398121237125,VLSB-S60F,VLSB-S60F,,,https://www.ebay.com/itm/398121237125,2,CONFIRMED,,,,,,,,,,
Control Arm Bushing Toyota Echo TAB-043 February 2000-2005,FEBEST,,Suspension,UNCLASSIFIED,USED,NEW,OEM,32.94,USD,SAP-21518,398121237101,TAB-043,TAB-043,,,https://www.ebay.com/itm/398121237101,3,CONFIRMED,,,,,,,,,,
Front Stabilizer Bushing SSB-003 FEBEST 2000-2007 Subaru Impreza,FEBEST,,General,UNCLASSIFIED,USED,NEW,OEM,86.72,USD,SSB-003,398121237067,SSB-003,SSB-003,,,https://www.ebay.com/itm/398121237067,2,CONFIRMED,,,,,,,,,,
Transmission Mount Support Porsche Cayenne S 2008 Used OEM 9553...,Porsche,,Transmission,UNCLASSIFIED,USED,NEW,OEM,70.07,USD,POR-CAY-9697-DB-J,398121237034,9553,9553,,,https://www.ebay.com/itm/398121237034,1,CONFIRMED,,,,,,,,,,
Rear Stabilizer Bushing FEBEST SSANGYONG SGSB-010,FEBEST,,General,UNCLASSIFIED,USED,NEW,OEM,86.72,USD,SGSB-010,398121236940,SGSB-010,SGSB-010,,,https://www.ebay.com/itm/398121236940,2,NEEDS_REVIEW,,,,,,,,,,
Air Conditioning Hose Jaguar XF 2017 Used OEM T4A11663,Jaguar,,General,UNCLASSIFIED,USED,NEW,OEM,52.44,USD,JAG-XF-9202-AC-K,398121236921,T4A11663,T4A11663,,,https://www.ebay.com/itm/398121236921,1,CONFIRMED,,,,,,,,,,
Upper Control Arm Bushing Jeep Liberty February 2003 CRAB-056,FEBEST,,Suspension,UNCLASSIFIED,USED,NEW,OEM,29.35,USD,SAP-21906,398121236913,CRAB-056,CRAB-056,,,https://www.ebay.com/itm/398121236913,3,CONFIRMED,,,,,,,,,,
Front Fender Volkswagen Tiguan 2010 Used OEM 5N0821106A,Volkwagen,,Body,UNCLASSIFIED,USED,NEW,OEM,306.69,USD,VOL-TIG-0710-FD2-A,398121236905,5N0821106A,5N0821106A,,,https://www.ebay.com/itm/398121236905,1,CONFIRMED,,,,,,,,,,
Rear Shock Absorber Bushing FEBEST CITROEN MSB-060,FEBEST,,Suspension,UNCLASSIFIED,USED,NEW,OEM,86.72,USD,MSB-060,398121236847,MSB-060,MSB-060,,,https://www.ebay.com/itm/398121236847,2,NEEDS_REVIEW,,,,,,,,,,
Front Suspension Strut Bearing Ford Fiesta 2016 Used...,Ford,,Suspension,UNCLASSIFIED,USED,NEW,OEM,43.71,USD,FOR-FIE-0110-SU-H,398121236821,"",,,,https://www.ebay.com/itm/398121236821,1,CONFIRMED,,,,,,,,,,
Febest 2016-2022 Honda HR-V Rear Control Arm Bushing...,FEBEST,,Suspension,UNCLASSIFIED,USED,NEW,OEM,86.72,USD,GYAB-SX11B,398121236808,GYAB-SX11B,GYAB-SX11B,,,https://www.ebay.com/itm/398121236808,2,CONFIRMED,,,,,,,,,,
Vacuum Line Adapter Audi A6 Quattro 2011 Used OEM 2D0129737A,Audi,,General,UNCLASSIFIED,USED,NEW,OEM,43.92,USD,AUD-QUA-4094-EN-LL,398121236790,2D0129737A,2D0129737A,,,https://www.ebay.com/itm/398121236790,1,CONFIRMED,,,,,,,,,,
"Rear Bushing Febest, Front Control Arm TAB-099",FEBEST,,Suspension,UNCLASSIFIED,USED,NEW,OEM,28.71,USD,SAP-21992,398121236740,TAB-099,TAB-099,,,https://www.ebay.com/itm/398121236740,3,NEEDS_REVIEW,,,,,,,,,,
Windshield Washer Hose Toyota Corolla 2014-2019 Used OEM 9006833186,Toyota,,General,UNCLASSIFIED,USED,NEW,OEM,43.7,USD,SAPOP52-MT-272,398121236689,9006833186,9006833186,,,https://www.ebay.com/itm/398121236689,1,CONFIRMED,,,,,,,,,,
2008 Mazda Mazda6 Reverse Cover No. 3 OEM BP4K881G430 Used,Mazda,,General,UNCLASSIFIED,USED,NEW,OEM,52.45,USD,MAZ-MZ3-2088-ST2-RH,398121236675,BP4K881G430; MAZDA6,BP4K881G430,,,https://www.ebay.com/itm/398121236675,1,CONFIRMED,,,,,,,,,,
Coolant Overflow Hose Front Ford Fiesta 2016...,Ford,,General,UNCLASSIFIED,USED,NEW,OEM,43.71,USD,FOR-FIE-0110-CL-G,398121236646,"",,,,https://www.ebay.com/itm/398121236646,1,CONFIRMED,,,,,,,,,,
Differential Cover Locking Support Lexus IS 250 2007 Used OEM...,Lexus,,Transmission,UNCLASSIFIED,USED,NEW,OEM,52.48,USD,LEX-IS-1277-TK-B,398121236635,"",,,,https://www.ebay.com/itm/398121236635,1,CONFIRMED,,,,,,,,,,
Suspension Height Sensor Jaguar F Pace 2018 Used OEM...,Jaguar,,Suspension,UNCLASSIFIED,USED,NEW,OEM,87.41,USD,SAPOP24-SJ-222,398121236628,"",,,,https://www.ebay.com/itm/398121236628,1,NOT_VERIFIED,,,,,,,,,,
Rear Bushing Mazda 6 February 2003-2007 MZAB-037,FEBEST,,General,UNCLASSIFIED,USED,NEW,OEM,29.87,USD,SAP-18605,398121236624,MZAB-037,MZAB-037,,,https://www.ebay.com/itm/398121236624,3,CONFIRMED,,,,,,,,,,
Right Front Stabilizer Link Febest Mitsubishi 4056A134 0423-V97FR,FEBEST,,General,UNCLASSIFIED,USED,NEW,OEM,86.72,USD,0423-V97FR,398121236614,0423-V97FR; 4056A134,0423-V97FR,,,https://www.ebay.com/itm/398121236614,2,NEEDS_REVIEW,,,,,,,,,,
Front Fan Motor Ford Fiesta 2016 Used OEM AV1Z-19805-C,Ford,,Engine,UNCLASSIFIED,USED,NEW,OEM,113.66,USD,FOR-FIE-0110-AC-Y,398121236600,AV1Z-19805-C,AV1Z-19805-C,,,https://www.ebay.com/itm/398121236600,1,CONFIRMED,,,,,,,,,,
Parking Aid Sensor Jaguar XF 2017 Used OEM C2Z22810,Jaguar,,Electrical,UNCLASSIFIED,USED,NEW,OEM,52.45,USD,JAG-XF-9202-BP2-M,398121236596,C2Z22810,C2Z22810,,,https://www.ebay.com/itm/398121236596,1,CONFIRMED,,,,,,,,,,
Suspension Height Sensor Support BMW 335i 2009 Used OEM...,BMW,,Suspension,UNCLASSIFIED,USED,NEW,OEM,52.45,USD,BMW-35i-2687-SU-C,398121236565,"",,,,https://www.ebay.com/itm/398121236565,1,CONFIRMED,,,,,,,,,,
Stabilizer Link FEBEST 2003-2008 Mazda 6 0523-002,FEBEST,,General,UNCLASSIFIED,USED,NEW,OEM,86.72,USD,0523-002,398121236545,0523-002,0523-002,,,https://www.ebay.com/itm/398121236545,2,CONFIRMED,,,,,,,,,,
Febest 2013-2016 Scion FR-S Rear Control Arm Bushing SAB-017,FEBEST,,Suspension,UNCLASSIFIED,USED,NEW,OEM,86.72,USD,SAB-017,398121236542,SAB-017,SAB-017,,,https://www.ebay.com/itm/398121236542,2,CONFIRMED,,,,,,,,,,
2008 Porsche Cayenne S Fuel Injector High Pressure Collection Pipe...,Porsche,,General,UNCLASSIFIED,USED,NEW,OEM,52.45,USD,POR-CAY-9697-FL-F,398121236540,"",,,,https://www.ebay.com/itm/398121236540,1,CONFIRMED,,,,,,,,,,
Heat Shield Audi Q7 Prop Shaft 2007 Used OEM 7L0521443,Audi,,General,UNCLASSIFIED,USED,NEW,OEM,65.42,USD,AUD-Q7-8323-SU-BB,398121236465,7L0521443,7L0521443,,,https://www.ebay.com/itm/398121236465,1,CONFIRMED,,,,,,,,,,
Solar Sensor Dodge Charger 2013 Used OEM 55111276AA,Dodge,,Electrical,UNCLASSIFIED,USED,NEW,OEM,56.82,USD,DOG-CHG-3627-AC-T,398121236451,55111276AA,55111276AA,,,https://www.ebay.com/itm/398121236451,1,CONFIRMED,,,,,,,,,,
Front Door Lock Actuator Ford Fiesta 2016 Used OEM...,Ford,,Body,UNCLASSIFIED,USED,NEW,OEM,61.19,USD,FOR-FIE-0110-DR2-Q,398121236416,"",,,,https://www.ebay.com/itm/398121236416,1,CONFIRMED,,,,,,,,,,
Automatic Transmission Assembly MAZDA 3 2008 Used OEM FNK819090C,Mazda,,Transmission,UNCLASSIFIED,USED,NEW,OEM,786.87,USD,MAZ-MZ3-2088-TR-A,398121236334,FNK819090C,FNK819090C,,,https://www.ebay.com/itm/398121236334,1,CONFIRMED,,,,,,,,,,
Front Control Arm Rear Bushing Toyota Rush TAB-J210B February...,FEBEST,,Suspension,UNCLASSIFIED,USED,NEW,OEM,31.88,USD,SAP-15464,398121236297,TAB-J210B,TAB-J210B,,,https://www.ebay.com/itm/398121236297,3,NEEDS_REVIEW,,,,,,,,,,
Rear Stabilizer Link Febest Mitsubishi MR510319 0423-H77R,FEBEST,,General,UNCLASSIFIED,USED,NEW,OEM,86.72,USD,0423-H77R,398121236280,0423-H77R; MR510319,0423-H77R,,,https://www.ebay.com/itm/398121236280,2,NEEDS_REVIEW,,,,,,,,,,
Tow Hook Bushing FEBEST FORD FDAB-010,FEBEST,,General,UNCLASSIFIED,USED,NEW,OEM,34.16,USD,FDAB-010,398121236245,FDAB-010,FDAB-010,,,https://www.ebay.com/itm/398121236245,2,NEEDS_REVIEW,,,,,,,,,,
A-Pillar Reinforcement Body Volkswagen Tiguan 2010 Used OEM 5...,Volkwagen,,General,UNCLASSIFIED,USED,NEW,OEM,105.1,USD,VOL-TIG-0710-CH-U,398121236227,"",,,,https://www.ebay.com/itm/398121236227,1,CONFIRMED,,,,,,,,,,
Washing Machine Hose Volkswagen Tiguan Golf R 2010 Used OEM 1J0955964F,Volkwagen,,General,UNCLASSIFIED,USED,NEW,OEM,48.17,USD,VOL-TIG-0710-LT2-G,398121236202,1J0955964F,1J0955964F,,,https://www.ebay.com/itm/398121236202,1,CONFIRMED,,,,,,,,,,
Upper Rear Control Arm Bushing FEBEST HAB-154,FEBEST,,Suspension,UNCLASSIFIED,USED,NEW,OEM,86.72,USD,HAB-154,398121172433,HAB-154,HAB-154,,,https://www.ebay.com/itm/398121172433,2,NEEDS_REVIEW,,,,,,,,,,
Plastic Fill Hose BMW X5 50iX 2008 Used OEM 72177215250,BMW,,General,UNCLASSIFIED,USED,NEW,OEM,52.45,USD,BMW-X5-4619-FL-Q,398121172545,72177215250,72177215250,,,https://www.ebay.com/itm/398121172545,1,CONFIRMED,,,,,,,,,,
Steam Canister Jaguar F-Pace 2018 Used OEM T4A3266,Jaguar,,General,UNCLASSIFIED,USED,NEW,OEM,96.16,USD,SAPOP24-SJ-750,398121171996,T4A3266,T4A3266,,,https://www.ebay.com/itm/398121171996,1,CONFIRMED,,,,,,,,,,
Rear Knuckle Bushing Mitsubishi Galant MAB-114 February 2006-2012,FEBEST,,General,UNCLASSIFIED,USED,NEW,OEM,86.72,USD,MAB-114,398121172028,MAB-114,MAB-114,,,https://www.ebay.com/itm/398121172028,2,CONFIRMED,,,,,,,,,,
2007 Mercedes Benz C350 Lower Right Used OEM A2046100260,Mercedes,,General,UNCLASSIFIED,USED,NEW,OEM,261.7,USD,SAPOP44-SJ-580,398121171926,A2046100260,A2046100260,,,https://www.ebay.com/itm/398121171926,1,CONFIRMED,,,,,,,,,,
Valve Cover BMW X5 2008 Used OEM 11127563474,BMW,,General,UNCLASSIFIED,USED,NEW,OEM,157.65,USD,BMW-X5-4619-EN-O,398121172226,11127563474,11127563474,,,https://www.ebay.com/itm/398121172226,1,CONFIRMED,,,,,,,,,,
Automatic Transmission Oil Cooler Outlet Hose BMW 335i...,BMW,,Transmission,UNCLASSIFIED,USED,NEW,OEM,157.66,USD,BMW-35i-2687-CL-L,398121184222,"",,,,https://www.ebay.com/itm/398121184222,1,NEEDS_REVIEW,,,,,,,,,,
Used Brake Hose for Lexus LS460 2007 OEM 90947-02E69,Lexus,,Brakes,UNCLASSIFIED,USED,NEW,OEM,43.8,USD,LEX-LS-3145-BR-AA,398121185773,90947-02E69,90947-02E69,,,https://www.ebay.com/itm/398121185773,1,CONFIRMED,,,,,,,,,,
FEBEST Control Arm Bushing for 2003-2008 MAZDA 6 MZAB-084,FEBEST,,Suspension,UNCLASSIFIED,USED,NEW,OEM,86.72,USD,MZAB-084,398121193445,MZAB-084,MZAB-084,,,https://www.ebay.com/itm/398121193445,2,CONFIRMED,,,,,,,,,,
FEBEST Rear Leaf Spring Bushing for 2001-2013 NISSAN URVAN NAB-291,FEBEST,,Suspension,UNCLASSIFIED,USED,NEW,OEM,86.72,USD,NAB-291,398121192429,NAB-291,NAB-291,,,https://www.ebay.com/itm/398121192429,2,CONFIRMED,,,,,,,,,,
Front Stabilizer Link for Mitsubishi Lancer February 2002-2003 0423-001,FEBEST,,General,UNCLASSIFIED,USED,NEW,OEM,31.75,USD,SAP-15492,398121193093,0423-001,0423-001,,,https://www.ebay.com/itm/398121193093,3,CONFIRMED,,,,,,,,,,
Rear Control Arm Bushing for Mazda CX-7 February 2007-2012 MZAB-102,FEBEST,,Suspension,UNCLASSIFIED,USED,NEW,OEM,34.16,USD,MZAB-102,398121193229,MZAB-102,MZAB-102,,,https://www.ebay.com/itm/398121193229,2,CONFIRMED,,,,,,,,,,
Used Fuel Fill Hose for Ford Fiesta 2016 OEM AE8Z-9034-G,Ford,,General,UNCLASSIFIED,USED,NEW,OEM,139.89,USD,FOR-FIE-0110-FL-F,398121194281,AE8Z-9034-G,AE8Z-9034-G,,,https://www.ebay.com/itm/398121194281,1,CONFIRMED,,,,,,,,,,
Used Steering Column Control Module for Lexus LS460 2007 OEM 89...,Lexus,,Electrical,UNCLASSIFIED,USED,NEW,OEM,44.59,USD,LEX-LS-3145-DB-XXX,398121193402,"",,,,https://www.ebay.com/itm/398121193402,1,CONFIRMED,,,,,,,,,,
Used Pressure Line for Porsche Cayenne 2008 OEM 95535532551,Porsche,,General,UNCLASSIFIED,USED,NEW,OEM,70.07,USD,POR-CAY-9697-BR-U,398121193325,95535532551,95535532551,,,https://www.ebay.com/itm/398121193325,1,CONFIRMED,,,,,,,,,,
Used Ignition Noise Filter Capacitor for Dodge Charger 2013 O...,Dodge,,General,UNCLASSIFIED,USED,NEW,OEM,52.45,USD,DOG-CHG-3627-EN-OO,398121194258,"",,,,https://www.ebay.com/itm/398121194258,1,CONFIRMED,,,,,,,,,,
Used Right Front Fog Light for Lexus LS 460 2007 OEM 81211-50090,Lexus,,General,UNCLASSIFIED,USED,NEW,OEM,74.31,USD,LEX-LS-3145-LT2-J,398121193187,81211-50090,81211-50090,,,https://www.ebay.com/itm/398121193187,1,CONFIRMED,,,,,,,,,,
Used Fuel Return Line for BMW X5 2008 OEM 16127194257,BMW,,General,UNCLASSIFIED,USED,NEW,OEM,52.45,USD,BMW-X5-4619-FL-CC,398121191779,16127194257,16127194257,,,https://www.ebay.com/itm/398121191779,1,CONFIRMED,,,,,,,,,,
FEBEST Rear Control Arm Bushing for 2010-2016 Buick LaCrosse OPAB-007,FEBEST,,Suspension,UNCLASSIFIED,USED,NEW,OEM,86.72,USD,OPAB-007,398121194336,OPAB-007,OPAB-007,,,https://www.ebay.com/itm/398121194336,2,CONFIRMED,,,,,,,,,,
Used Brake Vacuum Hose for Jaguar F-Pace 2018 OEM JDE39040,Jaguar,,Brakes,UNCLASSIFIED,USED,NEW,OEM,52.45,USD,SAPOP24-SJ-138,398121192733,JDE39040,JDE39040,,,https://www.ebay.com/itm/398121192733,1,CONFIRMED,,,,,,,,,,
FEBEST Rear Bushing TAB-342,FEBEST,,General,UNCLASSIFIED,USED,NEW,OEM,34.08,USD,SAP-15575,398121193145,TAB-342,TAB-342,,,https://www.ebay.com/itm/398121193145,3,NEEDS_REVIEW,,,,,,,,,,
Front Stabilizer Link for Nissan Frontier February 2008 0123-NP300F,FEBEST,,General,UNCLASSIFIED,USED,NEW,OEM,31.67,USD,SAP-18649,398121192845,0123-NP300F,0123-NP300F,,,https://www.ebay.com/itm/398121192845,3,CONFIRMED,,,,,,,,,,
FEBEST Control Arm Bushing for 2004-2008 Chevrolet Optra CHAB-LAC1,FEBEST,,Suspension,UNCLASSIFIED,USED,NEW,OEM,86.72,USD,CHAB-LAC1,398121194096,CHAB-LAC1,CHAB-LAC1,,,https://www.ebay.com/itm/398121194096,2,CONFIRMED,,,,,,,,,,
Used Cigarette Lighter for Mazda3 2008 OEM BP4K66250,Mazda,,General,UNCLASSIFIED,USED,NEW,OEM,52.45,USD,MAZ-MZ3-2088-DB-T,398121193431,BP4K66250; MAZDA3,BP4K66250,,,https://www.ebay.com/itm/398121193431,1,CONFIRMED,,,,,,,,,,
FEBEST Bushing for 2017 Alfa Romeo 4C 2517P-C4,FEBEST,,General,UNCLASSIFIED,USED,NEW,OEM,42.92,USD,2517P-C4,398121192893,2517P-C4,2517P-C4,,,https://www.ebay.com/itm/398121192893,2,CONFIRMED,,,,,,,,,,
FEBEST Rear Differential Bushing for 2017 Renault Duster RNAB-006,FEBEST,,Transmission,UNCLASSIFIED,USED,NEW,OEM,86.72,USD,RNAB-006,398121191392,RNAB-006,RNAB-006,,,https://www.ebay.com/itm/398121191392,2,CONFIRMED,,,,,,,,,,
Left Front Stabilizer Link for Ford Explorer February 2011-2013 2123-...,FEBEST,,General,UNCLASSIFIED,USED,NEW,OEM,35.15,USD,SAP-22532,398121193266,2123-EXPFL,2123-EXPFL,,,https://www.ebay.com/itm/398121193266,3,CONFIRMED,,,,,,,,,,
FEBEST Control Arm Bushing for 2001-2003 Toyota Highlander,FEBEST,,Suspension,UNCLASSIFIED,USED,NEW,OEM,86.72,USD,TAB-056,398121192658,TAB-056,TAB-056,,,https://www.ebay.com/itm/398121192658,2,CONFIRMED,,,,,,,,,,
Used Air Intake Grille for BMW 740Li 2012 OEM 51117183870,BMW,,Body,UNCLASSIFIED,USED,NEW,OEM,39.34,USD,BMW-740-C576-BP3-B,398121193357,51117183870,51117183870,,,https://www.ebay.com/itm/398121193357,1,CONFIRMED,,,,,,,,,,
Used Wheel Hub for Audi Q7 2007 OEM 7L0501655B,Audi,,Wheels,UNCLASSIFIED,USED,NEW,OEM,102.07,USD,AUDI-Q7-1712-WHB-3,398121193360,7L0501655B,7L0501655B,,,https://www.ebay.com/itm/398121193360,1,CONFIRMED,,,,,,,,,,
Used Fuel Injector for Audi A6 Quattro 2011 OEM 06E906036Q,Audi,,General,UNCLASSIFIED,USED,NEW,OEM,44.69,USD,AUD-QUA-4094-EN-CCC,398121193728,06E906036Q,06E906036Q,,,https://www.ebay.com/itm/398121193728,1,CONFIRMED,,,,,,,,,,
Used Front Mud Flap for Audi Q7 2007 OEM 4L0821101,Audi,,General,UNCLASSIFIED,USED,NEW,OEM,332.53,USD,AUD-Q7-8323-FD-C,398121194189,4L0821101,4L0821101,,,https://www.ebay.com/itm/398121194189,1,CONFIRMED,,,,,,,,,,
Used Ignition Shock Sensor for Audi TT 2009 OEM 06E905377A,Audi,,Suspension,UNCLASSIFIED,USED,NEW,OEM,43.74,USD,AUD-TT-4018-EN-C,398121194286,06E905377A,06E905377A,,,https://www.ebay.com/itm/398121194286,1,CONFIRMED,,,,,,,,,,
Used Wheel Arch Trim for Volkswagen Tiguan 2010 OEM 5N0853718N,Volkwagen,,Wheels,UNCLASSIFIED,USED,NEW,OEM,91.96,USD,VOL-TIG-0710-CH-I,398121192460,5N0853718N,5N0853718N,,,https://www.ebay.com/itm/398121192460,1,CONFIRMED,,,,,,,,,,
Used Floor Duct for Jaguar XF 2017 T2H4911,Jaguar,,General,UNCLASSIFIED,USED,NEW,OEM,218.58,USD,JAG-XF-9202-DB-CCC,398121194659,T2H4911,T2H4911,,,https://www.ebay.com/itm/398121194659,1,CONFIRMED,,,,,,,,,,
Used Wheel Speed Sensor for Lexus LS460 IS F Abs 2007 OEM 89545-30070,Lexus,,Electrical,UNCLASSIFIED,USED,NEW,OEM,48.19,USD,LEX-LS-3145-BR-P,398121193005,89545-30070,89545-30070,,,https://www.ebay.com/itm/398121193005,1,CONFIRMED,,,,,,,,,,
Used Front Mud Flap for Mercedes-Benz GL-500 2008 OEM A1648800206,Mercedes-Benz,,General,UNCLASSIFIED,USED,NEW,OEM,306.47,USD,MRC-GL5-9750-FD2-A,398121195119,A1648800206; GL-500,A1648800206,,,https://www.ebay.com/itm/398121195119,1,NEEDS_REVIEW,,,,,,,,,,
FEBEST Rear Stabilizer Bushing for 2013 Lexus IS250 TSB-GSE30R,FEBEST,,General,UNCLASSIFIED,USED,NEW,OEM,34.16,USD,TSB-GSE30R,398121191801,TSB-GSE30R,TSB-GSE30R,,,https://www.ebay.com/itm/398121191801,2,CONFIRMED,,,,,,,,,,
FEBEST Control Arm Bushing for 1997-2002 Mazda 626 MZAB-023,FEBEST,,Suspension,UNCLASSIFIED,USED,NEW,OEM,86.72,USD,MZAB-023,398121191662,MZAB-023,MZAB-023,,,https://www.ebay.com/itm/398121191662,2,CONFIRMED,,,,,,,,,,
FEBEST Rear Control Arm Bushing for 2008-2023 Peugeot Partner,FEBEST,,Suspension,UNCLASSIFIED,USED,NEW,OEM,86.72,USD,PGAB-006,398121193956,PGAB-006,PGAB-006,,,https://www.ebay.com/itm/398121193956,2,CONFIRMED,,,,,,,,,,
Used Door Lock Button for BMW 335i 2009 OEM 51211805643,BMW,,Body,UNCLASSIFIED,USED,NEW,OEM,87.42,USD,BMW-35i-2687-DR2-J,398121193388,51211805643,51211805643,,,https://www.ebay.com/itm/398121193388,1,CONFIRMED,,,,,,,,,,
FEBEST Front Stabilizer Bar Bushing for 2000-2005 TOYOTA RAV4 TSB-205,FEBEST,,General,UNCLASSIFIED,USED,NEW,OEM,86.72,USD,TSB-205,398121192100,TSB-205,TSB-205,,,https://www.ebay.com/itm/398121192100,2,CONFIRMED,,,,,,,,,,
Used Suspension Stabilizer Bar for Porsche Cayenne S 2008 OEM 9553...,Porsche,,Suspension,UNCLASSIFIED,USED,NEW,OEM,52.55,USD,POR-CAY-9697-SU-K,398121192936,9553,9553,,,https://www.ebay.com/itm/398121192936,1,CONFIRMED,,,,,,,,,,
FEBEST 2001-2003 Toyota Prius Front Control Arm Bushing TAB...,FEBEST,,Suspension,UNCLASSIFIED,USED,NEW,OEM,86.72,USD,TAB-073,398121194305,TAB-073,TAB-073,,,https://www.ebay.com/itm/398121194305,2,CONFIRMED,,,,,,,,,,
FEBEST Rear Control Arm Bushing for TOYOTA 48725-22150 TAB-221,FEBEST,,Suspension,UNCLASSIFIED,USED,NEW,OEM,86.72,USD,TAB-221,398121193966,TAB-221,TAB-221,,,https://www.ebay.com/itm/398121193966,2,NEEDS_REVIEW,,,,,,,,,,
FEBEST BMW Front Stabilizer Bar Bushing Kit BMSHB-F10F-KIT,FEBEST,,General,UNCLASSIFIED,USED,NEW,OEM,42.92,USD,BMSHB-F10F-KIT,398121194248,BMSHB-F10F-KIT,BMSHB-F10F-KIT,,,https://www.ebay.com/itm/398121194248,2,NEEDS_REVIEW,,,,,,,,,,
Used Steering Column for Porsche Cayenne 2008 OEM 95534700717,Porsche,,General,UNCLASSIFIED,USED,NEW,OEM,324.54,USD,POR-CAY-9697-DB-N,398121195009,95534700717,95534700717,,,https://www.ebay.com/itm/398121195009,1,CONFIRMED,,,,,,,,,,
FEBEST Rear Control Arm Bushing for TOYOTA 48710-0R050 TAB-731,FEBEST,,Suspension,UNCLASSIFIED,USED,NEW,OEM,31.34,USD,SAP-21822,398121193327,TAB-731; 48710-0R050,TAB-731,,,https://www.ebay.com/itm/398121193327,3,NEEDS_REVIEW,,,,,,,,,,
